atm_id,bank_id,state,district,area,area_id,latitude,longitude,atm_type,is_24x7
ATM00001,BANK002,Tamil Nadu,Vellore,Sathuvachari,AREA0037,12.929275,79.133935,BANK_BRANCH_ATM,1
ATM00002,BANK005,Andhra Pradesh,Guntur,Brodipet,AREA0161,16.322135,80.449247,STANDALONE_ATM,1
ATM00003,BANK004,Tamil Nadu,Dindigul,Natham Road,AREA0050,10.348981,77.979605,STANDALONE_ATM,1
ATM00004,BANK002,Andhra Pradesh,Kakinada,Ramanayyapeta,AREA0188,16.998922,82.249106,PETROL_STATION_ATM,0
ATM00005,BANK002,Kerala,Kottayam,Kanjikuzhi,AREA0141,9.59696,76.519641,PETROL_STATION_ATM,1
ATM00006,BANK007,Andhra Pradesh,Kakinada,Ramanayyapeta,AREA0188,17.002649,82.246535,BANK_BRANCH_ATM,1
ATM00007,BANK001,Karnataka,Mangaluru,Kottara,AREA0063,12.897238,74.862012,BANK_BRANCH_ATM,0
ATM00008,BANK004,Tamil Nadu,Tiruchirappalli,Srirangam,AREA0016,10.77799,78.720035,STANDALONE_ATM,1
ATM00009,BANK001,Tamil Nadu,Madurai,Mattuthavani,AREA0013,9.930151,78.096644,PETROL_STATION_ATM,1
ATM00010,BANK004,Karnataka,Mangaluru,Kottara,AREA0063,12.924513,74.859396,PETROL_STATION_ATM,1
ATM00011,BANK007,Tamil Nadu,Dindigul,Nagal Nagar,AREA0046,10.375861,77.980864,STANDALONE_ATM,1
ATM00012,BANK008,Andhra Pradesh,Anantapur,Rudrampeta,AREA0200,14.696578,77.592399,PETROL_STATION_ATM,1
ATM00013,BANK005,Karnataka,Ballari,Gandhinagar,AREA0096,15.150438,76.925166,BANK_BRANCH_ATM,1
ATM00014,BANK003,Andhra Pradesh,Visakhapatnam,MVP Colony,AREA0154,17.666618,83.197397,TRANSIT_ATM,1
ATM00015,BANK006,Tamil Nadu,Dindigul,Begampur,AREA0047,10.363696,77.970643,SHOPPING_MALL_ATM,1
ATM00016,BANK003,Karnataka,Mysuru,Kuvempunagar,AREA0058,12.272596,76.624911,STANDALONE_ATM,1
ATM00017,BANK006,Tamil Nadu,Thanjavur,Karanthai,AREA0043,10.785011,79.127893,BANK_BRANCH_ATM,1
ATM00018,BANK002,Andhra Pradesh,Kakinada,Ramanayyapeta,AREA0188,17.016817,82.239533,TRANSIT_ATM,0
ATM00019,BANK002,Andhra Pradesh,Anantapur,Aravind Nagar,AREA0198,14.695905,77.620053,SHOPPING_MALL_ATM,1
ATM00020,BANK006,Tamil Nadu,Dindigul,Nagal Nagar,AREA0046,10.36109,77.973113,PETROL_STATION_ATM,0
ATM00021,BANK005,Andhra Pradesh,Vijayawada,Benz Circle,AREA0156,16.500248,80.645983,BANK_BRANCH_ATM,1
ATM00022,BANK008,Andhra Pradesh,Kurnool,Ashok Nagar,AREA0178,15.823619,78.023217,PETROL_STATION_ATM,1
ATM00023,BANK002,Kerala,Palakkad,Chandranagar,AREA0140,10.790823,76.650281,TRANSIT_ATM,0
ATM00024,BANK002,Tamil Nadu,Thanjavur,Palliagraharam,AREA0044,10.815289,79.149054,PETROL_STATION_ATM,1
ATM00025,BANK005,Tamil Nadu,Tiruchirappalli,Cantonment,AREA0019,10.78615,78.711706,PETROL_STATION_ATM,0
ATM00026,BANK006,Andhra Pradesh,Kurnool,Bellary Road,AREA0179,15.834622,78.050303,PETROL_STATION_ATM,1
ATM00027,BANK004,Tamil Nadu,Tiruchirappalli,Woraiyur,AREA0018,10.769517,78.689612,BANK_BRANCH_ATM,1
ATM00028,BANK001,Kerala,Malappuram,Kottakkal,AREA0146,11.040909,76.071001,STANDALONE_ATM,0
ATM00029,BANK005,Kerala,Palakkad,Puthur,AREA0138,10.74493,76.644357,BANK_BRANCH_ATM,1
ATM00030,BANK004,Andhra Pradesh,Guntur,Gorantla,AREA0165,16.322586,80.422918,BANK_BRANCH_ATM,1
ATM00031,BANK007,Karnataka,Bengaluru Urban,Indiranagar,AREA0052,12.97448,77.598267,SHOPPING_MALL_ATM,1
ATM00032,BANK008,Andhra Pradesh,Tirupati,Korlagunta,AREA0170,13.633667,79.42778,SHOPPING_MALL_ATM,1
ATM00033,BANK003,Kerala,Kottayam,Kanjikuzhi,AREA0141,9.603702,76.54058,SHOPPING_MALL_ATM,1
ATM00034,BANK006,Tamil Nadu,Erode,Surampatti,AREA0032,11.336556,77.707197,STANDALONE_ATM,1
ATM00035,BANK005,Tamil Nadu,Erode,Veerappanchatram,AREA0033,11.346019,77.722005,BANK_BRANCH_ATM,1
ATM00036,BANK003,Tamil Nadu,Chennai,T Nagar,AREA0002,13.092513,80.252827,PETROL_STATION_ATM,1
ATM00037,BANK004,Kerala,Alappuzha,Alappuzha Beach,AREA0127,9.50714,76.322597,STANDALONE_ATM,1
ATM00038,BANK008,Andhra Pradesh,Vijayawada,Benz Circle,AREA0156,16.509399,80.643183,TRANSIT_ATM,1
ATM00039,BANK005,Andhra Pradesh,Kadapa,Nagarajupet,AREA0192,14.481908,78.806802,PETROL_STATION_ATM,1
ATM00040,BANK004,Tamil Nadu,Salem,Fairlands,AREA0021,11.666407,78.150902,SHOPPING_MALL_ATM,0
ATM00041,BANK001,Karnataka,Mysuru,Saraswathipuram,AREA0059,12.291445,76.641496,STANDALONE_ATM,1
ATM00042,BANK001,Karnataka,Hubballi,Keshwapur,AREA0068,15.358938,75.125534,SHOPPING_MALL_ATM,1
ATM00043,BANK007,Andhra Pradesh,Kadapa,RTC Colony,AREA0194,14.471805,78.81779,SHOPPING_MALL_ATM,0
ATM00044,BANK002,Tamil Nadu,Chennai,Guindy,AREA0004,13.081128,80.246277,STANDALONE_ATM,1
ATM00045,BANK006,Kerala,Palakkad,Puthur,AREA0138,10.766288,76.649922,STANDALONE_ATM,1
ATM00046,BANK008,Karnataka,Kalaburagi,Sedam Road,AREA0086,17.314942,76.832167,TRANSIT_ATM,1
ATM00047,BANK008,Kerala,Palakkad,Chandranagar,AREA0140,10.800162,76.670527,STANDALONE_ATM,1
ATM00048,BANK005,Andhra Pradesh,Kakinada,Bhanugudi,AREA0189,16.986431,82.233736,STANDALONE_ATM,1
ATM00049,BANK004,Karnataka,Tumakuru,Tumkur University Area,AREA0084,13.324473,77.120922,PETROL_STATION_ATM,1
ATM00050,BANK005,Andhra Pradesh,Anantapur,Ramachandra Nagar,AREA0197,14.692675,77.598121,PETROL_STATION_ATM,0
ATM00051,BANK007,Tamil Nadu,Thanjavur,New Bus Stand,AREA0042,10.78789,79.135047,PETROL_STATION_ATM,1
ATM00052,BANK007,Andhra Pradesh,Nellore,Dargamitta,AREA0173,14.448666,79.986153,SHOPPING_MALL_ATM,0
ATM00053,BANK004,Andhra Pradesh,Nellore,Vedayapalem,AREA0174,14.451093,79.99517,STANDALONE_ATM,1
ATM00054,BANK008,Andhra Pradesh,Visakhapatnam,Gajuwaka,AREA0152,17.675468,83.222379,BANK_BRANCH_ATM,0
ATM00055,BANK001,Andhra Pradesh,Rajamahendravaram,Dowleswaram,AREA0184,17.00409,81.789897,BANK_BRANCH_ATM,1
ATM00056,BANK003,Tamil Nadu,Salem,Suramangalam,AREA0024,11.6688,78.136911,STANDALONE_ATM,1
ATM00057,BANK007,Tamil Nadu,Vellore,Vellore Fort,AREA0040,12.90761,79.132329,PETROL_STATION_ATM,1
ATM00058,BANK002,Karnataka,Bengaluru Urban,Koramangala,AREA0053,12.963985,77.606549,TRANSIT_ATM,1
ATM00059,BANK007,Tamil Nadu,Chennai,T Nagar,AREA0002,13.080624,80.262442,PETROL_STATION_ATM,1
ATM00060,BANK008,Kerala,Thrissur,West Fort,AREA0120,10.539882,76.201276,PETROL_STATION_ATM,1
ATM00061,BANK005,Andhra Pradesh,Vijayawada,Benz Circle,AREA0156,16.50591,80.641148,PETROL_STATION_ATM,0
ATM00062,BANK001,Tamil Nadu,Dindigul,RM Colony,AREA0048,10.396124,77.980029,BANK_BRANCH_ATM,1
ATM00063,BANK005,Kerala,Kozhikode,Nadakkavu,AREA0111,11.248284,75.780852,SHOPPING_MALL_ATM,1
ATM00064,BANK002,Tamil Nadu,Coimbatore,RS Puram,AREA0007,11.014652,76.947017,SHOPPING_MALL_ATM,0
ATM00065,BANK007,Kerala,Kozhikode,Kallai,AREA0113,11.270667,75.78788,STANDALONE_ATM,0
ATM00066,BANK008,Tamil Nadu,Erode,Teachers Colony,AREA0034,11.344306,77.707617,BANK_BRANCH_ATM,1
ATM00067,BANK005,Tamil Nadu,Coimbatore,Gandhipuram,AREA0006,11.038544,76.960095,PETROL_STATION_ATM,1
ATM00068,BANK003,Kerala,Kottayam,Changanassery,AREA0144,9.584646,76.535268,PETROL_STATION_ATM,1
ATM00069,BANK002,Tamil Nadu,Tiruchirappalli,Thillai Nagar,AREA0017,10.791874,78.716102,SHOPPING_MALL_ATM,1
ATM00070,BANK004,Karnataka,Kalaburagi,Shah Bazar,AREA0090,17.334516,76.86049,STANDALONE_ATM,1
ATM00071,BANK006,Tamil Nadu,Tiruchirappalli,Thillai Nagar,AREA0017,10.778121,78.698348,STANDALONE_ATM,1
ATM00072,BANK001,Kerala,Kannur,Pallikkunnu,AREA0132,11.91008,75.36924,PETROL_STATION_ATM,1
ATM00073,BANK006,Tamil Nadu,Thanjavur,Old Town,AREA0045,10.773466,79.144571,TRANSIT_ATM,1
ATM00074,BANK001,Tamil Nadu,Madurai,Tallakulam,AREA0015,9.938293,78.118471,BANK_BRANCH_ATM,1
ATM00075,BANK006,Kerala,Malappuram,Tirur,AREA0149,11.028628,76.060281,SHOPPING_MALL_ATM,1
ATM00076,BANK004,Andhra Pradesh,Anantapur,Aravind Nagar,AREA0198,14.663158,77.624621,BANK_BRANCH_ATM,1
ATM00077,BANK004,Karnataka,Ballari,Cowl Bazaar,AREA0097,15.119805,76.914527,PETROL_STATION_ATM,1
ATM00078,BANK002,Andhra Pradesh,Rajamahendravaram,Aryapuram,AREA0183,16.995494,81.768954,BANK_BRANCH_ATM,1
ATM00079,BANK008,Kerala,Malappuram,Manjeri,AREA0147,11.05582,76.062873,BANK_BRANCH_ATM,1
ATM00080,BANK003,Tamil Nadu,Vellore,Katpadi,AREA0036,12.920386,79.129002,STANDALONE_ATM,1
ATM00081,BANK008,Tamil Nadu,Dindigul,Palani Road,AREA0049,10.365419,77.993049,PETROL_STATION_ATM,1
ATM00082,BANK003,Karnataka,Belagavi,Tilakwadi,AREA0071,15.835833,74.501531,SHOPPING_MALL_ATM,1
ATM00083,BANK007,Andhra Pradesh,Kadapa,RTC Colony,AREA0194,14.477088,78.809151,STANDALONE_ATM,1
ATM00084,BANK004,Andhra Pradesh,Visakhapatnam,Seethammadhara,AREA0155,17.668129,83.215231,SHOPPING_MALL_ATM,0
ATM00085,BANK007,Tamil Nadu,Erode,Teachers Colony,AREA0034,11.315858,77.72025,SHOPPING_MALL_ATM,1
ATM00086,BANK008,Karnataka,Kalaburagi,Sedam Road,AREA0086,17.337487,76.817596,PETROL_STATION_ATM,1
ATM00087,BANK008,Tamil Nadu,Erode,Teachers Colony,AREA0034,11.351165,77.73187,BANK_BRANCH_ATM,1
ATM00088,BANK004,Andhra Pradesh,Tirupati,Korlagunta,AREA0170,13.633152,79.434785,STANDALONE_ATM,1
ATM00089,BANK002,Tamil Nadu,Thanjavur,Medical College Road,AREA0041,10.783077,79.131189,SHOPPING_MALL_ATM,0
ATM00090,BANK001,Kerala,Thiruvananthapuram,Kesavadasapuram,AREA0105,8.522529,76.924181,PETROL_STATION_ATM,1
ATM00091,BANK004,Karnataka,Mangaluru,Kadri,AREA0062,12.907035,74.856112,PETROL_STATION_ATM,0
ATM00092,BANK004,Andhra Pradesh,Anantapur,Ramachandra Nagar,AREA0197,14.683572,77.60603,BANK_BRANCH_ATM,1
ATM00093,BANK002,Karnataka,Udupi,Manipal,AREA0091,13.315689,74.777353,BANK_BRANCH_ATM,1
ATM00094,BANK004,Tamil Nadu,Tirunelveli,Perumalpuram,AREA0028,8.702638,77.764431,BANK_BRANCH_ATM,1
ATM00095,BANK001,Andhra Pradesh,Kadapa,RTC Colony,AREA0194,14.470719,78.816291,SHOPPING_MALL_ATM,1
ATM00096,BANK002,Andhra Pradesh,Nellore,Vedayapalem,AREA0174,14.449167,79.975494,PETROL_STATION_ATM,1
ATM00097,BANK004,Andhra Pradesh,Kakinada,Ramanayyapeta,AREA0188,16.988729,82.271541,SHOPPING_MALL_ATM,1
ATM00098,BANK008,Andhra Pradesh,Nellore,Vedayapalem,AREA0174,14.437213,79.98731,STANDALONE_ATM,1
ATM00099,BANK003,Kerala,Palakkad,Shoranur Road,AREA0139,10.77378,76.662821,PETROL_STATION_ATM,1
ATM00100,BANK008,Karnataka,Shivamogga,BH Road,AREA0079,13.92064,75.57166,STANDALONE_ATM,1
ATM00101,BANK008,Andhra Pradesh,Anantapur,Rudrampeta,AREA0200,14.693962,77.597571,TRANSIT_ATM,1
ATM00102,BANK004,Kerala,Kozhikode,Kallai,AREA0113,11.265573,75.784667,BANK_BRANCH_ATM,1
ATM00103,BANK002,Karnataka,Mangaluru,Surathkal,AREA0065,12.926663,74.862839,TRANSIT_ATM,1
ATM00104,BANK006,Andhra Pradesh,Vijayawada,Poranki,AREA0160,16.521677,80.644863,TRANSIT_ATM,0
ATM00105,BANK007,Kerala,Ernakulam,Kaloor,AREA0108,9.966264,76.280175,TRANSIT_ATM,1
ATM00106,BANK001,Karnataka,Shivamogga,Vinoba Nagar,AREA0077,13.911267,75.564458,BANK_BRANCH_ATM,1
ATM00107,BANK001,Tamil Nadu,Thanjavur,Old Town,AREA0045,10.789036,79.129399,TRANSIT_ATM,1
ATM00108,BANK006,Kerala,Kollam,Kadappakada,AREA0124,8.866211,76.605904,BANK_BRANCH_ATM,1
ATM00109,BANK004,Kerala,Thiruvananthapuram,Vazhuthacaud,AREA0103,8.518649,76.936361,STANDALONE_ATM,1
ATM00110,BANK004,Karnataka,Shivamogga,Gandhi Nagar,AREA0076,13.947245,75.546211,PETROL_STATION_ATM,1
ATM00111,BANK008,Kerala,Kollam,Karunagappally,AREA0122,8.90136,76.621006,STANDALONE_ATM,1
ATM00112,BANK007,Andhra Pradesh,Kakinada,Suryaraopeta,AREA0190,16.986068,82.252205,STANDALONE_ATM,1
ATM00113,BANK005,Tamil Nadu,Madurai,Mattuthavani,AREA0013,9.922933,78.126437,TRANSIT_ATM,0
ATM00114,BANK004,Karnataka,Ballari,Cowl Bazaar,AREA0097,15.128953,76.909589,BANK_BRANCH_ATM,1
ATM00115,BANK008,Andhra Pradesh,Guntur,Brodipet,AREA0161,16.283755,80.441262,PETROL_STATION_ATM,1
ATM00116,BANK002,Kerala,Kottayam,Changanassery,AREA0144,9.58436,76.503158,BANK_BRANCH_ATM,0
ATM00117,BANK001,Tamil Nadu,Vellore,Sathuvachari,AREA0037,12.90487,79.139112,BANK_BRANCH_ATM,1
ATM00118,BANK004,Kerala,Kottayam,Kodimatha,AREA0143,9.593526,76.510953,STANDALONE_ATM,1
ATM00119,BANK007,Andhra Pradesh,Kadapa,Nagarajupet,AREA0192,14.484169,78.823198,TRANSIT_ATM,1
ATM00120,BANK008,Tamil Nadu,Coimbatore,Saibaba Colony,AREA0009,11.022464,76.957471,STANDALONE_ATM,1
ATM00121,BANK007,Andhra Pradesh,Guntur,Nallapadu,AREA0164,16.303293,80.441314,BANK_BRANCH_ATM,0
ATM00122,BANK003,Kerala,Kollam,Karunagappally,AREA0122,8.906993,76.610489,TRANSIT_ATM,1
ATM00123,BANK001,Karnataka,Hubballi,Navanagar,AREA0070,15.373666,75.11559,TRANSIT_ATM,1
ATM00124,BANK005,Andhra Pradesh,Guntur,Gorantla,AREA0165,16.328535,80.426562,TRANSIT_ATM,0
ATM00125,BANK005,Kerala,Kollam,Asramam,AREA0125,8.919872,76.599246,TRANSIT_ATM,0
ATM00126,BANK008,Kerala,Malappuram,Perinthalmanna,AREA0148,11.046751,76.076542,STANDALONE_ATM,0
ATM00127,BANK004,Tamil Nadu,Chennai,Adyar,AREA0005,13.097395,80.290181,SHOPPING_MALL_ATM,1
ATM00128,BANK004,Tamil Nadu,Dindigul,Nagal Nagar,AREA0046,10.384814,77.960076,BANK_BRANCH_ATM,1
ATM00129,BANK001,Andhra Pradesh,Anantapur,Aravind Nagar,AREA0198,14.686875,77.591332,SHOPPING_MALL_ATM,1
ATM00130,BANK001,Karnataka,Kalaburagi,Sedam Road,AREA0086,17.341417,76.847549,BANK_BRANCH_ATM,1
ATM00131,BANK008,Tamil Nadu,Tirunelveli,Palayamkottai,AREA0026,8.717532,77.75029,PETROL_STATION_ATM,1
ATM00132,BANK003,Karnataka,Bengaluru Urban,Electronic City,AREA0054,12.958391,77.586064,BANK_BRANCH_ATM,1
ATM00133,BANK002,Tamil Nadu,Madurai,Thirunagar,AREA0014,9.916092,78.120202,STANDALONE_ATM,1
ATM00134,BANK002,Tamil Nadu,Dindigul,Nagal Nagar,AREA0046,10.379673,77.981603,PETROL_STATION_ATM,1
ATM00135,BANK002,Kerala,Ernakulam,Kakkanad,AREA0106,9.967529,76.285098,STANDALONE_ATM,1
ATM00136,BANK007,Andhra Pradesh,Anantapur,RTC Colony,AREA0199,14.69024,77.623959,BANK_BRANCH_ATM,1
ATM00137,BANK004,Karnataka,Udupi,Kinnimulki,AREA0093,13.342057,74.733929,PETROL_STATION_ATM,1
ATM00138,BANK001,Tamil Nadu,Erode,Karungalpalayam,AREA0035,11.329112,77.724753,PETROL_STATION_ATM,1
ATM00139,BANK002,Tamil Nadu,Tiruchirappalli,KK Nagar,AREA0020,10.809502,78.701019,TRANSIT_ATM,1
ATM00140,BANK006,Kerala,Kannur,Chovva,AREA0133,11.868093,75.353514,SHOPPING_MALL_ATM,0
ATM00141,BANK004,Andhra Pradesh,Anantapur,RTC Colony,AREA0199,14.682776,77.609961,SHOPPING_MALL_ATM,1
ATM00142,BANK004,Kerala,Thiruvananthapuram,Kowdiar,AREA0104,8.51511,76.939304,SHOPPING_MALL_ATM,1
ATM00143,BANK007,Tamil Nadu,Tirunelveli,Palayamkottai,AREA0026,8.719945,77.763689,STANDALONE_ATM,1
ATM00144,BANK005,Tamil Nadu,Coimbatore,RS Puram,AREA0007,11.003953,76.945123,TRANSIT_ATM,1
ATM00145,BANK006,Tamil Nadu,Tiruchirappalli,Woraiyur,AREA0018,10.791546,78.713197,BANK_BRANCH_ATM,1
ATM00146,BANK001,Karnataka,Shivamogga,BH Road,AREA0079,13.955769,75.554523,TRANSIT_ATM,1
ATM00147,BANK002,Andhra Pradesh,Rajamahendravaram,Dowleswaram,AREA0184,16.992116,81.783981,BANK_BRANCH_ATM,1
ATM00148,BANK004,Tamil Nadu,Thanjavur,New Bus Stand,AREA0042,10.781737,79.151796,PETROL_STATION_ATM,1
ATM00149,BANK005,Andhra Pradesh,Nellore,Vedayapalem,AREA0174,14.449421,79.993695,STANDALONE_ATM,1
ATM00150,BANK006,Tamil Nadu,Tiruchirappalli,Thillai Nagar,AREA0017,10.776245,78.700464,BANK_BRANCH_ATM,1
ATM00151,BANK004,Karnataka,Hubballi,Keshwapur,AREA0068,15.365306,75.126046,SHOPPING_MALL_ATM,1
ATM00152,BANK005,Tamil Nadu,Tirunelveli,Vannarpettai,AREA0027,8.743479,77.753098,STANDALONE_ATM,1
ATM00153,BANK008,Tamil Nadu,Erode,Karungalpalayam,AREA0035,11.310691,77.717967,PETROL_STATION_ATM,0
ATM00154,BANK005,Karnataka,Belagavi,Sadashiv Nagar,AREA0073,15.855793,74.498348,PETROL_STATION_ATM,1
ATM00155,BANK001,Karnataka,Mangaluru,Hampankatta,AREA0061,12.879441,74.859519,PETROL_STATION_ATM,0
ATM00156,BANK005,Kerala,Alappuzha,Kalavoor,AREA0128,9.504581,76.32341,BANK_BRANCH_ATM,1
ATM00157,BANK003,Tamil Nadu,Erode,Perundurai Road,AREA0031,11.332736,77.716448,SHOPPING_MALL_ATM,1
ATM00158,BANK002,Tamil Nadu,Madurai,Anna Nagar,AREA0012,9.918436,78.114869,BANK_BRANCH_ATM,0
ATM00159,BANK003,Karnataka,Mysuru,Saraswathipuram,AREA0059,12.299429,76.631865,SHOPPING_MALL_ATM,0
ATM00160,BANK005,Kerala,Thiruvananthapuram,Kazhakootam,AREA0102,8.505688,76.947549,PETROL_STATION_ATM,1
ATM00161,BANK004,Kerala,Thiruvananthapuram,Kesavadasapuram,AREA0105,8.511572,76.934092,SHOPPING_MALL_ATM,1
ATM00162,BANK004,Karnataka,Kalaburagi,Shah Bazar,AREA0090,17.323615,76.820247,SHOPPING_MALL_ATM,1
ATM00163,BANK008,Andhra Pradesh,Tirupati,Renigunta Road,AREA0166,13.639344,79.428346,SHOPPING_MALL_ATM,0
ATM00164,BANK001,Karnataka,Tumakuru,Ashok Nagar,AREA0083,13.334501,77.100818,BANK_BRANCH_ATM,1
ATM00165,BANK007,Andhra Pradesh,Visakhapatnam,Gajuwaka,AREA0152,17.688106,83.205076,SHOPPING_MALL_ATM,0
ATM00166,BANK001,Tamil Nadu,Chennai,Velachery,AREA0003,13.070771,80.270329,BANK_BRANCH_ATM,1
ATM00167,BANK006,Karnataka,Udupi,Manipal,AREA0091,13.326583,74.741619,STANDALONE_ATM,1
ATM00168,BANK005,Kerala,Malappuram,Perinthalmanna,AREA0148,11.023368,76.065761,STANDALONE_ATM,1
ATM00169,BANK008,Karnataka,Udupi,Brahmagiri,AREA0092,13.344319,74.744585,PETROL_STATION_ATM,1
ATM00170,BANK007,Andhra Pradesh,Vijayawada,Moghalrajpuram,AREA0157,16.519908,80.63455,PETROL_STATION_ATM,1
ATM00171,BANK001,Tamil Nadu,Dindigul,Natham Road,AREA0050,10.36624,77.991356,BANK_BRANCH_ATM,1
ATM00172,BANK002,Kerala,Kannur,Pallikkunnu,AREA0132,11.877819,75.379994,STANDALONE_ATM,1
ATM00173,BANK001,Tamil Nadu,Madurai,Thirunagar,AREA0014,9.910905,78.120552,SHOPPING_MALL_ATM,1
ATM00174,BANK003,Kerala,Thiruvananthapuram,Kazhakootam,AREA0102,8.521352,76.937681,TRANSIT_ATM,0
ATM00175,BANK003,Kerala,Kottayam,Changanassery,AREA0144,9.58197,76.537786,BANK_BRANCH_ATM,1
ATM00176,BANK005,Karnataka,Hubballi,Old Hubballi,AREA0069,15.372863,75.137894,SHOPPING_MALL_ATM,0
ATM00177,BANK001,Tamil Nadu,Erode,Karungalpalayam,AREA0035,11.344391,77.708706,SHOPPING_MALL_ATM,1
ATM00178,BANK004,Karnataka,Bengaluru Urban,Indiranagar,AREA0052,12.978886,77.610334,STANDALONE_ATM,1
ATM00179,BANK002,Tamil Nadu,Thanjavur,Medical College Road,AREA0041,10.790374,79.126693,SHOPPING_MALL_ATM,1
ATM00180,BANK007,Kerala,Alappuzha,Punnamada,AREA0129,9.4911,76.339263,PETROL_STATION_ATM,1
ATM00181,BANK003,Andhra Pradesh,Vijayawada,Poranki,AREA0160,16.523667,80.669591,STANDALONE_ATM,1
ATM00182,BANK003,Andhra Pradesh,Guntur,Arundelpet,AREA0162,16.296455,80.440811,STANDALONE_ATM,1
ATM00183,BANK007,Andhra Pradesh,Kakinada,Sarpavaram,AREA0186,16.981963,82.232124,BANK_BRANCH_ATM,1
ATM00184,BANK003,Karnataka,Kalaburagi,Gulbarga University Area,AREA0088,17.336653,76.836072,SHOPPING_MALL_ATM,0
ATM00185,BANK007,Tamil Nadu,Salem,Alagapuram,AREA0025,11.666826,78.144025,STANDALONE_ATM,1
ATM00186,BANK005,Karnataka,Mysuru,Vijayanagar,AREA0056,12.29945,76.642591,STANDALONE_ATM,1
ATM00187,BANK002,Andhra Pradesh,Rajamahendravaram,Dowleswaram,AREA0184,16.999151,81.774236,TRANSIT_ATM,1
ATM00188,BANK001,Andhra Pradesh,Tirupati,MR Palli,AREA0169,13.639463,79.428013,TRANSIT_ATM,1
ATM00189,BANK004,Tamil Nadu,Vellore,Katpadi,AREA0036,12.920415,79.132864,STANDALONE_ATM,1
ATM00190,BANK008,Tamil Nadu,Coimbatore,Saibaba Colony,AREA0009,11.015668,76.954769,SHOPPING_MALL_ATM,1
ATM00191,BANK005,Andhra Pradesh,Guntur,Nallapadu,AREA0164,16.307066,80.418597,STANDALONE_ATM,1
ATM00192,BANK004,Kerala,Malappuram,Manjeri,AREA0147,11.078605,76.084005,BANK_BRANCH_ATM,1
ATM00193,BANK004,Karnataka,Mysuru,Kuvempunagar,AREA0058,12.317537,76.646883,TRANSIT_ATM,1
ATM00194,BANK006,Kerala,Alappuzha,Alappuzha Beach,AREA0127,9.490631,76.344537,SHOPPING_MALL_ATM,1
ATM00195,BANK002,Tamil Nadu,Chennai,T Nagar,AREA0002,13.092641,80.259579,SHOPPING_MALL_ATM,1
ATM00196,BANK006,Tamil Nadu,Tiruchirappalli,KK Nagar,AREA0020,10.805956,78.699626,PETROL_STATION_ATM,0
ATM00197,BANK007,Kerala,Ernakulam,Aluva,AREA0110,9.990238,76.317258,PETROL_STATION_ATM,0
ATM00198,BANK006,Karnataka,Belagavi,Tilakwadi,AREA0071,15.853036,74.515158,BANK_BRANCH_ATM,0
ATM00199,BANK002,Andhra Pradesh,Visakhapatnam,Gajuwaka,AREA0152,17.669402,83.205224,SHOPPING_MALL_ATM,0
ATM00200,BANK003,Karnataka,Mysuru,Nazarbad,AREA0060,12.285994,76.614271,PETROL_STATION_ATM,1
ATM00201,BANK005,Andhra Pradesh,Kurnool,Ashok Nagar,AREA0178,15.807714,78.054786,BANK_BRANCH_ATM,1
ATM00202,BANK002,Kerala,Palakkad,Chandranagar,AREA0140,10.800699,76.647924,PETROL_STATION_ATM,0
ATM00203,BANK007,Kerala,Thrissur,Ayyanthole,AREA0117,10.554171,76.210848,SHOPPING_MALL_ATM,0
ATM00204,BANK006,Kerala,Thrissur,Punkunnam,AREA0116,10.549936,76.237039,TRANSIT_ATM,1
ATM00205,BANK002,Kerala,Palakkad,Olavakkode,AREA0136,10.779203,76.664734,TRANSIT_ATM,1
ATM00206,BANK004,Karnataka,Ballari,Cantonment,AREA0099,15.152791,76.913609,SHOPPING_MALL_ATM,1
ATM00207,BANK001,Andhra Pradesh,Vijayawada,Governorpet,AREA0158,16.472917,80.657611,TRANSIT_ATM,0
ATM00208,BANK001,Karnataka,Mangaluru,Surathkal,AREA0065,12.903981,74.854377,PETROL_STATION_ATM,0
ATM00209,BANK004,Kerala,Thrissur,Koorkenchery,AREA0119,10.529878,76.221321,SHOPPING_MALL_ATM,1
ATM00210,BANK007,Kerala,Alappuzha,Alappuzha Beach,AREA0127,9.493905,76.34194,BANK_BRANCH_ATM,1
ATM00211,BANK006,Andhra Pradesh,Tirupati,Tiruchanur,AREA0168,13.643184,79.395952,PETROL_STATION_ATM,1
ATM00212,BANK006,Tamil Nadu,Vellore,Sathuvachari,AREA0037,12.89957,79.118406,BANK_BRANCH_ATM,0
ATM00213,BANK005,Tamil Nadu,Chennai,Adyar,AREA0005,13.076367,80.279957,PETROL_STATION_ATM,1
ATM00214,BANK005,Karnataka,Mysuru,Kuvempunagar,AREA0058,12.308196,76.637061,TRANSIT_ATM,1
ATM00215,BANK006,Tamil Nadu,Vellore,Sathuvachari,AREA0037,12.914195,79.149186,TRANSIT_ATM,1
ATM00216,BANK005,Tamil Nadu,Tirunelveli,Vannarpettai,AREA0027,8.716368,77.752159,PETROL_STATION_ATM,1
ATM00217,BANK003,Karnataka,Kalaburagi,Super Market,AREA0087,17.340502,76.843637,STANDALONE_ATM,0
ATM00218,BANK007,Kerala,Kollam,Karunagappally,AREA0122,8.897944,76.607219,TRANSIT_ATM,1
ATM00219,BANK003,Andhra Pradesh,Kakinada,Suryaraopeta,AREA0190,16.977383,82.236791,PETROL_STATION_ATM,0
ATM00220,BANK005,Andhra Pradesh,Rajamahendravaram,Morampudi,AREA0182,16.979017,81.772926,TRANSIT_ATM,1
ATM00221,BANK001,Karnataka,Kalaburagi,Shah Bazar,AREA0090,17.323387,76.834132,SHOPPING_MALL_ATM,0
ATM00222,BANK005,Andhra Pradesh,Rajamahendravaram,Morampudi,AREA0182,16.99032,81.770428,STANDALONE_ATM,1
ATM00223,BANK007,Karnataka,Hubballi,Old Hubballi,AREA0069,15.367665,75.125048,PETROL_STATION_ATM,1
ATM00224,BANK006,Andhra Pradesh,Kakinada,Jagannaickpur,AREA0187,16.987785,82.240252,TRANSIT_ATM,1
ATM00225,BANK008,Kerala,Malappuram,Manjeri,AREA0147,11.037675,76.077905,TRANSIT_ATM,1
ATM00226,BANK004,Karnataka,Udupi,Brahmagiri,AREA0092,13.34186,74.746275,PETROL_STATION_ATM,1
ATM00227,BANK008,Tamil Nadu,Salem,Ammapet,AREA0023,11.659179,78.139498,STANDALONE_ATM,1
ATM00228,BANK002,Andhra Pradesh,Tirupati,Korlagunta,AREA0170,13.64101,79.451158,SHOPPING_MALL_ATM,0
ATM00229,BANK006,Andhra Pradesh,Nellore,Dargamitta,AREA0173,14.439054,79.988328,BANK_BRANCH_ATM,1
ATM00230,BANK004,Kerala,Ernakulam,Kaloor,AREA0108,9.980608,76.289952,SHOPPING_MALL_ATM,1
ATM00231,BANK004,Tamil Nadu,Erode,Veerappanchatram,AREA0033,11.335619,77.74132,STANDALONE_ATM,1
ATM00232,BANK003,Kerala,Kannur,Thalassery,AREA0131,11.865971,75.371285,BANK_BRANCH_ATM,1
ATM00233,BANK001,Andhra Pradesh,Guntur,Brodipet,AREA0161,16.298933,80.435793,STANDALONE_ATM,1
ATM00234,BANK008,Tamil Nadu,Vellore,Vellore Fort,AREA0040,12.907992,79.126375,PETROL_STATION_ATM,1
ATM00235,BANK002,Andhra Pradesh,Visakhapatnam,Madhurawada,AREA0151,17.669446,83.21964,TRANSIT_ATM,1
ATM00236,BANK007,Andhra Pradesh,Kurnool,Budhwarpet,AREA0176,15.823774,78.043437,PETROL_STATION_ATM,1
ATM00237,BANK004,Andhra Pradesh,Anantapur,Ramachandra Nagar,AREA0197,14.681167,77.59177,TRANSIT_ATM,1
ATM00238,BANK008,Kerala,Ernakulam,Edappally,AREA0107,9.969919,76.299835,TRANSIT_ATM,1
ATM00239,BANK004,Andhra Pradesh,Guntur,Nallapadu,AREA0164,16.322414,80.429682,STANDALONE_ATM,1
ATM00240,BANK001,Tamil Nadu,Vellore,Vellore Fort,AREA0040,12.894531,79.134908,BANK_BRANCH_ATM,1
ATM00241,BANK007,Kerala,Kozhikode,Kottooli,AREA0115,11.273058,75.786841,STANDALONE_ATM,1
ATM00242,BANK003,Andhra Pradesh,Rajamahendravaram,Dowleswaram,AREA0184,16.974471,81.785413,PETROL_STATION_ATM,1
ATM00243,BANK008,Andhra Pradesh,Vijayawada,Patamata,AREA0159,16.516206,80.642867,BANK_BRANCH_ATM,1
ATM00244,BANK004,Karnataka,Bengaluru Urban,Electronic City,AREA0054,12.965042,77.588411,BANK_BRANCH_ATM,1
ATM00245,BANK008,Kerala,Kannur,Thalassery,AREA0131,11.872106,75.356442,STANDALONE_ATM,1
ATM00246,BANK008,Tamil Nadu,Tiruchirappalli,Woraiyur,AREA0018,10.792798,78.707595,PETROL_STATION_ATM,1
ATM00247,BANK006,Andhra Pradesh,Kadapa,Yerramukkapalli,AREA0193,14.470581,78.82356,TRANSIT_ATM,1
ATM00248,BANK007,Kerala,Alappuzha,Alappuzha Beach,AREA0127,9.483832,76.335737,PETROL_STATION_ATM,0
ATM00249,BANK008,Kerala,Kozhikode,Nadakkavu,AREA0111,11.280315,75.783087,STANDALONE_ATM,1
ATM00250,BANK008,Tamil Nadu,Tiruchirappalli,Thillai Nagar,AREA0017,10.780836,78.711857,TRANSIT_ATM,1
ATM00251,BANK005,Andhra Pradesh,Guntur,Nallapadu,AREA0164,16.328395,80.440709,STANDALONE_ATM,1
ATM00252,BANK005,Karnataka,Udupi,Ajjarkad,AREA0094,13.338915,74.757772,PETROL_STATION_ATM,1
ATM00253,BANK008,Karnataka,Ballari,Parvathi Nagar,AREA0098,15.13342,76.933312,STANDALONE_ATM,0
ATM00254,BANK005,Kerala,Kottayam,Kodimatha,AREA0143,9.584817,76.517271,TRANSIT_ATM,1
ATM00255,BANK002,Karnataka,Kalaburagi,Shah Bazar,AREA0090,17.338863,76.849385,SHOPPING_MALL_ATM,1
ATM00256,BANK004,Karnataka,Hubballi,Navanagar,AREA0070,15.363464,75.138702,SHOPPING_MALL_ATM,1
ATM00257,BANK006,Kerala,Alappuzha,Alappuzha Beach,AREA0127,9.502569,76.329319,SHOPPING_MALL_ATM,1
ATM00258,BANK002,Kerala,Palakkad,Puthur,AREA0138,10.781875,76.661091,STANDALONE_ATM,1
ATM00259,BANK003,Karnataka,Bengaluru Urban,Yelahanka,AREA0055,12.98811,77.606751,STANDALONE_ATM,1
ATM00260,BANK007,Karnataka,Mysuru,Nazarbad,AREA0060,12.308144,76.623599,STANDALONE_ATM,1
ATM00261,BANK004,Andhra Pradesh,Nellore,Stonehousepet,AREA0175,14.451283,79.99451,BANK_BRANCH_ATM,1
ATM00262,BANK007,Karnataka,Bengaluru Urban,Whitefield,AREA0051,12.974872,77.602405,TRANSIT_ATM,1
ATM00263,BANK006,Tamil Nadu,Salem,Ammapet,AREA0023,11.643841,78.118676,PETROL_STATION_ATM,1
ATM00264,BANK008,Kerala,Ernakulam,Kaloor,AREA0108,9.984635,76.299139,TRANSIT_ATM,0
ATM00265,BANK001,Karnataka,Tumakuru,Batawadi,AREA0085,13.336538,77.10606,STANDALONE_ATM,1
ATM00266,BANK007,Karnataka,Mysuru,Hebbal,AREA0057,12.298152,76.643204,TRANSIT_ATM,1
ATM00267,BANK001,Tamil Nadu,Chennai,Velachery,AREA0003,13.093364,80.264379,PETROL_STATION_ATM,1
ATM00268,BANK007,Andhra Pradesh,Nellore,Stonehousepet,AREA0175,14.446674,79.978751,TRANSIT_ATM,1
ATM00269,BANK001,Tamil Nadu,Tiruchirappalli,KK Nagar,AREA0020,10.767878,78.701145,SHOPPING_MALL_ATM,1
ATM00270,BANK005,Karnataka,Mysuru,Kuvempunagar,AREA0058,12.308401,76.629033,TRANSIT_ATM,0
ATM00271,BANK007,Andhra Pradesh,Rajamahendravaram,Danavaipeta,AREA0181,16.99424,81.79479,PETROL_STATION_ATM,1
ATM00272,BANK004,Andhra Pradesh,Kurnool,Bellary Road,AREA0179,15.836912,78.029508,TRANSIT_ATM,0
ATM00273,BANK004,Kerala,Thrissur,Punkunnam,AREA0116,10.518795,76.214833,SHOPPING_MALL_ATM,1
ATM00274,BANK007,Kerala,Thrissur,West Fort,AREA0120,10.530782,76.222103,TRANSIT_ATM,1
ATM00275,BANK001,Andhra Pradesh,Kurnool,Budhwarpet,AREA0176,15.835939,78.06955,TRANSIT_ATM,1
ATM00276,BANK006,Karnataka,Mangaluru,Kadri,AREA0062,12.931789,74.851776,TRANSIT_ATM,1
ATM00277,BANK003,Andhra Pradesh,Kurnool,Bellary Road,AREA0179,15.853362,78.023943,TRANSIT_ATM,1
ATM00278,BANK003,Kerala,Thrissur,Ollur,AREA0118,10.515427,76.223794,PETROL_STATION_ATM,1
ATM00279,BANK001,Tamil Nadu,Salem,Hasthampatti,AREA0022,11.661221,78.117167,TRANSIT_ATM,1
ATM00280,BANK001,Andhra Pradesh,Kakinada,Bhanugudi,AREA0189,17.006849,82.254834,BANK_BRANCH_ATM,1
ATM00281,BANK007,Kerala,Alappuzha,Alappuzha Beach,AREA0127,9.496834,76.336588,STANDALONE_ATM,1
ATM00282,BANK008,Karnataka,Udupi,Ajjarkad,AREA0094,13.338258,74.717286,STANDALONE_ATM,0
ATM00283,BANK001,Kerala,Kollam,Karunagappally,AREA0122,8.882468,76.606067,SHOPPING_MALL_ATM,1
ATM00284,BANK007,Tamil Nadu,Chennai,Anna Nagar,AREA0001,13.095714,80.26377,SHOPPING_MALL_ATM,1
ATM00285,BANK004,Kerala,Thiruvananthapuram,Kazhakootam,AREA0102,8.528628,76.934434,TRANSIT_ATM,1
ATM00286,BANK006,Tamil Nadu,Tiruchirappalli,Woraiyur,AREA0018,10.779865,78.707924,SHOPPING_MALL_ATM,1
ATM00287,BANK007,Kerala,Thiruvananthapuram,Kazhakootam,AREA0102,8.523877,76.949514,SHOPPING_MALL_ATM,1
ATM00288,BANK007,Andhra Pradesh,Anantapur,RTC Colony,AREA0199,14.677111,77.592765,SHOPPING_MALL_ATM,1
ATM00289,BANK002,Karnataka,Tumakuru,Tumkur University Area,AREA0084,13.349176,77.098822,TRANSIT_ATM,1
ATM00290,BANK001,Kerala,Kollam,Karunagappally,AREA0122,8.904255,76.607592,PETROL_STATION_ATM,1
ATM00291,BANK001,Andhra Pradesh,Guntur,Nallapadu,AREA0164,16.308438,80.429123,SHOPPING_MALL_ATM,1
ATM00292,BANK004,Tamil Nadu,Salem,Ammapet,AREA0023,11.654312,78.11949,BANK_BRANCH_ATM,1
ATM00293,BANK001,Tamil Nadu,Salem,Alagapuram,AREA0025,11.682557,78.140109,BANK_BRANCH_ATM,0
ATM00294,BANK004,Tamil Nadu,Tiruchirappalli,Thillai Nagar,AREA0017,10.796643,78.70268,STANDALONE_ATM,1
ATM00295,BANK001,Kerala,Palakkad,Kalmandapam,AREA0137,10.800814,76.633992,PETROL_STATION_ATM,0
ATM00296,BANK003,Kerala,Alappuzha,Alappuzha Beach,AREA0127,9.500581,76.347907,STANDALONE_ATM,1
ATM00297,BANK003,Kerala,Malappuram,Kottakkal,AREA0146,11.0517,76.062163,TRANSIT_ATM,0
ATM00298,BANK002,Tamil Nadu,Chennai,T Nagar,AREA0002,13.062335,80.262953,PETROL_STATION_ATM,1
ATM00299,BANK004,Kerala,Kozhikode,Kottooli,AREA0115,11.235287,75.789192,TRANSIT_ATM,1
ATM00300,BANK005,Kerala,Kannur,Thalassery,AREA0131,11.880152,75.380547,SHOPPING_MALL_ATM,1
ATM00301,BANK003,Kerala,Kannur,Burnassery,AREA0135,11.863174,75.357265,PETROL_STATION_ATM,1
ATM00302,BANK002,Karnataka,Kalaburagi,Station Road,AREA0089,17.336037,76.840164,STANDALONE_ATM,1
ATM00303,BANK005,Andhra Pradesh,Rajamahendravaram,Dowleswaram,AREA0184,16.967268,81.775682,BANK_BRANCH_ATM,1
ATM00304,BANK001,Karnataka,Belagavi,Udyambag,AREA0074,15.868728,74.507055,SHOPPING_MALL_ATM,1
ATM00305,BANK007,Karnataka,Belagavi,Udyambag,AREA0074,15.846661,74.483126,TRANSIT_ATM,0
ATM00306,BANK004,Andhra Pradesh,Kurnool,Bellary Road,AREA0179,15.816527,78.032138,BANK_BRANCH_ATM,0
ATM00307,BANK004,Kerala,Alappuzha,Ambalappuzha,AREA0130,9.481148,76.35336,BANK_BRANCH_ATM,0
ATM00308,BANK005,Karnataka,Tumakuru,Gokul,AREA0082,13.352524,77.086799,PETROL_STATION_ATM,1
ATM00309,BANK002,Karnataka,Belagavi,Shahapur,AREA0072,15.872397,74.492155,PETROL_STATION_ATM,0
ATM00310,BANK001,Karnataka,Ballari,Cowl Bazaar,AREA0097,15.139466,76.915692,SHOPPING_MALL_ATM,1
ATM00311,BANK007,Karnataka,Shivamogga,Vinoba Nagar,AREA0077,13.916722,75.563758,SHOPPING_MALL_ATM,0
ATM00312,BANK002,Andhra Pradesh,Visakhapatnam,Madhurawada,AREA0151,17.665155,83.21424,PETROL_STATION_ATM,1
ATM00313,BANK006,Tamil Nadu,Salem,Ammapet,AREA0023,11.663179,78.148748,BANK_BRANCH_ATM,1
ATM00314,BANK007,Kerala,Kollam,Kottarakkara,AREA0121,8.874724,76.596265,TRANSIT_ATM,1
ATM00315,BANK002,Kerala,Ernakulam,Edappally,AREA0107,9.9838,76.285736,TRANSIT_ATM,1
ATM00316,BANK006,Andhra Pradesh,Visakhapatnam,Gajuwaka,AREA0152,17.68417,83.233233,TRANSIT_ATM,1
ATM00317,BANK003,Karnataka,Bengaluru Urban,Whitefield,AREA0051,12.956463,77.58422,TRANSIT_ATM,1
ATM00318,BANK003,Kerala,Kozhikode,Nadakkavu,AREA0111,11.270337,75.758503,PETROL_STATION_ATM,0
ATM00319,BANK005,Karnataka,Kalaburagi,Station Road,AREA0089,17.327237,76.86231,PETROL_STATION_ATM,1
ATM00320,BANK008,Andhra Pradesh,Anantapur,RTC Colony,AREA0199,14.685402,77.611394,TRANSIT_ATM,1
ATM00321,BANK007,Kerala,Kollam,Kadappakada,AREA0124,8.887825,76.59879,PETROL_STATION_ATM,0
ATM00322,BANK005,Karnataka,Udupi,Ajjarkad,AREA0094,13.322606,74.744991,SHOPPING_MALL_ATM,1
ATM00323,BANK004,Andhra Pradesh,Rajamahendravaram,Aryapuram,AREA0183,16.992291,81.805229,BANK_BRANCH_ATM,1
ATM00324,BANK005,Tamil Nadu,Tirunelveli,Palayamkottai,AREA0026,8.709559,77.760061,TRANSIT_ATM,1
ATM00325,BANK004,Karnataka,Bengaluru Urban,Electronic City,AREA0054,12.970105,77.580529,TRANSIT_ATM,1
ATM00326,BANK007,Karnataka,Ballari,Gandhinagar,AREA0096,15.142463,76.933951,SHOPPING_MALL_ATM,1
ATM00327,BANK001,Karnataka,Mysuru,Vijayanagar,AREA0056,12.303477,76.630697,TRANSIT_ATM,1
ATM00328,BANK006,Kerala,Thiruvananthapuram,Kazhakootam,AREA0102,8.556691,76.933363,STANDALONE_ATM,1
ATM00329,BANK008,Andhra Pradesh,Anantapur,Sapthagiri Circle,AREA0196,14.696227,77.596557,STANDALONE_ATM,1
ATM00330,BANK006,Kerala,Kozhikode,West Hill,AREA0114,11.27279,75.777947,SHOPPING_MALL_ATM,1
ATM00331,BANK006,Tamil Nadu,Madurai,Mattuthavani,AREA0013,9.923577,78.131843,SHOPPING_MALL_ATM,1
ATM00332,BANK005,Kerala,Alappuzha,Mullakkal,AREA0126,9.521585,76.335903,PETROL_STATION_ATM,1
ATM00333,BANK001,Kerala,Palakkad,Chandranagar,AREA0140,10.78178,76.645835,PETROL_STATION_ATM,1
ATM00334,BANK004,Andhra Pradesh,Guntur,Brodipet,AREA0161,16.295968,80.428292,BANK_BRANCH_ATM,1
ATM00335,BANK004,Tamil Nadu,Chennai,T Nagar,AREA0002,13.076273,80.280979,TRANSIT_ATM,0
ATM00336,BANK008,Kerala,Malappuram,Perinthalmanna,AREA0148,11.057181,76.079688,PETROL_STATION_ATM,0
ATM00337,BANK004,Andhra Pradesh,Visakhapatnam,Madhurawada,AREA0151,17.695165,83.232689,TRANSIT_ATM,1
ATM00338,BANK008,Andhra Pradesh,Tirupati,Korlagunta,AREA0170,13.619595,79.421742,TRANSIT_ATM,1
ATM00339,BANK001,Tamil Nadu,Tiruchirappalli,Srirangam,AREA0016,10.770817,78.685109,BANK_BRANCH_ATM,0
ATM00340,BANK005,Karnataka,Hubballi,Old Hubballi,AREA0069,15.365981,75.122383,STANDALONE_ATM,1
ATM00341,BANK007,Tamil Nadu,Madurai,Tallakulam,AREA0015,9.925562,78.127103,STANDALONE_ATM,1
ATM00342,BANK005,Tamil Nadu,Tiruchirappalli,Srirangam,AREA0016,10.80796,78.704737,PETROL_STATION_ATM,1
ATM00343,BANK006,Tamil Nadu,Madurai,KK Nagar,AREA0011,9.923264,78.111285,TRANSIT_ATM,1
ATM00344,BANK006,Tamil Nadu,Dindigul,Nagal Nagar,AREA0046,10.377775,77.972741,TRANSIT_ATM,1
ATM00345,BANK006,Karnataka,Tumakuru,Sira Road,AREA0081,13.335859,77.1086,SHOPPING_MALL_ATM,1
ATM00346,BANK008,Tamil Nadu,Thanjavur,Old Town,AREA0045,10.787947,79.138078,SHOPPING_MALL_ATM,1
ATM00347,BANK005,Karnataka,Belagavi,Tilakwadi,AREA0071,15.839444,74.50172,SHOPPING_MALL_ATM,1
ATM00348,BANK004,Kerala,Thiruvananthapuram,Pattom,AREA0101,8.55035,76.921116,BANK_BRANCH_ATM,1
ATM00349,BANK004,Tamil Nadu,Madurai,Tallakulam,AREA0015,9.911936,78.129186,SHOPPING_MALL_ATM,1
ATM00350,BANK002,Andhra Pradesh,Guntur,Gorantla,AREA0165,16.309539,80.452937,PETROL_STATION_ATM,1
ATM00351,BANK003,Tamil Nadu,Tirunelveli,Melapalayam,AREA0029,8.705034,77.767379,STANDALONE_ATM,1
ATM00352,BANK004,Karnataka,Mysuru,Vijayanagar,AREA0056,12.299823,76.62803,TRANSIT_ATM,0
ATM00353,BANK005,Kerala,Malappuram,Down Hill,AREA0150,11.043486,76.071285,PETROL_STATION_ATM,1
ATM00354,BANK005,Kerala,Kottayam,Kumaranalloor,AREA0142,9.581299,76.535707,BANK_BRANCH_ATM,0
ATM00355,BANK004,Karnataka,Belagavi,Shahapur,AREA0072,15.858444,74.491842,SHOPPING_MALL_ATM,1
ATM00356,BANK004,Andhra Pradesh,Vijayawada,Governorpet,AREA0158,16.504285,80.65934,SHOPPING_MALL_ATM,1
ATM00357,BANK003,Karnataka,Belagavi,Angol,AREA0075,15.848913,74.52148,SHOPPING_MALL_ATM,1
ATM00358,BANK001,Kerala,Alappuzha,Alappuzha Beach,AREA0127,9.504367,76.329003,PETROL_STATION_ATM,1
ATM00359,BANK003,Andhra Pradesh,Kadapa,Yerramukkapalli,AREA0193,14.454735,78.836802,SHOPPING_MALL_ATM,0
ATM00360,BANK001,Andhra Pradesh,Vijayawada,Benz Circle,AREA0156,16.500943,80.649677,BANK_BRANCH_ATM,1
ATM00361,BANK005,Andhra Pradesh,Kakinada,Suryaraopeta,AREA0190,16.95511,82.247703,STANDALONE_ATM,1
ATM00362,BANK008,Tamil Nadu,Thanjavur,New Bus Stand,AREA0042,10.770145,79.120802,BANK_BRANCH_ATM,0
ATM00363,BANK001,Andhra Pradesh,Visakhapatnam,MVP Colony,AREA0154,17.701621,83.214659,PETROL_STATION_ATM,1
ATM00364,BANK005,Tamil Nadu,Thanjavur,New Bus Stand,AREA0042,10.782553,79.163046,TRANSIT_ATM,1
ATM00365,BANK008,Tamil Nadu,Thanjavur,Karanthai,AREA0043,10.798651,79.157027,TRANSIT_ATM,1
ATM00366,BANK006,Tamil Nadu,Tirunelveli,Perumalpuram,AREA0028,8.729195,77.766421,STANDALONE_ATM,1
ATM00367,BANK001,Kerala,Alappuzha,Punnamada,AREA0129,9.516676,76.329663,SHOPPING_MALL_ATM,0
ATM00368,BANK008,Andhra Pradesh,Kurnool,Bellary Road,AREA0179,15.817558,78.02035,BANK_BRANCH_ATM,0
ATM00369,BANK002,Tamil Nadu,Salem,Ammapet,AREA0023,11.643374,78.147428,TRANSIT_ATM,1
ATM00370,BANK008,Tamil Nadu,Chennai,Velachery,AREA0003,13.064396,80.257094,BANK_BRANCH_ATM,0
ATM00371,BANK001,Tamil Nadu,Salem,Alagapuram,AREA0025,11.661684,78.114334,STANDALONE_ATM,1
ATM00372,BANK003,Kerala,Thiruvananthapuram,Kesavadasapuram,AREA0105,8.523172,76.93678,PETROL_STATION_ATM,1
ATM00373,BANK005,Andhra Pradesh,Kadapa,Nagarajupet,AREA0192,14.491615,78.826696,BANK_BRANCH_ATM,1
ATM00374,BANK004,Andhra Pradesh,Visakhapatnam,Seethammadhara,AREA0155,17.688249,83.237071,BANK_BRANCH_ATM,1
ATM00375,BANK007,Tamil Nadu,Tirunelveli,Palayamkottai,AREA0026,8.711048,77.759007,PETROL_STATION_ATM,1
ATM00376,BANK004,Tamil Nadu,Chennai,Velachery,AREA0003,13.09447,80.261793,PETROL_STATION_ATM,1
ATM00377,BANK007,Karnataka,Hubballi,Old Hubballi,AREA0069,15.376564,75.107783,TRANSIT_ATM,1
ATM00378,BANK008,Andhra Pradesh,Tirupati,Korlagunta,AREA0170,13.636843,79.427324,SHOPPING_MALL_ATM,1
ATM00379,BANK007,Karnataka,Shivamogga,Vidya Nagar,AREA0080,13.92515,75.565945,SHOPPING_MALL_ATM,0
ATM00380,BANK001,Tamil Nadu,Dindigul,Palani Road,AREA0049,10.387358,77.979009,PETROL_STATION_ATM,1
ATM00381,BANK002,Tamil Nadu,Madurai,Anna Nagar,AREA0012,9.931645,78.12042,STANDALONE_ATM,0
ATM00382,BANK004,Karnataka,Belagavi,Sadashiv Nagar,AREA0073,15.841754,74.490526,SHOPPING_MALL_ATM,0
ATM00383,BANK002,Kerala,Kollam,Asramam,AREA0125,8.897919,76.631056,STANDALONE_ATM,0
ATM00384,BANK004,Andhra Pradesh,Guntur,Arundelpet,AREA0162,16.291122,80.455437,STANDALONE_ATM,1
ATM00385,BANK002,Karnataka,Bengaluru Urban,Whitefield,AREA0051,12.979262,77.591759,STANDALONE_ATM,1
ATM00386,BANK001,Karnataka,Udupi,Ajjarkad,AREA0094,13.344861,74.749539,TRANSIT_ATM,0
ATM00387,BANK008,Tamil Nadu,Tirunelveli,Maharaja Nagar,AREA0030,8.700831,77.75483,PETROL_STATION_ATM,1
ATM00388,BANK008,Kerala,Thiruvananthapuram,Kesavadasapuram,AREA0105,8.524146,76.917084,SHOPPING_MALL_ATM,1
ATM00389,BANK001,Tamil Nadu,Tiruchirappalli,Srirangam,AREA0016,10.800598,78.697288,STANDALONE_ATM,1
ATM00390,BANK005,Kerala,Ernakulam,Kaloor,AREA0108,9.974836,76.298904,SHOPPING_MALL_ATM,0
ATM00391,BANK008,Karnataka,Kalaburagi,Station Road,AREA0089,17.335074,76.838753,BANK_BRANCH_ATM,0
ATM00392,BANK004,Andhra Pradesh,Kadapa,Proddatur Road,AREA0191,14.467976,78.828082,SHOPPING_MALL_ATM,1
ATM00393,BANK004,Karnataka,Kalaburagi,Super Market,AREA0087,17.3211,76.836185,TRANSIT_ATM,1
ATM00394,BANK002,Andhra Pradesh,Anantapur,Sapthagiri Circle,AREA0196,14.688484,77.593626,PETROL_STATION_ATM,1
ATM00395,BANK004,Andhra Pradesh,Kakinada,Ramanayyapeta,AREA0188,16.98942,82.254365,STANDALONE_ATM,1
ATM00396,BANK005,Andhra Pradesh,Visakhapatnam,Madhurawada,AREA0151,17.685781,83.20358,STANDALONE_ATM,1
ATM00397,BANK002,Tamil Nadu,Dindigul,Palani Road,AREA0049,10.38401,77.994403,BANK_BRANCH_ATM,0
ATM00398,BANK003,Kerala,Kozhikode,Mavoor Road,AREA0112,11.258724,75.799147,SHOPPING_MALL_ATM,0
ATM00399,BANK005,Tamil Nadu,Chennai,T Nagar,AREA0002,13.090122,80.26821,TRANSIT_ATM,0
ATM00400,BANK002,Kerala,Alappuzha,Alappuzha Beach,AREA0127,9.489752,76.32579,TRANSIT_ATM,1
ATM00401,BANK005,Kerala,Malappuram,Kottakkal,AREA0146,11.049154,76.060625,TRANSIT_ATM,0
ATM00402,BANK005,Karnataka,Ballari,Gandhinagar,AREA0096,15.129846,76.925468,PETROL_STATION_ATM,1
ATM00403,BANK008,Karnataka,Shivamogga,Vidya Nagar,AREA0080,13.913771,75.548861,TRANSIT_ATM,1
ATM00404,BANK002,Andhra Pradesh,Rajamahendravaram,Dowleswaram,AREA0184,16.990306,81.791053,PETROL_STATION_ATM,1
ATM00405,BANK001,Andhra Pradesh,Vijayawada,Governorpet,AREA0158,16.511078,80.629045,TRANSIT_ATM,1
ATM00406,BANK006,Kerala,Kannur,Pallikkunnu,AREA0132,11.865979,75.363227,PETROL_STATION_ATM,1
ATM00407,BANK005,Tamil Nadu,Salem,Fairlands,AREA0021,11.645985,78.146391,BANK_BRANCH_ATM,0
ATM00408,BANK002,Tamil Nadu,Coimbatore,RS Puram,AREA0007,11.019367,76.953527,STANDALONE_ATM,1
ATM00409,BANK001,Andhra Pradesh,Kakinada,Bhanugudi,AREA0189,16.970617,82.271301,SHOPPING_MALL_ATM,1
ATM00410,BANK001,Kerala,Thiruvananthapuram,Vazhuthacaud,AREA0103,8.514439,76.948095,STANDALONE_ATM,1
ATM00411,BANK008,Andhra Pradesh,Kurnool,Joharapuram,AREA0180,15.845033,78.032435,PETROL_STATION_ATM,1
ATM00412,BANK008,Karnataka,Ballari,Cantonment,AREA0099,15.144308,76.905494,SHOPPING_MALL_ATM,0
ATM00413,BANK003,Karnataka,Mangaluru,Surathkal,AREA0065,12.909705,74.861327,PETROL_STATION_ATM,0
ATM00414,BANK007,Tamil Nadu,Madurai,Thirunagar,AREA0014,9.925334,78.128316,TRANSIT_ATM,1
ATM00415,BANK002,Andhra Pradesh,Guntur,Arundelpet,AREA0162,16.300957,80.447993,TRANSIT_ATM,1
ATM00416,BANK006,Andhra Pradesh,Visakhapatnam,MVP Colony,AREA0154,17.675374,83.223572,TRANSIT_ATM,1
ATM00417,BANK006,Kerala,Ernakulam,Edappally,AREA0107,9.974726,76.279901,SHOPPING_MALL_ATM,0
ATM00418,BANK002,Tamil Nadu,Tirunelveli,Palayamkottai,AREA0026,8.722183,77.726,STANDALONE_ATM,0
ATM00419,BANK006,Andhra Pradesh,Kadapa,RTC Colony,AREA0194,14.458622,78.811822,TRANSIT_ATM,1
ATM00420,BANK008,Tamil Nadu,Dindigul,Nagal Nagar,AREA0046,10.381908,77.990147,SHOPPING_MALL_ATM,1
ATM00421,BANK007,Karnataka,Tumakuru,Batawadi,AREA0085,13.326452,77.086621,PETROL_STATION_ATM,1
ATM00422,BANK001,Andhra Pradesh,Guntur,Lakshmipuram,AREA0163,16.301177,80.422874,TRANSIT_ATM,1
ATM00423,BANK002,Andhra Pradesh,Guntur,Brodipet,AREA0161,16.324217,80.415859,SHOPPING_MALL_ATM,1
ATM00424,BANK005,Tamil Nadu,Tiruchirappalli,Srirangam,AREA0016,10.812126,78.709297,SHOPPING_MALL_ATM,0
ATM00425,BANK002,Andhra Pradesh,Vijayawada,Benz Circle,AREA0156,16.513022,80.649264,TRANSIT_ATM,0
ATM00426,BANK001,Karnataka,Bengaluru Urban,Indiranagar,AREA0052,12.952538,77.604115,PETROL_STATION_ATM,1
ATM00427,BANK008,Andhra Pradesh,Visakhapatnam,Gajuwaka,AREA0152,17.6872,83.207026,TRANSIT_ATM,1
ATM00428,BANK001,Karnataka,Belagavi,Sadashiv Nagar,AREA0073,15.862683,74.509646,STANDALONE_ATM,1
ATM00429,BANK006,Andhra Pradesh,Rajamahendravaram,Lalacheruvu,AREA0185,17.00215,81.79509,PETROL_STATION_ATM,1
ATM00430,BANK008,Karnataka,Bengaluru Urban,Electronic City,AREA0054,12.965168,77.60108,TRANSIT_ATM,1
ATM00431,BANK001,Karnataka,Hubballi,Vidya Nagar,AREA0066,15.377398,75.135251,STANDALONE_ATM,1
ATM00432,BANK005,Andhra Pradesh,Kakinada,Bhanugudi,AREA0189,16.960405,82.246601,PETROL_STATION_ATM,0
ATM00433,BANK003,Andhra Pradesh,Vijayawada,Moghalrajpuram,AREA0157,16.49765,80.665333,SHOPPING_MALL_ATM,0
ATM00434,BANK008,Andhra Pradesh,Tirupati,Tiruchanur,AREA0168,13.628077,79.424658,TRANSIT_ATM,0
ATM00435,BANK002,Kerala,Kottayam,Kumaranalloor,AREA0142,9.593918,76.538036,BANK_BRANCH_ATM,1
ATM00436,BANK004,Tamil Nadu,Madurai,KK Nagar,AREA0011,9.947031,78.120279,STANDALONE_ATM,1
ATM00437,BANK005,Tamil Nadu,Vellore,Katpadi,AREA0036,12.919424,79.149141,PETROL_STATION_ATM,1
ATM00438,BANK001,Tamil Nadu,Tirunelveli,Vannarpettai,AREA0027,8.700494,77.744555,PETROL_STATION_ATM,1
ATM00439,BANK007,Kerala,Kannur,Burnassery,AREA0135,11.866707,75.379665,BANK_BRANCH_ATM,1
ATM00440,BANK004,Kerala,Kozhikode,West Hill,AREA0114,11.259637,75.772723,BANK_BRANCH_ATM,1
ATM00441,BANK008,Karnataka,Mysuru,Nazarbad,AREA0060,12.310797,76.621219,BANK_BRANCH_ATM,1
ATM00442,BANK003,Kerala,Malappuram,Manjeri,AREA0147,11.042778,76.069281,TRANSIT_ATM,1
ATM00443,BANK005,Karnataka,Mysuru,Vijayanagar,AREA0056,12.31756,76.631511,PETROL_STATION_ATM,1
ATM00444,BANK005,Tamil Nadu,Madurai,Anna Nagar,AREA0012,9.931693,78.117958,TRANSIT_ATM,1
ATM00445,BANK008,Kerala,Kannur,Burnassery,AREA0135,11.860274,75.376652,TRANSIT_ATM,1
ATM00446,BANK004,Kerala,Malappuram,Down Hill,AREA0150,11.047469,76.064764,TRANSIT_ATM,1
ATM00447,BANK003,Karnataka,Kalaburagi,Sedam Road,AREA0086,17.31376,76.83523,TRANSIT_ATM,1
ATM00448,BANK004,Tamil Nadu,Salem,Ammapet,AREA0023,11.682463,78.13864,PETROL_STATION_ATM,1
ATM00449,BANK003,Karnataka,Tumakuru,Batawadi,AREA0085,13.325901,77.081065,BANK_BRANCH_ATM,1
ATM00450,BANK005,Tamil Nadu,Thanjavur,Medical College Road,AREA0041,10.766031,79.136263,TRANSIT_ATM,1
ATM00451,BANK006,Kerala,Kannur,Pallikkunnu,AREA0132,11.875551,75.375151,PETROL_STATION_ATM,0
ATM00452,BANK005,Tamil Nadu,Tiruchirappalli,Srirangam,AREA0016,10.789499,78.706928,BANK_BRANCH_ATM,0
ATM00453,BANK005,Kerala,Thrissur,West Fort,AREA0120,10.545583,76.229373,SHOPPING_MALL_ATM,1
ATM00454,BANK008,Tamil Nadu,Chennai,Velachery,AREA0003,13.096979,80.282864,STANDALONE_ATM,1
ATM00455,BANK008,Karnataka,Mangaluru,Hampankatta,AREA0061,12.921967,74.837562,PETROL_STATION_ATM,1
ATM00456,BANK008,Andhra Pradesh,Kakinada,Bhanugudi,AREA0189,16.986521,82.250822,SHOPPING_MALL_ATM,1
ATM00457,BANK006,Kerala,Kottayam,Kanjikuzhi,AREA0141,9.581225,76.542545,PETROL_STATION_ATM,0
ATM00458,BANK007,Kerala,Thrissur,Punkunnam,AREA0116,10.523675,76.194917,TRANSIT_ATM,1
ATM00459,BANK006,Karnataka,Shivamogga,Vidya Nagar,AREA0080,13.925275,75.573145,STANDALONE_ATM,1
ATM00460,BANK004,Andhra Pradesh,Kadapa,Seven Roads,AREA0195,14.457027,78.822409,PETROL_STATION_ATM,1
ATM00461,BANK007,Andhra Pradesh,Rajamahendravaram,Dowleswaram,AREA0184,16.969834,81.778732,STANDALONE_ATM,1
ATM00462,BANK007,Kerala,Malappuram,Kottakkal,AREA0146,11.05119,76.070059,BANK_BRANCH_ATM,1
ATM00463,BANK006,Kerala,Alappuzha,Kalavoor,AREA0128,9.50779,76.327121,TRANSIT_ATM,0
ATM00464,BANK007,Tamil Nadu,Vellore,Vellore Fort,AREA0040,12.92081,79.139315,TRANSIT_ATM,0
ATM00465,BANK003,Tamil Nadu,Dindigul,Palani Road,AREA0049,10.358917,77.969854,TRANSIT_ATM,0
ATM00466,BANK001,Tamil Nadu,Madurai,Mattuthavani,AREA0013,9.94566,78.11619,STANDALONE_ATM,1
ATM00467,BANK006,Kerala,Kannur,Burnassery,AREA0135,11.879395,75.37583,BANK_BRANCH_ATM,1
ATM00468,BANK008,Andhra Pradesh,Kakinada,Jagannaickpur,AREA0187,16.972295,82.249981,BANK_BRANCH_ATM,1
ATM00469,BANK008,Kerala,Malappuram,Tirur,AREA0149,11.052852,76.091643,BANK_BRANCH_ATM,0
ATM00470,BANK003,Karnataka,Belagavi,Udyambag,AREA0074,15.851546,74.506898,TRANSIT_ATM,1
ATM00471,BANK003,Karnataka,Bengaluru Urban,Koramangala,AREA0053,12.981324,77.591364,BANK_BRANCH_ATM,1
ATM00472,BANK008,Andhra Pradesh,Vijayawada,Governorpet,AREA0158,16.531897,80.638993,SHOPPING_MALL_ATM,0
ATM00473,BANK006,Kerala,Kottayam,Kumaranalloor,AREA0142,9.572216,76.497774,PETROL_STATION_ATM,1
ATM00474,BANK007,Andhra Pradesh,Kakinada,Jagannaickpur,AREA0187,16.983351,82.226218,BANK_BRANCH_ATM,0
ATM00475,BANK006,Karnataka,Mysuru,Saraswathipuram,AREA0059,12.287515,76.639449,PETROL_STATION_ATM,1
ATM00476,BANK007,Andhra Pradesh,Rajamahendravaram,Lalacheruvu,AREA0185,16.992125,81.779486,SHOPPING_MALL_ATM,1
ATM00477,BANK008,Kerala,Kannur,Thalassery,AREA0131,11.866109,75.364492,PETROL_STATION_ATM,0
ATM00478,BANK001,Tamil Nadu,Madurai,Thirunagar,AREA0014,9.931712,78.107334,PETROL_STATION_ATM,1
ATM00479,BANK002,Andhra Pradesh,Guntur,Lakshmipuram,AREA0163,16.298368,80.44046,STANDALONE_ATM,1
ATM00480,BANK005,Karnataka,Mangaluru,Hampankatta,AREA0061,12.915295,74.836083,STANDALONE_ATM,1
ATM00481,BANK002,Karnataka,Belagavi,Tilakwadi,AREA0071,15.862288,74.492098,TRANSIT_ATM,1
ATM00482,BANK002,Karnataka,Mysuru,Nazarbad,AREA0060,12.282054,76.62304,BANK_BRANCH_ATM,1
ATM00483,BANK008,Andhra Pradesh,Kakinada,Ramanayyapeta,AREA0188,17.001879,82.221817,STANDALONE_ATM,1
ATM00484,BANK005,Tamil Nadu,Vellore,Bagayam,AREA0039,12.921512,79.142664,BANK_BRANCH_ATM,1
ATM00485,BANK001,Andhra Pradesh,Nellore,Balaji Nagar,AREA0172,14.437927,80.005591,SHOPPING_MALL_ATM,1
ATM00486,BANK001,Tamil Nadu,Erode,Surampatti,AREA0032,11.329146,77.723617,SHOPPING_MALL_ATM,1
ATM00487,BANK006,Tamil Nadu,Dindigul,Nagal Nagar,AREA0046,10.368645,78.001236,SHOPPING_MALL_ATM,0
ATM00488,BANK007,Tamil Nadu,Tiruchirappalli,Woraiyur,AREA0018,10.787128,78.7098,STANDALONE_ATM,1
ATM00489,BANK004,Tamil Nadu,Salem,Hasthampatti,AREA0022,11.665569,78.127673,PETROL_STATION_ATM,1
ATM00490,BANK007,Tamil Nadu,Dindigul,Palani Road,AREA0049,10.365547,77.973185,PETROL_STATION_ATM,0
ATM00491,BANK003,Tamil Nadu,Thanjavur,Palliagraharam,AREA0044,10.788351,79.14314,STANDALONE_ATM,1
ATM00492,BANK003,Karnataka,Tumakuru,Ashok Nagar,AREA0083,13.3553,77.073032,BANK_BRANCH_ATM,1
ATM00493,BANK007,Kerala,Kottayam,Kumaranalloor,AREA0142,9.591605,76.506634,PETROL_STATION_ATM,1
ATM00494,BANK004,Andhra Pradesh,Nellore,Stonehousepet,AREA0175,14.449187,80.01313,TRANSIT_ATM,0
ATM00495,BANK003,Kerala,Kollam,Kottarakkara,AREA0121,8.889171,76.604627,STANDALONE_ATM,0
ATM00496,BANK008,Kerala,Palakkad,Shoranur Road,AREA0139,10.781026,76.639387,SHOPPING_MALL_ATM,1
ATM00497,BANK008,Tamil Nadu,Vellore,Vellore Fort,AREA0040,12.884283,79.135615,SHOPPING_MALL_ATM,0
ATM00498,BANK001,Andhra Pradesh,Vijayawada,Patamata,AREA0159,16.505652,80.63882,TRANSIT_ATM,1
ATM00499,BANK005,Kerala,Alappuzha,Mullakkal,AREA0126,9.484943,76.348859,PETROL_STATION_ATM,0
ATM00500,BANK003,Kerala,Malappuram,Kottakkal,AREA0146,11.065934,76.072684,BANK_BRANCH_ATM,1
ATM00501,BANK008,Andhra Pradesh,Tirupati,MR Palli,AREA0169,13.60377,79.416958,SHOPPING_MALL_ATM,1
ATM00502,BANK005,Karnataka,Kalaburagi,Shah Bazar,AREA0090,17.333705,76.830729,TRANSIT_ATM,1
ATM00503,BANK005,Karnataka,Udupi,Kinnimulki,AREA0093,13.338685,74.733722,TRANSIT_ATM,1
ATM00504,BANK005,Andhra Pradesh,Rajamahendravaram,Danavaipeta,AREA0181,16.985792,81.795288,STANDALONE_ATM,1
ATM00505,BANK007,Andhra Pradesh,Kadapa,Yerramukkapalli,AREA0193,14.469698,78.817383,TRANSIT_ATM,0
ATM00506,BANK002,Karnataka,Belagavi,Udyambag,AREA0074,15.846163,74.513854,STANDALONE_ATM,1
ATM00507,BANK007,Kerala,Kozhikode,Nadakkavu,AREA0111,11.245866,75.772135,PETROL_STATION_ATM,1
ATM00508,BANK006,Karnataka,Belagavi,Udyambag,AREA0074,15.847459,74.490289,PETROL_STATION_ATM,1
ATM00509,BANK005,Kerala,Kottayam,Ettumanoor,AREA0145,9.607073,76.533816,SHOPPING_MALL_ATM,0
ATM00510,BANK001,Tamil Nadu,Thanjavur,Karanthai,AREA0043,10.784493,79.163122,TRANSIT_ATM,0
ATM00511,BANK005,Andhra Pradesh,Guntur,Brodipet,AREA0161,16.309922,80.454656,BANK_BRANCH_ATM,0
ATM00512,BANK001,Andhra Pradesh,Visakhapatnam,Dwaraka Nagar,AREA0153,17.703559,83.223476,PETROL_STATION_ATM,1
ATM00513,BANK008,Andhra Pradesh,Guntur,Brodipet,AREA0161,16.292969,80.437187,SHOPPING_MALL_ATM,1
ATM00514,BANK004,Kerala,Kollam,Kadappakada,AREA0124,8.884552,76.620446,PETROL_STATION_ATM,0
ATM00515,BANK006,Andhra Pradesh,Kurnool,Bellary Road,AREA0179,15.832372,78.039916,STANDALONE_ATM,1
ATM00516,BANK004,Kerala,Thrissur,Koorkenchery,AREA0119,10.53701,76.218127,PETROL_STATION_ATM,1
ATM00517,BANK005,Kerala,Alappuzha,Alappuzha Beach,AREA0127,9.496991,76.324195,STANDALONE_ATM,1
ATM00518,BANK002,Karnataka,Bengaluru Urban,Koramangala,AREA0053,12.964036,77.582503,BANK_BRANCH_ATM,0
ATM00519,BANK005,Tamil Nadu,Thanjavur,Karanthai,AREA0043,10.797208,79.135919,TRANSIT_ATM,1
ATM00520,BANK001,Tamil Nadu,Vellore,Gandhi Nagar,AREA0038,12.919167,79.126748,PETROL_STATION_ATM,1
ATM00521,BANK006,Andhra Pradesh,Guntur,Nallapadu,AREA0164,16.32,80.443661,STANDALONE_ATM,1
ATM00522,BANK002,Kerala,Palakkad,Chandranagar,AREA0140,10.78788,76.654166,SHOPPING_MALL_ATM,1
ATM00523,BANK006,Karnataka,Mangaluru,Bejai,AREA0064,12.904291,74.848685,TRANSIT_ATM,1
ATM00524,BANK003,Tamil Nadu,Thanjavur,Karanthai,AREA0043,10.768689,79.145214,STANDALONE_ATM,1
ATM00525,BANK003,Andhra Pradesh,Guntur,Lakshmipuram,AREA0163,16.315252,80.445615,PETROL_STATION_ATM,0
ATM00526,BANK006,Tamil Nadu,Tiruchirappalli,Woraiyur,AREA0018,10.779107,78.721917,PETROL_STATION_ATM,1
ATM00527,BANK005,Tamil Nadu,Coimbatore,Gandhipuram,AREA0006,11.012808,76.961699,STANDALONE_ATM,1
ATM00528,BANK005,Tamil Nadu,Coimbatore,Peelamedu,AREA0008,11.001976,76.969776,TRANSIT_ATM,1
ATM00529,BANK005,Andhra Pradesh,Kurnool,Bellary Road,AREA0179,15.836149,78.033793,SHOPPING_MALL_ATM,1
ATM00530,BANK002,Andhra Pradesh,Guntur,Gorantla,AREA0165,16.30107,80.444236,TRANSIT_ATM,1
ATM00531,BANK002,Tamil Nadu,Madurai,Thirunagar,AREA0014,9.939137,78.110065,STANDALONE_ATM,1
ATM00532,BANK004,Andhra Pradesh,Nellore,Balaji Nagar,AREA0172,14.441432,79.980455,TRANSIT_ATM,0
ATM00533,BANK006,Tamil Nadu,Chennai,Guindy,AREA0004,13.097278,80.263529,BANK_BRANCH_ATM,1
ATM00534,BANK007,Karnataka,Mangaluru,Hampankatta,AREA0061,12.899684,74.864303,BANK_BRANCH_ATM,0
ATM00535,BANK005,Andhra Pradesh,Visakhapatnam,Dwaraka Nagar,AREA0153,17.702819,83.226057,PETROL_STATION_ATM,0
ATM00536,BANK002,Andhra Pradesh,Tirupati,Tiruchanur,AREA0168,13.641657,79.443441,TRANSIT_ATM,1
ATM00537,BANK006,Andhra Pradesh,Nellore,Dargamitta,AREA0173,14.462207,80.007557,SHOPPING_MALL_ATM,1
ATM00538,BANK007,Andhra Pradesh,Visakhapatnam,Madhurawada,AREA0151,17.708025,83.212594,SHOPPING_MALL_ATM,1
ATM00539,BANK002,Tamil Nadu,Thanjavur,Old Town,AREA0045,10.795444,79.13971,STANDALONE_ATM,1
ATM00540,BANK008,Karnataka,Hubballi,Keshwapur,AREA0068,15.34705,75.125694,BANK_BRANCH_ATM,1
ATM00541,BANK006,Andhra Pradesh,Anantapur,Sapthagiri Circle,AREA0196,14.695321,77.607192,PETROL_STATION_ATM,1
ATM00542,BANK004,Kerala,Thrissur,Ollur,AREA0118,10.526806,76.206563,BANK_BRANCH_ATM,1
ATM00543,BANK008,Kerala,Palakkad,Olavakkode,AREA0136,10.7934,76.652876,SHOPPING_MALL_ATM,0
ATM00544,BANK007,Karnataka,Ballari,Infantry Road,AREA0100,15.152755,76.934332,BANK_BRANCH_ATM,1
ATM00545,BANK003,Karnataka,Bengaluru Urban,Electronic City,AREA0054,12.976449,77.582336,BANK_BRANCH_ATM,1
ATM00546,BANK001,Tamil Nadu,Vellore,Katpadi,AREA0036,12.911728,79.154339,SHOPPING_MALL_ATM,1
ATM00547,BANK008,Andhra Pradesh,Tirupati,Tiruchanur,AREA0168,13.635077,79.43517,BANK_BRANCH_ATM,1
ATM00548,BANK002,Andhra Pradesh,Tirupati,Tiruchanur,AREA0168,13.617037,79.455943,STANDALONE_ATM,1
ATM00549,BANK003,Tamil Nadu,Erode,Perundurai Road,AREA0031,11.321143,77.723666,TRANSIT_ATM,1
ATM00550,BANK008,Kerala,Thrissur,Punkunnam,AREA0116,10.506731,76.227755,SHOPPING_MALL_ATM,0
ATM00551,BANK007,Tamil Nadu,Coimbatore,Gandhipuram,AREA0006,11.007111,76.954012,PETROL_STATION_ATM,1
ATM00552,BANK003,Andhra Pradesh,Kurnool,Nandyal Road,AREA0177,15.832083,78.04689,TRANSIT_ATM,0
ATM00553,BANK002,Andhra Pradesh,Nellore,Dargamitta,AREA0173,14.440602,79.989043,TRANSIT_ATM,1
ATM00554,BANK007,Karnataka,Mysuru,Vijayanagar,AREA0056,12.299264,76.640297,SHOPPING_MALL_ATM,1
ATM00555,BANK001,Andhra Pradesh,Tirupati,Korlagunta,AREA0170,13.626611,79.413384,SHOPPING_MALL_ATM,0
ATM00556,BANK004,Andhra Pradesh,Kadapa,Seven Roads,AREA0195,14.471517,78.827801,TRANSIT_ATM,1
ATM00557,BANK008,Tamil Nadu,Tiruchirappalli,Woraiyur,AREA0018,10.782505,78.702568,STANDALONE_ATM,0
ATM00558,BANK006,Tamil Nadu,Dindigul,Nagal Nagar,AREA0046,10.346541,77.977529,BANK_BRANCH_ATM,0
ATM00559,BANK006,Tamil Nadu,Erode,Teachers Colony,AREA0034,11.320573,77.711646,PETROL_STATION_ATM,1
ATM00560,BANK006,Karnataka,Mangaluru,Bejai,AREA0064,12.901921,74.846866,BANK_BRANCH_ATM,0
ATM00561,BANK007,Karnataka,Bengaluru Urban,Whitefield,AREA0051,12.988031,77.580937,SHOPPING_MALL_ATM,0
ATM00562,BANK004,Tamil Nadu,Thanjavur,New Bus Stand,AREA0042,10.782447,79.141785,BANK_BRANCH_ATM,1
ATM00563,BANK008,Andhra Pradesh,Nellore,Dargamitta,AREA0173,14.419583,79.984699,BANK_BRANCH_ATM,1
ATM00564,BANK004,Andhra Pradesh,Guntur,Brodipet,AREA0161,16.309537,80.423744,PETROL_STATION_ATM,1
ATM00565,BANK001,Tamil Nadu,Tirunelveli,Melapalayam,AREA0029,8.696783,77.766076,BANK_BRANCH_ATM,1
ATM00566,BANK006,Tamil Nadu,Tiruchirappalli,Thillai Nagar,AREA0017,10.767871,78.699974,STANDALONE_ATM,1
ATM00567,BANK003,Tamil Nadu,Madurai,Anna Nagar,AREA0012,9.91097,78.091937,PETROL_STATION_ATM,1
ATM00568,BANK004,Kerala,Kozhikode,West Hill,AREA0114,11.272354,75.78858,BANK_BRANCH_ATM,1
ATM00569,BANK004,Karnataka,Mangaluru,Hampankatta,AREA0061,12.928786,74.857642,PETROL_STATION_ATM,1
ATM00570,BANK004,Andhra Pradesh,Kurnool,Bellary Road,AREA0179,15.813888,78.031307,STANDALONE_ATM,1
ATM00571,BANK006,Kerala,Malappuram,Tirur,AREA0149,11.011103,76.053473,STANDALONE_ATM,1
ATM00572,BANK001,Karnataka,Belagavi,Shahapur,AREA0072,15.846423,74.510353,SHOPPING_MALL_ATM,1
ATM00573,BANK003,Karnataka,Kalaburagi,Shah Bazar,AREA0090,17.323801,76.838439,STANDALONE_ATM,0
ATM00574,BANK005,Andhra Pradesh,Kakinada,Suryaraopeta,AREA0190,16.992243,82.232439,STANDALONE_ATM,1
ATM00575,BANK002,Karnataka,Ballari,Cowl Bazaar,AREA0097,15.124601,76.929329,BANK_BRANCH_ATM,1
ATM00576,BANK003,Karnataka,Belagavi,Udyambag,AREA0074,15.838992,74.502525,BANK_BRANCH_ATM,1
ATM00577,BANK006,Tamil Nadu,Vellore,Sathuvachari,AREA0037,12.905596,79.123919,STANDALONE_ATM,0
ATM00578,BANK006,Andhra Pradesh,Guntur,Gorantla,AREA0165,16.311265,80.43421,BANK_BRANCH_ATM,1
ATM00579,BANK003,Kerala,Kozhikode,West Hill,AREA0114,11.2546,75.768447,SHOPPING_MALL_ATM,1
ATM00580,BANK001,Karnataka,Belagavi,Sadashiv Nagar,AREA0073,15.851094,74.487561,STANDALONE_ATM,1
ATM00581,BANK007,Andhra Pradesh,Vijayawada,Patamata,AREA0159,16.51244,80.636266,PETROL_STATION_ATM,0
ATM00582,BANK002,Tamil Nadu,Thanjavur,Karanthai,AREA0043,10.782672,79.144267,BANK_BRANCH_ATM,1
ATM00583,BANK008,Tamil Nadu,Chennai,Anna Nagar,AREA0001,13.086254,80.275203,TRANSIT_ATM,1
ATM00584,BANK006,Kerala,Malappuram,Down Hill,AREA0150,11.049298,76.056893,PETROL_STATION_ATM,1
ATM00585,BANK002,Tamil Nadu,Tiruchirappalli,Cantonment,AREA0019,10.80045,78.704372,TRANSIT_ATM,0
ATM00586,BANK004,Karnataka,Mysuru,Hebbal,AREA0057,12.287926,76.630605,PETROL_STATION_ATM,1
ATM00587,BANK001,Karnataka,Udupi,Kinnimulki,AREA0093,13.359992,74.739631,PETROL_STATION_ATM,0
ATM00588,BANK005,Karnataka,Ballari,Cowl Bazaar,AREA0097,15.16267,76.904588,TRANSIT_ATM,1
ATM00589,BANK001,Andhra Pradesh,Visakhapatnam,MVP Colony,AREA0154,17.70086,83.214116,BANK_BRANCH_ATM,0
ATM00590,BANK008,Tamil Nadu,Coimbatore,Gandhipuram,AREA0006,11.009608,76.94248,TRANSIT_ATM,1
ATM00591,BANK007,Kerala,Kollam,Chinnakada,AREA0123,8.893455,76.624741,BANK_BRANCH_ATM,1
ATM00592,BANK008,Tamil Nadu,Madurai,KK Nagar,AREA0011,9.925876,78.113654,TRANSIT_ATM,1
ATM00593,BANK002,Andhra Pradesh,Tirupati,Tiruchanur,AREA0168,13.610162,79.415582,BANK_BRANCH_ATM,0
ATM00594,BANK006,Kerala,Malappuram,Kottakkal,AREA0146,11.05399,76.060378,PETROL_STATION_ATM,1
ATM00595,BANK003,Tamil Nadu,Erode,Karungalpalayam,AREA0035,11.355655,77.711354,BANK_BRANCH_ATM,1
ATM00596,BANK003,Kerala,Malappuram,Down Hill,AREA0150,11.0549,76.065745,SHOPPING_MALL_ATM,0
ATM00597,BANK006,Kerala,Palakkad,Olavakkode,AREA0136,10.795614,76.656166,TRANSIT_ATM,1
ATM00598,BANK005,Tamil Nadu,Madurai,Thirunagar,AREA0014,9.943606,78.121454,TRANSIT_ATM,0
ATM00599,BANK007,Karnataka,Hubballi,Keshwapur,AREA0068,15.370765,75.12635,BANK_BRANCH_ATM,1
ATM00600,BANK002,Kerala,Kollam,Chinnakada,AREA0123,8.879133,76.627863,PETROL_STATION_ATM,1
ATM00601,BANK004,Andhra Pradesh,Kakinada,Bhanugudi,AREA0189,16.993076,82.253901,TRANSIT_ATM,1
ATM00602,BANK008,Karnataka,Bengaluru Urban,Yelahanka,AREA0055,12.983495,77.607061,STANDALONE_ATM,1
ATM00603,BANK007,Andhra Pradesh,Anantapur,Aravind Nagar,AREA0198,14.66884,77.585248,SHOPPING_MALL_ATM,0
ATM00604,BANK008,Karnataka,Kalaburagi,Gulbarga University Area,AREA0088,17.319858,76.819283,TRANSIT_ATM,1
ATM00605,BANK007,Andhra Pradesh,Kakinada,Jagannaickpur,AREA0187,16.983479,82.233644,BANK_BRANCH_ATM,1
ATM00606,BANK006,Tamil Nadu,Madurai,Mattuthavani,AREA0013,9.912055,78.123381,TRANSIT_ATM,1
ATM00607,BANK006,Karnataka,Kalaburagi,Station Road,AREA0089,17.309912,76.834419,SHOPPING_MALL_ATM,1
ATM00608,BANK006,Kerala,Kannur,Chovva,AREA0133,11.884397,75.380192,STANDALONE_ATM,1
ATM00609,BANK008,Andhra Pradesh,Rajamahendravaram,Danavaipeta,AREA0181,16.995893,81.792388,BANK_BRANCH_ATM,0
ATM00610,BANK002,Tamil Nadu,Chennai,T Nagar,AREA0002,13.090325,80.257291,BANK_BRANCH_ATM,1
ATM00611,BANK002,Karnataka,Shivamogga,Vidya Nagar,AREA0080,13.926658,75.575227,TRANSIT_ATM,1
ATM00612,BANK002,Karnataka,Bengaluru Urban,Electronic City,AREA0054,12.965573,77.588687,SHOPPING_MALL_ATM,1
ATM00613,BANK003,Karnataka,Kalaburagi,Sedam Road,AREA0086,17.332452,76.854852,PETROL_STATION_ATM,1
ATM00614,BANK001,Karnataka,Ballari,Parvathi Nagar,AREA0098,15.148764,76.901902,PETROL_STATION_ATM,1
ATM00615,BANK006,Tamil Nadu,Erode,Veerappanchatram,AREA0033,11.342474,77.705096,BANK_BRANCH_ATM,1
ATM00616,BANK007,Karnataka,Hubballi,Keshwapur,AREA0068,15.374926,75.139017,SHOPPING_MALL_ATM,1
ATM00617,BANK007,Andhra Pradesh,Guntur,Nallapadu,AREA0164,16.329613,80.446219,BANK_BRANCH_ATM,1
ATM00618,BANK005,Karnataka,Shivamogga,Vidya Nagar,AREA0080,13.935501,75.574176,PETROL_STATION_ATM,0
ATM00619,BANK005,Kerala,Kozhikode,Kottooli,AREA0115,11.246463,75.779235,SHOPPING_MALL_ATM,1
ATM00620,BANK002,Tamil Nadu,Thanjavur,Karanthai,AREA0043,10.788787,79.129647,PETROL_STATION_ATM,1
ATM00621,BANK004,Tamil Nadu,Coimbatore,Gandhipuram,AREA0006,11.02188,76.980769,STANDALONE_ATM,0
ATM00622,BANK008,Tamil Nadu,Erode,Karungalpalayam,AREA0035,11.320068,77.724187,STANDALONE_ATM,1
ATM00623,BANK002,Andhra Pradesh,Guntur,Nallapadu,AREA0164,16.305908,80.441908,SHOPPING_MALL_ATM,1
ATM00624,BANK006,Tamil Nadu,Madurai,KK Nagar,AREA0011,9.926754,78.11618,BANK_BRANCH_ATM,1
ATM00625,BANK005,Tamil Nadu,Thanjavur,Old Town,AREA0045,10.770003,79.145638,PETROL_STATION_ATM,1
ATM00626,BANK004,Karnataka,Belagavi,Tilakwadi,AREA0071,15.854855,74.502901,TRANSIT_ATM,1
ATM00627,BANK001,Karnataka,Hubballi,Navanagar,AREA0070,15.378543,75.117777,PETROL_STATION_ATM,1
ATM00628,BANK005,Tamil Nadu,Thanjavur,New Bus Stand,AREA0042,10.786181,79.127584,BANK_BRANCH_ATM,1
ATM00629,BANK003,Andhra Pradesh,Tirupati,MR Palli,AREA0169,13.622133,79.403584,SHOPPING_MALL_ATM,1
ATM00630,BANK005,Andhra Pradesh,Guntur,Gorantla,AREA0165,16.297193,80.409664,SHOPPING_MALL_ATM,1
ATM00631,BANK006,Andhra Pradesh,Kakinada,Jagannaickpur,AREA0187,16.993133,82.270986,BANK_BRANCH_ATM,0
ATM00632,BANK003,Karnataka,Udupi,Ajjarkad,AREA0094,13.327132,74.738351,STANDALONE_ATM,1
ATM00633,BANK007,Andhra Pradesh,Kadapa,RTC Colony,AREA0194,14.488082,78.830089,BANK_BRANCH_ATM,0
ATM00634,BANK003,Karnataka,Tumakuru,Ashok Nagar,AREA0083,13.3424,77.090116,BANK_BRANCH_ATM,1
ATM00635,BANK002,Kerala,Kannur,Chovva,AREA0133,11.871903,75.362837,PETROL_STATION_ATM,1
ATM00636,BANK004,Karnataka,Tumakuru,Sira Road,AREA0081,13.34404,77.106131,TRANSIT_ATM,1
ATM00637,BANK007,Karnataka,Belagavi,Udyambag,AREA0074,15.844117,74.494234,TRANSIT_ATM,1
ATM00638,BANK006,Karnataka,Tumakuru,Ashok Nagar,AREA0083,13.353088,77.116439,STANDALONE_ATM,0
ATM00639,BANK006,Karnataka,Shivamogga,BH Road,AREA0079,13.925375,75.563905,SHOPPING_MALL_ATM,1
ATM00640,BANK006,Tamil Nadu,Coimbatore,Saibaba Colony,AREA0009,11.002402,76.952293,PETROL_STATION_ATM,1
ATM00641,BANK002,Kerala,Ernakulam,Aluva,AREA0110,9.981771,76.280984,BANK_BRANCH_ATM,1
ATM00642,BANK003,Andhra Pradesh,Kadapa,Proddatur Road,AREA0191,14.471643,78.821029,STANDALONE_ATM,1
ATM00643,BANK001,Andhra Pradesh,Rajamahendravaram,Dowleswaram,AREA0184,17.005545,81.801153,BANK_BRANCH_ATM,1
ATM00644,BANK005,Andhra Pradesh,Visakhapatnam,Madhurawada,AREA0151,17.710678,83.222711,TRANSIT_ATM,1
ATM00645,BANK007,Kerala,Malappuram,Manjeri,AREA0147,11.047417,76.074388,TRANSIT_ATM,1
ATM00646,BANK008,Kerala,Ernakulam,Edappally,AREA0107,9.978814,76.313875,TRANSIT_ATM,1
ATM00647,BANK005,Andhra Pradesh,Rajamahendravaram,Dowleswaram,AREA0184,16.996956,81.778321,STANDALONE_ATM,1
ATM00648,BANK002,Kerala,Thiruvananthapuram,Vazhuthacaud,AREA0103,8.532175,76.915425,SHOPPING_MALL_ATM,1
ATM00649,BANK007,Tamil Nadu,Coimbatore,Peelamedu,AREA0008,11.034892,76.947494,BANK_BRANCH_ATM,1
ATM00650,BANK005,Kerala,Kannur,Burnassery,AREA0135,11.89066,75.364708,PETROL_STATION_ATM,1
ATM00651,BANK008,Andhra Pradesh,Anantapur,Aravind Nagar,AREA0198,14.682781,77.596563,PETROL_STATION_ATM,1
ATM00652,BANK005,Kerala,Palakkad,Shoranur Road,AREA0139,10.792022,76.640978,BANK_BRANCH_ATM,0
ATM00653,BANK004,Karnataka,Mysuru,Nazarbad,AREA0060,12.268822,76.654536,TRANSIT_ATM,0
ATM00654,BANK001,Tamil Nadu,Erode,Karungalpalayam,AREA0035,11.358953,77.711488,BANK_BRANCH_ATM,1
ATM00655,BANK004,Tamil Nadu,Tiruchirappalli,Woraiyur,AREA0018,10.780414,78.702003,SHOPPING_MALL_ATM,0
ATM00656,BANK004,Kerala,Kannur,Chovva,AREA0133,11.860908,75.374532,STANDALONE_ATM,0
ATM00657,BANK005,Tamil Nadu,Chennai,Adyar,AREA0005,13.078216,80.264613,SHOPPING_MALL_ATM,1
ATM00658,BANK006,Andhra Pradesh,Rajamahendravaram,Lalacheruvu,AREA0185,16.981973,81.782725,BANK_BRANCH_ATM,0
ATM00659,BANK001,Kerala,Kozhikode,West Hill,AREA0114,11.254495,75.779422,TRANSIT_ATM,1
ATM00660,BANK007,Tamil Nadu,Chennai,T Nagar,AREA0002,13.07458,80.282755,STANDALONE_ATM,0
ATM00661,BANK003,Kerala,Thrissur,Ayyanthole,AREA0117,10.531733,76.213508,TRANSIT_ATM,1
ATM00662,BANK004,Karnataka,Bengaluru Urban,Electronic City,AREA0054,12.959366,77.605813,PETROL_STATION_ATM,1
ATM00663,BANK006,Karnataka,Belagavi,Udyambag,AREA0074,15.842137,74.498539,BANK_BRANCH_ATM,1
ATM00664,BANK007,Andhra Pradesh,Tirupati,Alipiri,AREA0167,13.62171,79.42706,BANK_BRANCH_ATM,0
ATM00665,BANK007,Andhra Pradesh,Guntur,Lakshmipuram,AREA0163,16.282874,80.42918,BANK_BRANCH_ATM,1
ATM00666,BANK008,Tamil Nadu,Tiruchirappalli,Woraiyur,AREA0018,10.798628,78.6954,BANK_BRANCH_ATM,0
ATM00667,BANK006,Karnataka,Ballari,Parvathi Nagar,AREA0098,15.116214,76.913294,PETROL_STATION_ATM,1
ATM00668,BANK007,Kerala,Thiruvananthapuram,Kesavadasapuram,AREA0105,8.527126,76.922367,PETROL_STATION_ATM,1
ATM00669,BANK007,Andhra Pradesh,Visakhapatnam,Gajuwaka,AREA0152,17.684737,83.216464,TRANSIT_ATM,1
ATM00670,BANK005,Karnataka,Belagavi,Shahapur,AREA0072,15.870077,74.487319,BANK_BRANCH_ATM,0
ATM00671,BANK007,Tamil Nadu,Coimbatore,RS Puram,AREA0007,11.035614,76.945486,BANK_BRANCH_ATM,0
ATM00672,BANK006,Kerala,Alappuzha,Punnamada,AREA0129,9.504381,76.334893,STANDALONE_ATM,1
ATM00673,BANK008,Karnataka,Mysuru,Kuvempunagar,AREA0058,12.29017,76.622262,SHOPPING_MALL_ATM,0
ATM00674,BANK002,Kerala,Kannur,Burnassery,AREA0135,11.880698,75.382076,TRANSIT_ATM,1
ATM00675,BANK002,Karnataka,Shivamogga,BH Road,AREA0079,13.935681,75.55975,STANDALONE_ATM,1
ATM00676,BANK007,Kerala,Kannur,Burnassery,AREA0135,11.86998,75.367924,PETROL_STATION_ATM,1
ATM00677,BANK007,Tamil Nadu,Erode,Surampatti,AREA0032,11.348263,77.730585,PETROL_STATION_ATM,1
ATM00678,BANK002,Andhra Pradesh,Nellore,Vedayapalem,AREA0174,14.439237,79.964588,TRANSIT_ATM,1
ATM00679,BANK005,Karnataka,Tumakuru,Ashok Nagar,AREA0083,13.317167,77.091586,SHOPPING_MALL_ATM,1
ATM00680,BANK004,Andhra Pradesh,Tirupati,Korlagunta,AREA0170,13.639937,79.425714,SHOPPING_MALL_ATM,1
ATM00681,BANK003,Andhra Pradesh,Vijayawada,Benz Circle,AREA0156,16.514161,80.639309,BANK_BRANCH_ATM,1
ATM00682,BANK002,Andhra Pradesh,Nellore,Vedayapalem,AREA0174,14.437163,79.997237,PETROL_STATION_ATM,1
ATM00683,BANK004,Kerala,Thrissur,Ollur,AREA0118,10.547079,76.225408,SHOPPING_MALL_ATM,1
ATM00684,BANK006,Karnataka,Kalaburagi,Sedam Road,AREA0086,17.340716,76.82511,STANDALONE_ATM,0
ATM00685,BANK004,Kerala,Palakkad,Chandranagar,AREA0140,10.794124,76.639005,BANK_BRANCH_ATM,1
ATM00686,BANK003,Tamil Nadu,Thanjavur,Karanthai,AREA0043,10.799875,79.141705,SHOPPING_MALL_ATM,0
ATM00687,BANK004,Kerala,Malappuram,Manjeri,AREA0147,11.047566,76.045722,STANDALONE_ATM,1
ATM00688,BANK003,Karnataka,Hubballi,Vidya Nagar,AREA0066,15.360899,75.123729,BANK_BRANCH_ATM,0
ATM00689,BANK003,Karnataka,Bengaluru Urban,Whitefield,AREA0051,12.972511,77.591328,TRANSIT_ATM,1
ATM00690,BANK008,Kerala,Ernakulam,Vyttila,AREA0109,9.97505,76.289457,PETROL_STATION_ATM,1
ATM00691,BANK008,Andhra Pradesh,Kadapa,Yerramukkapalli,AREA0193,14.486866,78.847514,PETROL_STATION_ATM,1
ATM00692,BANK006,Tamil Nadu,Madurai,Thirunagar,AREA0014,9.927556,78.110226,SHOPPING_MALL_ATM,1
ATM00693,BANK003,Andhra Pradesh,Rajamahendravaram,Dowleswaram,AREA0184,16.976288,81.780645,TRANSIT_ATM,1
ATM00694,BANK002,Karnataka,Mysuru,Hebbal,AREA0057,12.318619,76.642338,TRANSIT_ATM,1
ATM00695,BANK008,Andhra Pradesh,Vijayawada,Patamata,AREA0159,16.520387,80.661928,SHOPPING_MALL_ATM,1
ATM00696,BANK005,Karnataka,Mysuru,Kuvempunagar,AREA0058,12.303632,76.625748,PETROL_STATION_ATM,1
ATM00697,BANK001,Kerala,Thrissur,Ollur,AREA0118,10.54158,76.199453,SHOPPING_MALL_ATM,1
ATM00698,BANK002,Karnataka,Hubballi,Keshwapur,AREA0068,15.355578,75.127446,SHOPPING_MALL_ATM,1
ATM00699,BANK008,Kerala,Malappuram,Kottakkal,AREA0146,11.046469,76.074421,TRANSIT_ATM,0
ATM00700,BANK001,Kerala,Kottayam,Kodimatha,AREA0143,9.57603,76.513106,BANK_BRANCH_ATM,0
ATM00701,BANK006,Kerala,Ernakulam,Edappally,AREA0107,9.988901,76.333092,SHOPPING_MALL_ATM,0
ATM00702,BANK002,Kerala,Ernakulam,Vyttila,AREA0109,9.998619,76.280834,BANK_BRANCH_ATM,1
ATM00703,BANK007,Tamil Nadu,Dindigul,RM Colony,AREA0048,10.363905,77.972871,TRANSIT_ATM,0
ATM00704,BANK001,Tamil Nadu,Vellore,Katpadi,AREA0036,12.916122,79.135797,TRANSIT_ATM,1
ATM00705,BANK004,Andhra Pradesh,Nellore,Stonehousepet,AREA0175,14.435857,79.998676,SHOPPING_MALL_ATM,1
ATM00706,BANK008,Karnataka,Tumakuru,Sira Road,AREA0081,13.353671,77.114702,PETROL_STATION_ATM,1
ATM00707,BANK003,Tamil Nadu,Tirunelveli,Vannarpettai,AREA0027,8.702897,77.760619,BANK_BRANCH_ATM,1
ATM00708,BANK008,Kerala,Palakkad,Chandranagar,AREA0140,10.799129,76.664637,BANK_BRANCH_ATM,1
ATM00709,BANK006,Karnataka,Ballari,Infantry Road,AREA0100,15.14834,76.938673,BANK_BRANCH_ATM,0
ATM00710,BANK003,Tamil Nadu,Chennai,Adyar,AREA0005,13.077185,80.249843,BANK_BRANCH_ATM,1
ATM00711,BANK004,Andhra Pradesh,Tirupati,Korlagunta,AREA0170,13.625247,79.416318,TRANSIT_ATM,1
ATM00712,BANK008,Tamil Nadu,Salem,Hasthampatti,AREA0022,11.694956,78.138294,PETROL_STATION_ATM,1
ATM00713,BANK003,Tamil Nadu,Tiruchirappalli,Woraiyur,AREA0018,10.804666,78.732041,SHOPPING_MALL_ATM,0
ATM00714,BANK006,Kerala,Alappuzha,Kalavoor,AREA0128,9.52175,76.338566,SHOPPING_MALL_ATM,1
ATM00715,BANK007,Karnataka,Mysuru,Nazarbad,AREA0060,12.305836,76.642266,TRANSIT_ATM,1
ATM00716,BANK006,Kerala,Thrissur,Punkunnam,AREA0116,10.517974,76.230794,PETROL_STATION_ATM,1
ATM00717,BANK001,Karnataka,Udupi,Kinnimulki,AREA0093,13.348085,74.731057,SHOPPING_MALL_ATM,1
ATM00718,BANK002,Karnataka,Belagavi,Tilakwadi,AREA0071,15.84521,74.495833,SHOPPING_MALL_ATM,1
ATM00719,BANK002,Kerala,Kottayam,Kumaranalloor,AREA0142,9.606285,76.508102,PETROL_STATION_ATM,1
ATM00720,BANK007,Andhra Pradesh,Visakhapatnam,Madhurawada,AREA0151,17.659725,83.204359,SHOPPING_MALL_ATM,1
ATM00721,BANK005,Tamil Nadu,Dindigul,Natham Road,AREA0050,10.369916,77.968554,PETROL_STATION_ATM,1
ATM00722,BANK003,Karnataka,Belagavi,Angol,AREA0075,15.847523,74.491768,SHOPPING_MALL_ATM,1
ATM00723,BANK002,Tamil Nadu,Erode,Veerappanchatram,AREA0033,11.316221,77.708968,PETROL_STATION_ATM,1
ATM00724,BANK003,Tamil Nadu,Salem,Ammapet,AREA0023,11.66174,78.157519,SHOPPING_MALL_ATM,1
ATM00725,BANK005,Kerala,Kannur,Pallikkunnu,AREA0132,11.898414,75.361048,TRANSIT_ATM,0
ATM00726,BANK003,Andhra Pradesh,Guntur,Arundelpet,AREA0162,16.30877,80.44263,PETROL_STATION_ATM,1
ATM00727,BANK002,Tamil Nadu,Erode,Perundurai Road,AREA0031,11.370335,77.710693,SHOPPING_MALL_ATM,1
ATM00728,BANK007,Karnataka,Shivamogga,Vidya Nagar,AREA0080,13.9199,75.563761,SHOPPING_MALL_ATM,1
ATM00729,BANK003,Tamil Nadu,Erode,Veerappanchatram,AREA0033,11.330915,77.725317,PETROL_STATION_ATM,0
ATM00730,BANK002,Kerala,Ernakulam,Aluva,AREA0110,9.99355,76.30296,TRANSIT_ATM,1
ATM00731,BANK006,Karnataka,Hubballi,Keshwapur,AREA0068,15.366918,75.140689,BANK_BRANCH_ATM,0
ATM00732,BANK006,Kerala,Kozhikode,Mavoor Road,AREA0112,11.256348,75.790047,SHOPPING_MALL_ATM,1
ATM00733,BANK003,Tamil Nadu,Tirunelveli,Melapalayam,AREA0029,8.71124,77.742908,STANDALONE_ATM,1
ATM00734,BANK006,Tamil Nadu,Tiruchirappalli,Thillai Nagar,AREA0017,10.80493,78.708506,TRANSIT_ATM,0
ATM00735,BANK004,Karnataka,Udupi,Santhekatte,AREA0095,13.354042,74.747302,STANDALONE_ATM,1
ATM00736,BANK003,Karnataka,Bengaluru Urban,Electronic City,AREA0054,12.978315,77.584838,STANDALONE_ATM,0
ATM00737,BANK002,Karnataka,Tumakuru,Sira Road,AREA0081,13.370802,77.107381,SHOPPING_MALL_ATM,1
ATM00738,BANK002,Kerala,Kannur,Burnassery,AREA0135,11.89105,75.369399,PETROL_STATION_ATM,1
ATM00739,BANK001,Tamil Nadu,Chennai,Guindy,AREA0004,13.075621,80.280831,SHOPPING_MALL_ATM,0
ATM00740,BANK003,Karnataka,Kalaburagi,Gulbarga University Area,AREA0088,17.314524,76.852652,PETROL_STATION_ATM,0
ATM00741,BANK007,Kerala,Thrissur,West Fort,AREA0120,10.524788,76.224089,STANDALONE_ATM,0
ATM00742,BANK003,Karnataka,Kalaburagi,Gulbarga University Area,AREA0088,17.33361,76.8488,STANDALONE_ATM,1
ATM00743,BANK003,Andhra Pradesh,Vijayawada,Poranki,AREA0160,16.52143,80.650555,TRANSIT_ATM,1
ATM00744,BANK001,Andhra Pradesh,Vijayawada,Moghalrajpuram,AREA0157,16.487941,80.668961,TRANSIT_ATM,1
ATM00745,BANK006,Kerala,Ernakulam,Edappally,AREA0107,9.965471,76.305964,STANDALONE_ATM,1
ATM00746,BANK008,Kerala,Kozhikode,West Hill,AREA0114,11.275605,75.787051,PETROL_STATION_ATM,1
ATM00747,BANK005,Tamil Nadu,Thanjavur,Old Town,AREA0045,10.77989,79.14062,TRANSIT_ATM,1
ATM00748,BANK004,Tamil Nadu,Erode,Veerappanchatram,AREA0033,11.334794,77.710622,PETROL_STATION_ATM,1
ATM00749,BANK004,Tamil Nadu,Madurai,KK Nagar,AREA0011,9.928634,78.089818,SHOPPING_MALL_ATM,1
ATM00750,BANK008,Karnataka,Shivamogga,Gandhi Nagar,AREA0076,13.927527,75.570369,STANDALONE_ATM,1
ATM00751,BANK006,Tamil Nadu,Madurai,Mattuthavani,AREA0013,9.926718,78.110985,PETROL_STATION_ATM,1
ATM00752,BANK008,Andhra Pradesh,Kurnool,Budhwarpet,AREA0176,15.834664,78.038126,TRANSIT_ATM,0
ATM00753,BANK005,Tamil Nadu,Tiruchirappalli,KK Nagar,AREA0020,10.815744,78.711857,TRANSIT_ATM,0
ATM00754,BANK007,Andhra Pradesh,Kakinada,Bhanugudi,AREA0189,16.983244,82.257352,STANDALONE_ATM,0
ATM00755,BANK004,Tamil Nadu,Erode,Teachers Colony,AREA0034,11.321349,77.718635,PETROL_STATION_ATM,1
ATM00756,BANK003,Andhra Pradesh,Anantapur,Aravind Nagar,AREA0198,14.68573,77.602172,SHOPPING_MALL_ATM,0
ATM00757,BANK001,Karnataka,Shivamogga,Gandhi Nagar,AREA0076,13.920428,75.569325,TRANSIT_ATM,0
ATM00758,BANK006,Kerala,Kannur,Burnassery,AREA0135,11.861138,75.391642,PETROL_STATION_ATM,1
ATM00759,BANK002,Karnataka,Tumakuru,Ashok Nagar,AREA0083,13.340525,77.107089,PETROL_STATION_ATM,1
ATM00760,BANK002,Karnataka,Mangaluru,Kadri,AREA0062,12.897374,74.849206,SHOPPING_MALL_ATM,0
ATM00761,BANK002,Tamil Nadu,Vellore,Katpadi,AREA0036,12.923949,79.144982,STANDALONE_ATM,1
ATM00762,BANK005,Karnataka,Udupi,Ajjarkad,AREA0094,13.33013,74.726354,TRANSIT_ATM,1
ATM00763,BANK003,Andhra Pradesh,Anantapur,RTC Colony,AREA0199,14.687933,77.59642,TRANSIT_ATM,1
ATM00764,BANK002,Tamil Nadu,Thanjavur,Palliagraharam,AREA0044,10.768672,79.117374,STANDALONE_ATM,1
ATM00765,BANK008,Tamil Nadu,Vellore,Sathuvachari,AREA0037,12.909331,79.145435,SHOPPING_MALL_ATM,1
ATM00766,BANK001,Karnataka,Tumakuru,Tumkur University Area,AREA0084,13.353612,77.104395,TRANSIT_ATM,1
ATM00767,BANK001,Andhra Pradesh,Nellore,Vedayapalem,AREA0174,14.444517,79.982105,TRANSIT_ATM,0
ATM00768,BANK006,Karnataka,Tumakuru,Ashok Nagar,AREA0083,13.312679,77.114249,STANDALONE_ATM,1
ATM00769,BANK007,Andhra Pradesh,Anantapur,Rudrampeta,AREA0200,14.686681,77.590659,BANK_BRANCH_ATM,1
ATM00770,BANK006,Tamil Nadu,Tirunelveli,Vannarpettai,AREA0027,8.730317,77.742675,STANDALONE_ATM,1
ATM00771,BANK001,Karnataka,Tumakuru,Tumkur University Area,AREA0084,13.352912,77.080209,SHOPPING_MALL_ATM,1
ATM00772,BANK002,Tamil Nadu,Erode,Veerappanchatram,AREA0033,11.371839,77.700901,SHOPPING_MALL_ATM,1
ATM00773,BANK003,Tamil Nadu,Thanjavur,New Bus Stand,AREA0042,10.801456,79.130311,STANDALONE_ATM,1
ATM00774,BANK001,Karnataka,Bengaluru Urban,Whitefield,AREA0051,12.978978,77.615944,SHOPPING_MALL_ATM,1
ATM00775,BANK008,Kerala,Malappuram,Perinthalmanna,AREA0148,11.047854,76.100398,STANDALONE_ATM,0
ATM00776,BANK008,Karnataka,Bengaluru Urban,Whitefield,AREA0051,12.993314,77.576909,TRANSIT_ATM,1
ATM00777,BANK001,Karnataka,Mysuru,Vijayanagar,AREA0056,12.295779,76.636665,BANK_BRANCH_ATM,1
ATM00778,BANK001,Kerala,Malappuram,Manjeri,AREA0147,11.05177,76.066779,SHOPPING_MALL_ATM,1
ATM00779,BANK004,Tamil Nadu,Erode,Karungalpalayam,AREA0035,11.330305,77.716458,STANDALONE_ATM,1
ATM00780,BANK007,Kerala,Ernakulam,Vyttila,AREA0109,9.988553,76.26977,BANK_BRANCH_ATM,1
ATM00781,BANK005,Tamil Nadu,Vellore,Bagayam,AREA0039,12.927735,79.134718,STANDALONE_ATM,1
ATM00782,BANK005,Andhra Pradesh,Guntur,Arundelpet,AREA0162,16.325406,80.431235,BANK_BRANCH_ATM,1
ATM00783,BANK001,Kerala,Kozhikode,West Hill,AREA0114,11.251934,75.77092,STANDALONE_ATM,0
ATM00784,BANK007,Tamil Nadu,Dindigul,Palani Road,AREA0049,10.373571,77.958282,PETROL_STATION_ATM,1
ATM00785,BANK008,Karnataka,Kalaburagi,Sedam Road,AREA0086,17.320999,76.8367,BANK_BRANCH_ATM,0
ATM00786,BANK002,Tamil Nadu,Erode,Karungalpalayam,AREA0035,11.32313,77.718329,TRANSIT_ATM,1
ATM00787,BANK001,Karnataka,Shivamogga,Vidya Nagar,AREA0080,13.945943,75.582291,PETROL_STATION_ATM,1
ATM00788,BANK004,Andhra Pradesh,Kakinada,Jagannaickpur,AREA0187,16.987812,82.259493,STANDALONE_ATM,1
ATM00789,BANK005,Kerala,Kannur,Chovva,AREA0133,11.880256,75.372787,TRANSIT_ATM,1
ATM00790,BANK001,Kerala,Kottayam,Ettumanoor,AREA0145,9.599394,76.517833,PETROL_STATION_ATM,0
ATM00791,BANK006,Tamil Nadu,Dindigul,Nagal Nagar,AREA0046,10.36398,77.985711,STANDALONE_ATM,0
ATM00792,BANK007,Tamil Nadu,Tirunelveli,Perumalpuram,AREA0028,8.713902,77.770507,STANDALONE_ATM,1
ATM00793,BANK002,Tamil Nadu,Dindigul,Begampur,AREA0047,10.376802,77.98973,PETROL_STATION_ATM,1
ATM00794,BANK006,Karnataka,Tumakuru,Gokul,AREA0082,13.345916,77.10325,BANK_BRANCH_ATM,1
ATM00795,BANK001,Andhra Pradesh,Vijayawada,Benz Circle,AREA0156,16.515321,80.660653,TRANSIT_ATM,1
ATM00796,BANK008,Karnataka,Shivamogga,BH Road,AREA0079,13.934484,75.558242,BANK_BRANCH_ATM,1
ATM00797,BANK007,Kerala,Kozhikode,Kottooli,AREA0115,11.259066,75.762869,SHOPPING_MALL_ATM,1
ATM00798,BANK005,Karnataka,Kalaburagi,Sedam Road,AREA0086,17.345183,76.843469,BANK_BRANCH_ATM,0
ATM00799,BANK006,Karnataka,Tumakuru,Sira Road,AREA0081,13.3292,77.093341,BANK_BRANCH_ATM,1
ATM00800,BANK006,Andhra Pradesh,Rajamahendravaram,Aryapuram,AREA0183,17.005197,81.775687,STANDALONE_ATM,1
ATM00801,BANK002,Andhra Pradesh,Tirupati,Korlagunta,AREA0170,13.610702,79.405316,PETROL_STATION_ATM,0
ATM00802,BANK006,Karnataka,Ballari,Cowl Bazaar,AREA0097,15.135896,76.915952,STANDALONE_ATM,1
ATM00803,BANK001,Andhra Pradesh,Guntur,Arundelpet,AREA0162,16.302172,80.445107,SHOPPING_MALL_ATM,1
ATM00804,BANK006,Andhra Pradesh,Nellore,Balaji Nagar,AREA0172,14.43582,79.991579,STANDALONE_ATM,1
ATM00805,BANK008,Andhra Pradesh,Kakinada,Ramanayyapeta,AREA0188,16.975487,82.262257,TRANSIT_ATM,1
ATM00806,BANK003,Kerala,Alappuzha,Ambalappuzha,AREA0130,9.485544,76.339149,STANDALONE_ATM,1
ATM00807,BANK002,Andhra Pradesh,Guntur,Brodipet,AREA0161,16.305153,80.440588,TRANSIT_ATM,1
ATM00808,BANK001,Kerala,Malappuram,Down Hill,AREA0150,11.060802,76.065985,SHOPPING_MALL_ATM,0
ATM00809,BANK004,Kerala,Kottayam,Kumaranalloor,AREA0142,9.601746,76.536015,BANK_BRANCH_ATM,1
ATM00810,BANK004,Andhra Pradesh,Nellore,Stonehousepet,AREA0175,14.440155,80.008178,BANK_BRANCH_ATM,1
ATM00811,BANK006,Karnataka,Shivamogga,Gandhi Nagar,AREA0076,13.933967,75.56409,SHOPPING_MALL_ATM,1
ATM00812,BANK007,Tamil Nadu,Vellore,Gandhi Nagar,AREA0038,12.917593,79.154178,PETROL_STATION_ATM,1
ATM00813,BANK008,Karnataka,Udupi,Brahmagiri,AREA0092,13.345446,74.746634,SHOPPING_MALL_ATM,1
ATM00814,BANK001,Tamil Nadu,Salem,Hasthampatti,AREA0022,11.669977,78.157248,STANDALONE_ATM,1
ATM00815,BANK005,Karnataka,Belagavi,Shahapur,AREA0072,15.854037,74.504999,SHOPPING_MALL_ATM,0
ATM00816,BANK001,Karnataka,Tumakuru,Gokul,AREA0082,13.340073,77.103248,SHOPPING_MALL_ATM,1
ATM00817,BANK005,Karnataka,Bengaluru Urban,Koramangala,AREA0053,12.983558,77.585844,BANK_BRANCH_ATM,1
ATM00818,BANK006,Tamil Nadu,Tirunelveli,Perumalpuram,AREA0028,8.714187,77.75353,TRANSIT_ATM,1
ATM00819,BANK007,Karnataka,Belagavi,Sadashiv Nagar,AREA0073,15.833281,74.48266,TRANSIT_ATM,1
ATM00820,BANK007,Karnataka,Kalaburagi,Gulbarga University Area,AREA0088,17.329883,76.846874,SHOPPING_MALL_ATM,1
ATM00821,BANK003,Tamil Nadu,Tirunelveli,Perumalpuram,AREA0028,8.716478,77.749959,TRANSIT_ATM,1
ATM00822,BANK008,Karnataka,Tumakuru,Ashok Nagar,AREA0083,13.355991,77.096417,SHOPPING_MALL_ATM,0
ATM00823,BANK005,Andhra Pradesh,Guntur,Nallapadu,AREA0164,16.294755,80.458427,BANK_BRANCH_ATM,1
ATM00824,BANK007,Karnataka,Bengaluru Urban,Whitefield,AREA0051,12.972612,77.614415,BANK_BRANCH_ATM,1
ATM00825,BANK007,Kerala,Thrissur,Koorkenchery,AREA0119,10.527567,76.214653,PETROL_STATION_ATM,1
ATM00826,BANK003,Karnataka,Hubballi,Keshwapur,AREA0068,15.347791,75.119096,PETROL_STATION_ATM,0
ATM00827,BANK005,Andhra Pradesh,Rajamahendravaram,Dowleswaram,AREA0184,16.994846,81.792155,SHOPPING_MALL_ATM,0
ATM00828,BANK002,Tamil Nadu,Salem,Suramangalam,AREA0024,11.666093,78.142539,BANK_BRANCH_ATM,1
ATM00829,BANK006,Karnataka,Kalaburagi,Sedam Road,AREA0086,17.330107,76.821798,SHOPPING_MALL_ATM,1
ATM00830,BANK005,Karnataka,Belagavi,Udyambag,AREA0074,15.867167,74.50739,TRANSIT_ATM,0
ATM00831,BANK007,Tamil Nadu,Coimbatore,RS Puram,AREA0007,11.015522,76.950354,STANDALONE_ATM,1
ATM00832,BANK008,Karnataka,Hubballi,Keshwapur,AREA0068,15.387553,75.116735,SHOPPING_MALL_ATM,1
ATM00833,BANK008,Andhra Pradesh,Nellore,Dargamitta,AREA0173,14.440051,80.004551,BANK_BRANCH_ATM,1
ATM00834,BANK006,Karnataka,Ballari,Gandhinagar,AREA0096,15.142379,76.901893,PETROL_STATION_ATM,1
ATM00835,BANK007,Andhra Pradesh,Nellore,Balaji Nagar,AREA0172,14.446061,79.979748,SHOPPING_MALL_ATM,1
ATM00836,BANK001,Tamil Nadu,Chennai,T Nagar,AREA0002,13.065646,80.264494,BANK_BRANCH_ATM,1
ATM00837,BANK007,Karnataka,Hubballi,Gokul Road,AREA0067,15.351935,75.114522,SHOPPING_MALL_ATM,0
ATM00838,BANK003,Tamil Nadu,Madurai,Thirunagar,AREA0014,9.928025,78.10389,BANK_BRANCH_ATM,1
ATM00839,BANK003,Karnataka,Tumakuru,Ashok Nagar,AREA0083,13.35024,77.097384,PETROL_STATION_ATM,1
ATM00840,BANK008,Karnataka,Ballari,Parvathi Nagar,AREA0098,15.130733,76.917656,BANK_BRANCH_ATM,1
ATM00841,BANK003,Tamil Nadu,Madurai,Mattuthavani,AREA0013,9.912524,78.107098,BANK_BRANCH_ATM,1
ATM00842,BANK004,Tamil Nadu,Erode,Veerappanchatram,AREA0033,11.336382,77.720664,SHOPPING_MALL_ATM,1
ATM00843,BANK006,Tamil Nadu,Salem,Alagapuram,AREA0025,11.67012,78.140386,TRANSIT_ATM,1
ATM00844,BANK001,Tamil Nadu,Tiruchirappalli,Srirangam,AREA0016,10.788065,78.707344,PETROL_STATION_ATM,1
ATM00845,BANK003,Tamil Nadu,Chennai,Velachery,AREA0003,13.101538,80.271524,TRANSIT_ATM,1
ATM00846,BANK006,Andhra Pradesh,Rajamahendravaram,Aryapuram,AREA0183,16.981429,81.773309,SHOPPING_MALL_ATM,1
ATM00847,BANK008,Karnataka,Belagavi,Angol,AREA0075,15.860893,74.470901,BANK_BRANCH_ATM,0
ATM00848,BANK003,Kerala,Palakkad,Shoranur Road,AREA0139,10.780551,76.644024,PETROL_STATION_ATM,1
ATM00849,BANK006,Andhra Pradesh,Vijayawada,Patamata,AREA0159,16.515685,80.663606,TRANSIT_ATM,0
ATM00850,BANK006,Kerala,Ernakulam,Kaloor,AREA0108,9.978952,76.290993,SHOPPING_MALL_ATM,1
ATM00851,BANK004,Tamil Nadu,Coimbatore,Peelamedu,AREA0008,11.01519,76.960745,BANK_BRANCH_ATM,0
ATM00852,BANK001,Tamil Nadu,Vellore,Katpadi,AREA0036,12.923188,79.13089,STANDALONE_ATM,0
ATM00853,BANK008,Andhra Pradesh,Visakhapatnam,Dwaraka Nagar,AREA0153,17.702577,83.211714,PETROL_STATION_ATM,1
ATM00854,BANK007,Kerala,Alappuzha,Mullakkal,AREA0126,9.493535,76.334828,PETROL_STATION_ATM,1
ATM00855,BANK002,Andhra Pradesh,Rajamahendravaram,Dowleswaram,AREA0184,16.992448,81.794342,SHOPPING_MALL_ATM,1
ATM00856,BANK005,Tamil Nadu,Madurai,Thirunagar,AREA0014,9.910207,78.106504,TRANSIT_ATM,1
ATM00857,BANK004,Karnataka,Belagavi,Tilakwadi,AREA0071,15.853271,74.484688,PETROL_STATION_ATM,1
ATM00858,BANK005,Karnataka,Shivamogga,Gandhi Nagar,AREA0076,13.926563,75.564054,TRANSIT_ATM,0
ATM00859,BANK004,Karnataka,Mysuru,Saraswathipuram,AREA0059,12.31,76.659487,BANK_BRANCH_ATM,1
ATM00860,BANK003,Karnataka,Belagavi,Shahapur,AREA0072,15.843851,74.504104,BANK_BRANCH_ATM,1
ATM00861,BANK008,Andhra Pradesh,Vijayawada,Poranki,AREA0160,16.502265,80.657613,STANDALONE_ATM,1
ATM00862,BANK008,Tamil Nadu,Chennai,Adyar,AREA0005,13.069381,80.284465,BANK_BRANCH_ATM,0
ATM00863,BANK006,Kerala,Kollam,Karunagappally,AREA0122,8.88595,76.597498,SHOPPING_MALL_ATM,0
ATM00864,BANK002,Tamil Nadu,Tirunelveli,Maharaja Nagar,AREA0030,8.707466,77.753532,PETROL_STATION_ATM,1
ATM00865,BANK005,Tamil Nadu,Chennai,T Nagar,AREA0002,13.069964,80.270154,SHOPPING_MALL_ATM,1
ATM00866,BANK003,Andhra Pradesh,Rajamahendravaram,Lalacheruvu,AREA0185,16.997053,81.774314,STANDALONE_ATM,1
ATM00867,BANK006,Andhra Pradesh,Kurnool,Ashok Nagar,AREA0178,15.846643,78.066271,PETROL_STATION_ATM,0
ATM00868,BANK004,Tamil Nadu,Erode,Teachers Colony,AREA0034,11.338045,77.724348,BANK_BRANCH_ATM,1
ATM00869,BANK004,Andhra Pradesh,Visakhapatnam,Gajuwaka,AREA0152,17.691375,83.216869,STANDALONE_ATM,1
ATM00870,BANK004,Kerala,Thrissur,Koorkenchery,AREA0119,10.524716,76.194362,TRANSIT_ATM,0
ATM00871,BANK001,Kerala,Malappuram,Tirur,AREA0149,11.049283,76.080544,SHOPPING_MALL_ATM,1
ATM00872,BANK006,Andhra Pradesh,Kadapa,Nagarajupet,AREA0192,14.460489,78.789301,TRANSIT_ATM,1
ATM00873,BANK003,Andhra Pradesh,Rajamahendravaram,Aryapuram,AREA0183,17.00726,81.788776,PETROL_STATION_ATM,1
ATM00874,BANK002,Karnataka,Hubballi,Keshwapur,AREA0068,15.378514,75.121372,BANK_BRANCH_ATM,1
ATM00875,BANK005,Andhra Pradesh,Vijayawada,Patamata,AREA0159,16.508116,80.654857,TRANSIT_ATM,1
ATM00876,BANK008,Andhra Pradesh,Guntur,Brodipet,AREA0161,16.302708,80.449624,PETROL_STATION_ATM,0
ATM00877,BANK007,Karnataka,Shivamogga,Vidya Nagar,AREA0080,13.923248,75.59138,TRANSIT_ATM,1
ATM00878,BANK002,Karnataka,Belagavi,Tilakwadi,AREA0071,15.836074,74.503555,STANDALONE_ATM,1
ATM00879,BANK006,Kerala,Ernakulam,Kaloor,AREA0108,9.973747,76.288732,BANK_BRANCH_ATM,1
ATM00880,BANK008,Karnataka,Ballari,Gandhinagar,AREA0096,15.12879,76.890339,TRANSIT_ATM,1
ATM00881,BANK006,Kerala,Thiruvananthapuram,Kowdiar,AREA0104,8.511934,76.946775,STANDALONE_ATM,1
ATM00882,BANK003,Tamil Nadu,Salem,Alagapuram,AREA0025,11.673332,78.13175,STANDALONE_ATM,1
ATM00883,BANK007,Kerala,Ernakulam,Vyttila,AREA0109,9.987287,76.291252,PETROL_STATION_ATM,1
ATM00884,BANK001,Kerala,Malappuram,Manjeri,AREA0147,11.028675,76.081471,BANK_BRANCH_ATM,1
ATM00885,BANK003,Tamil Nadu,Madurai,Thirunagar,AREA0014,9.937296,78.113205,SHOPPING_MALL_ATM,1
ATM00886,BANK003,Karnataka,Shivamogga,BH Road,AREA0079,13.943875,75.567053,STANDALONE_ATM,1
ATM00887,BANK006,Andhra Pradesh,Nellore,Stonehousepet,AREA0175,14.443764,79.984769,STANDALONE_ATM,1
ATM00888,BANK006,Tamil Nadu,Vellore,Sathuvachari,AREA0037,12.902002,79.129481,PETROL_STATION_ATM,1
ATM00889,BANK005,Kerala,Ernakulam,Kakkanad,AREA0106,9.96759,76.306147,BANK_BRANCH_ATM,0
ATM00890,BANK005,Tamil Nadu,Coimbatore,Saibaba Colony,AREA0009,11.024362,76.933279,STANDALONE_ATM,1
ATM00891,BANK005,Kerala,Kannur,Valapattanam,AREA0134,11.881564,75.369393,STANDALONE_ATM,1
ATM00892,BANK005,Andhra Pradesh,Kakinada,Sarpavaram,AREA0186,16.968827,82.24982,PETROL_STATION_ATM,0
ATM00893,BANK002,Kerala,Malappuram,Kottakkal,AREA0146,11.046595,76.062642,PETROL_STATION_ATM,1
ATM00894,BANK003,Kerala,Kozhikode,Mavoor Road,AREA0112,11.244998,75.78456,PETROL_STATION_ATM,1
ATM00895,BANK003,Kerala,Kollam,Kadappakada,AREA0124,8.894124,76.615589,STANDALONE_ATM,1
ATM00896,BANK006,Tamil Nadu,Vellore,Bagayam,AREA0039,12.929895,79.150597,PETROL_STATION_ATM,1
ATM00897,BANK001,Karnataka,Ballari,Cowl Bazaar,AREA0097,15.114704,76.925675,BANK_BRANCH_ATM,1
ATM00898,BANK002,Tamil Nadu,Vellore,Bagayam,AREA0039,12.910237,79.138583,BANK_BRANCH_ATM,0
ATM00899,BANK005,Karnataka,Kalaburagi,Super Market,AREA0087,17.320577,76.85749,STANDALONE_ATM,1
ATM00900,BANK007,Kerala,Kozhikode,Nadakkavu,AREA0111,11.265409,75.778064,PETROL_STATION_ATM,1
ATM00901,BANK001,Karnataka,Ballari,Infantry Road,AREA0100,15.153599,76.911094,TRANSIT_ATM,0
ATM00902,BANK005,Karnataka,Udupi,Ajjarkad,AREA0094,13.348062,74.739312,SHOPPING_MALL_ATM,0
ATM00903,BANK008,Kerala,Ernakulam,Aluva,AREA0110,9.980327,76.320356,STANDALONE_ATM,0
ATM00904,BANK007,Andhra Pradesh,Kadapa,RTC Colony,AREA0194,14.496089,78.828625,SHOPPING_MALL_ATM,0
ATM00905,BANK008,Karnataka,Ballari,Gandhinagar,AREA0096,15.130275,76.919879,BANK_BRANCH_ATM,0
ATM00906,BANK001,Andhra Pradesh,Tirupati,Tiruchanur,AREA0168,13.620219,79.411881,STANDALONE_ATM,1
ATM00907,BANK008,Andhra Pradesh,Visakhapatnam,MVP Colony,AREA0154,17.688219,83.21041,TRANSIT_ATM,0
ATM00908,BANK008,Tamil Nadu,Coimbatore,RS Puram,AREA0007,11.030931,76.953249,TRANSIT_ATM,1
ATM00909,BANK004,Karnataka,Tumakuru,Tumkur University Area,AREA0084,13.338467,77.094375,SHOPPING_MALL_ATM,1
ATM00910,BANK003,Kerala,Kozhikode,West Hill,AREA0114,11.243977,75.766934,SHOPPING_MALL_ATM,0
ATM00911,BANK006,Karnataka,Belagavi,Sadashiv Nagar,AREA0073,15.852309,74.493781,SHOPPING_MALL_ATM,1
ATM00912,BANK007,Andhra Pradesh,Kadapa,RTC Colony,AREA0194,14.470766,78.836293,STANDALONE_ATM,1
ATM00913,BANK006,Karnataka,Mysuru,Vijayanagar,AREA0056,12.287056,76.665182,PETROL_STATION_ATM,1
ATM00914,BANK002,Andhra Pradesh,Visakhapatnam,Gajuwaka,AREA0152,17.675237,83.204642,SHOPPING_MALL_ATM,1
ATM00915,BANK004,Tamil Nadu,Madurai,Anna Nagar,AREA0012,9.935684,78.119435,TRANSIT_ATM,1
ATM00916,BANK002,Kerala,Ernakulam,Kaloor,AREA0108,9.972355,76.285138,SHOPPING_MALL_ATM,1
ATM00917,BANK008,Kerala,Kozhikode,Nadakkavu,AREA0111,11.247514,75.780815,STANDALONE_ATM,0
ATM00918,BANK003,Andhra Pradesh,Kadapa,Nagarajupet,AREA0192,14.483841,78.804505,BANK_BRANCH_ATM,0
ATM00919,BANK001,Kerala,Palakkad,Puthur,AREA0138,10.78819,76.663317,SHOPPING_MALL_ATM,0
ATM00920,BANK007,Kerala,Thrissur,Punkunnam,AREA0116,10.521585,76.231519,PETROL_STATION_ATM,1
ATM00921,BANK007,Kerala,Alappuzha,Ambalappuzha,AREA0130,9.501104,76.348509,STANDALONE_ATM,0
ATM00922,BANK003,Karnataka,Mangaluru,Hampankatta,AREA0061,12.923264,74.869528,SHOPPING_MALL_ATM,1
ATM00923,BANK006,Tamil Nadu,Vellore,Sathuvachari,AREA0037,12.914541,79.151938,STANDALONE_ATM,0
ATM00924,BANK003,Kerala,Kollam,Chinnakada,AREA0123,8.892084,76.611149,TRANSIT_ATM,1
ATM00925,BANK008,Tamil Nadu,Tirunelveli,Maharaja Nagar,AREA0030,8.71042,77.75236,TRANSIT_ATM,1
ATM00926,BANK005,Karnataka,Tumakuru,Batawadi,AREA0085,13.334836,77.101596,TRANSIT_ATM,0
ATM00927,BANK001,Karnataka,Kalaburagi,Station Road,AREA0089,17.330654,76.835084,BANK_BRANCH_ATM,0
ATM00928,BANK007,Kerala,Ernakulam,Edappally,AREA0107,9.979127,76.309024,PETROL_STATION_ATM,1
ATM00929,BANK008,Tamil Nadu,Tirunelveli,Vannarpettai,AREA0027,8.715904,77.761709,STANDALONE_ATM,1
ATM00930,BANK004,Andhra Pradesh,Kakinada,Jagannaickpur,AREA0187,16.978164,82.232875,PETROL_STATION_ATM,1
ATM00931,BANK006,Andhra Pradesh,Visakhapatnam,Dwaraka Nagar,AREA0153,17.694592,83.228234,BANK_BRANCH_ATM,0
ATM00932,BANK001,Karnataka,Shivamogga,Vinoba Nagar,AREA0077,13.918135,75.555028,SHOPPING_MALL_ATM,1
ATM00933,BANK008,Kerala,Alappuzha,Punnamada,AREA0129,9.512646,76.332882,PETROL_STATION_ATM,1
ATM00934,BANK008,Andhra Pradesh,Nellore,Stonehousepet,AREA0175,14.434485,79.973368,SHOPPING_MALL_ATM,1
ATM00935,BANK001,Karnataka,Shivamogga,BH Road,AREA0079,13.916889,75.593501,BANK_BRANCH_ATM,1
ATM00936,BANK007,Tamil Nadu,Thanjavur,Old Town,AREA0045,10.785257,79.133953,STANDALONE_ATM,1
ATM00937,BANK005,Tamil Nadu,Erode,Teachers Colony,AREA0034,11.327101,77.697021,SHOPPING_MALL_ATM,0
ATM00938,BANK007,Kerala,Thrissur,Punkunnam,AREA0116,10.547812,76.2264,SHOPPING_MALL_ATM,1
ATM00939,BANK001,Kerala,Kottayam,Kanjikuzhi,AREA0141,9.593234,76.490752,TRANSIT_ATM,0
ATM00940,BANK001,Kerala,Palakkad,Shoranur Road,AREA0139,10.783318,76.655982,PETROL_STATION_ATM,1
ATM00941,BANK004,Andhra Pradesh,Kadapa,Seven Roads,AREA0195,14.468199,78.791541,SHOPPING_MALL_ATM,1
ATM00942,BANK005,Kerala,Kottayam,Changanassery,AREA0144,9.607656,76.526625,BANK_BRANCH_ATM,1
ATM00943,BANK007,Karnataka,Udupi,Manipal,AREA0091,13.312612,74.735921,PETROL_STATION_ATM,1
ATM00944,BANK008,Kerala,Palakkad,Chandranagar,AREA0140,10.77751,76.654386,PETROL_STATION_ATM,1
ATM00945,BANK005,Karnataka,Tumakuru,Ashok Nagar,AREA0083,13.336202,77.104826,PETROL_STATION_ATM,1
ATM00946,BANK002,Kerala,Kozhikode,Nadakkavu,AREA0111,11.236457,75.781748,STANDALONE_ATM,1
ATM00947,BANK002,Andhra Pradesh,Nellore,Balaji Nagar,AREA0172,14.431185,79.979253,TRANSIT_ATM,0
ATM00948,BANK006,Karnataka,Mysuru,Kuvempunagar,AREA0058,12.293966,76.657499,SHOPPING_MALL_ATM,0
ATM00949,BANK006,Tamil Nadu,Erode,Teachers Colony,AREA0034,11.346517,77.715102,STANDALONE_ATM,1
ATM00950,BANK004,Andhra Pradesh,Anantapur,Aravind Nagar,AREA0198,14.66595,77.599866,PETROL_STATION_ATM,1
ATM00951,BANK007,Karnataka,Udupi,Brahmagiri,AREA0092,13.329234,74.753888,PETROL_STATION_ATM,0
ATM00952,BANK001,Tamil Nadu,Coimbatore,Peelamedu,AREA0008,11.015626,76.942505,BANK_BRANCH_ATM,1
ATM00953,BANK001,Karnataka,Kalaburagi,Sedam Road,AREA0086,17.327781,76.845538,STANDALONE_ATM,1
ATM00954,BANK006,Karnataka,Udupi,Santhekatte,AREA0095,13.351619,74.739035,TRANSIT_ATM,1
ATM00955,BANK008,Karnataka,Hubballi,Vidya Nagar,AREA0066,15.372826,75.12619,STANDALONE_ATM,1
ATM00956,BANK003,Kerala,Thiruvananthapuram,Kazhakootam,AREA0102,8.5032,76.932145,SHOPPING_MALL_ATM,1
ATM00957,BANK006,Tamil Nadu,Tirunelveli,Melapalayam,AREA0029,8.694138,77.763955,STANDALONE_ATM,1
ATM00958,BANK007,Karnataka,Tumakuru,Sira Road,AREA0081,13.329675,77.102792,PETROL_STATION_ATM,0
ATM00959,BANK005,Karnataka,Kalaburagi,Gulbarga University Area,AREA0088,17.309242,76.835187,PETROL_STATION_ATM,1
ATM00960,BANK006,Tamil Nadu,Tiruchirappalli,Woraiyur,AREA0018,10.788584,78.709861,PETROL_STATION_ATM,1
ATM00961,BANK008,Andhra Pradesh,Rajamahendravaram,Aryapuram,AREA0183,16.985254,81.784297,PETROL_STATION_ATM,1
ATM00962,BANK005,Karnataka,Kalaburagi,Shah Bazar,AREA0090,17.342803,76.845141,TRANSIT_ATM,1
ATM00963,BANK001,Karnataka,Mysuru,Vijayanagar,AREA0056,12.31966,76.666766,SHOPPING_MALL_ATM,1
ATM00964,BANK006,Tamil Nadu,Erode,Teachers Colony,AREA0034,11.371138,77.716713,BANK_BRANCH_ATM,0
ATM00965,BANK007,Kerala,Ernakulam,Kaloor,AREA0108,9.983403,76.323083,PETROL_STATION_ATM,1
ATM00966,BANK005,Kerala,Kollam,Karunagappally,AREA0122,8.90864,76.60678,BANK_BRANCH_ATM,0
ATM00967,BANK008,Karnataka,Shivamogga,Vinoba Nagar,AREA0077,13.919686,75.545177,SHOPPING_MALL_ATM,1
ATM00968,BANK004,Karnataka,Ballari,Gandhinagar,AREA0096,15.143665,76.937795,BANK_BRANCH_ATM,1
ATM00969,BANK008,Andhra Pradesh,Guntur,Arundelpet,AREA0162,16.297586,80.427846,STANDALONE_ATM,1
ATM00970,BANK007,Karnataka,Bengaluru Urban,Whitefield,AREA0051,12.936746,77.601697,STANDALONE_ATM,1
ATM00971,BANK004,Kerala,Kozhikode,West Hill,AREA0114,11.271484,75.782786,BANK_BRANCH_ATM,1
ATM00972,BANK002,Kerala,Kottayam,Changanassery,AREA0144,9.582514,76.519347,STANDALONE_ATM,1
ATM00973,BANK001,Karnataka,Shivamogga,BH Road,AREA0079,13.925328,75.574655,TRANSIT_ATM,1
ATM00974,BANK006,Andhra Pradesh,Kadapa,Proddatur Road,AREA0191,14.458396,78.809145,TRANSIT_ATM,1
ATM00975,BANK003,Andhra Pradesh,Kadapa,Yerramukkapalli,AREA0193,14.44475,78.816943,TRANSIT_ATM,1
ATM00976,BANK004,Kerala,Palakkad,Shoranur Road,AREA0139,10.797975,76.643999,TRANSIT_ATM,0
ATM00977,BANK008,Tamil Nadu,Madurai,KK Nagar,AREA0011,9.906319,78.105147,BANK_BRANCH_ATM,1
ATM00978,BANK003,Karnataka,Ballari,Parvathi Nagar,AREA0098,15.127321,76.914364,PETROL_STATION_ATM,1
ATM00979,BANK004,Andhra Pradesh,Kadapa,Seven Roads,AREA0195,14.451549,78.798616,PETROL_STATION_ATM,1
ATM00980,BANK006,Andhra Pradesh,Anantapur,Ramachandra Nagar,AREA0197,14.691248,77.587275,TRANSIT_ATM,1
ATM00981,BANK007,Kerala,Kollam,Karunagappally,AREA0122,8.896347,76.606781,SHOPPING_MALL_ATM,0
ATM00982,BANK003,Kerala,Thrissur,Koorkenchery,AREA0119,10.517709,76.222599,TRANSIT_ATM,1
ATM00983,BANK006,Tamil Nadu,Coimbatore,Gandhipuram,AREA0006,11.015131,76.970261,PETROL_STATION_ATM,0
ATM00984,BANK006,Tamil Nadu,Tirunelveli,Vannarpettai,AREA0027,8.707102,77.743258,SHOPPING_MALL_ATM,1
ATM00985,BANK008,Kerala,Ernakulam,Kaloor,AREA0108,9.977013,76.291734,STANDALONE_ATM,0
ATM00986,BANK004,Tamil Nadu,Thanjavur,New Bus Stand,AREA0042,10.806797,79.129178,SHOPPING_MALL_ATM,0
ATM00987,BANK005,Karnataka,Belagavi,Sadashiv Nagar,AREA0073,15.853224,74.496893,STANDALONE_ATM,1
ATM00988,BANK005,Andhra Pradesh,Vijayawada,Poranki,AREA0160,16.492554,80.637286,SHOPPING_MALL_ATM,1
ATM00989,BANK004,Andhra Pradesh,Vijayawada,Benz Circle,AREA0156,16.50742,80.649268,TRANSIT_ATM,1
ATM00990,BANK006,Kerala,Palakkad,Shoranur Road,AREA0139,10.781943,76.652772,TRANSIT_ATM,1
ATM00991,BANK006,Tamil Nadu,Chennai,T Nagar,AREA0002,13.062046,80.259706,PETROL_STATION_ATM,1
ATM00992,BANK005,Andhra Pradesh,Visakhapatnam,Dwaraka Nagar,AREA0153,17.698045,83.211431,SHOPPING_MALL_ATM,1
ATM00993,BANK002,Karnataka,Kalaburagi,Station Road,AREA0089,17.340883,76.84746,PETROL_STATION_ATM,1
ATM00994,BANK007,Tamil Nadu,Thanjavur,Palliagraharam,AREA0044,10.800007,79.157049,TRANSIT_ATM,1
ATM00995,BANK006,Tamil Nadu,Erode,Surampatti,AREA0032,11.346065,77.735883,STANDALONE_ATM,1
ATM00996,BANK005,Karnataka,Udupi,Ajjarkad,AREA0094,13.351229,74.720453,BANK_BRANCH_ATM,1
ATM00997,BANK005,Kerala,Kozhikode,Kallai,AREA0113,11.262691,75.807739,BANK_BRANCH_ATM,0
ATM00998,BANK006,Tamil Nadu,Dindigul,Nagal Nagar,AREA0046,10.343709,77.979306,TRANSIT_ATM,0
ATM00999,BANK005,Kerala,Thiruvananthapuram,Pattom,AREA0101,8.510255,76.926458,TRANSIT_ATM,1
ATM01000,BANK004,Tamil Nadu,Tirunelveli,Vannarpettai,AREA0027,8.706664,77.760515,STANDALONE_ATM,1
ATM01001,BANK005,Andhra Pradesh,Guntur,Arundelpet,AREA0162,16.301778,80.439914,PETROL_STATION_ATM,1
ATM01002,BANK005,Andhra Pradesh,Tirupati,Alipiri,AREA0167,13.651108,79.430986,STANDALONE_ATM,1
ATM01003,BANK002,Kerala,Thiruvananthapuram,Kesavadasapuram,AREA0105,8.52526,76.932713,PETROL_STATION_ATM,0
ATM01004,BANK004,Karnataka,Kalaburagi,Super Market,AREA0087,17.334454,76.8126,STANDALONE_ATM,0
ATM01005,BANK001,Kerala,Palakkad,Shoranur Road,AREA0139,10.780695,76.660062,PETROL_STATION_ATM,0
ATM01006,BANK004,Tamil Nadu,Tirunelveli,Melapalayam,AREA0029,8.714845,77.769347,STANDALONE_ATM,1
ATM01007,BANK001,Tamil Nadu,Salem,Hasthampatti,AREA0022,11.674965,78.150334,BANK_BRANCH_ATM,1
ATM01008,BANK007,Kerala,Alappuzha,Mullakkal,AREA0126,9.493225,76.331398,SHOPPING_MALL_ATM,1
ATM01009,BANK008,Andhra Pradesh,Kakinada,Ramanayyapeta,AREA0188,17.002566,82.251937,BANK_BRANCH_ATM,1
ATM01010,BANK003,Tamil Nadu,Salem,Ammapet,AREA0023,11.653468,78.157363,BANK_BRANCH_ATM,1
ATM01011,BANK003,Karnataka,Hubballi,Keshwapur,AREA0068,15.368551,75.122025,TRANSIT_ATM,0
ATM01012,BANK008,Kerala,Palakkad,Chandranagar,AREA0140,10.79586,76.660936,TRANSIT_ATM,1
ATM01013,BANK004,Andhra Pradesh,Kadapa,Seven Roads,AREA0195,14.483365,78.839953,SHOPPING_MALL_ATM,0
ATM01014,BANK006,Kerala,Alappuzha,Ambalappuzha,AREA0130,9.491602,76.33794,SHOPPING_MALL_ATM,1
ATM01015,BANK001,Andhra Pradesh,Guntur,Gorantla,AREA0165,16.302225,80.45868,BANK_BRANCH_ATM,0
ATM01016,BANK004,Karnataka,Kalaburagi,Sedam Road,AREA0086,17.33902,76.833626,PETROL_STATION_ATM,1
ATM01017,BANK001,Karnataka,Mangaluru,Hampankatta,AREA0061,12.905136,74.856523,STANDALONE_ATM,1
ATM01018,BANK007,Karnataka,Belagavi,Shahapur,AREA0072,15.823407,74.493679,STANDALONE_ATM,1
ATM01019,BANK001,Kerala,Kannur,Chovva,AREA0133,11.862605,75.381447,TRANSIT_ATM,1
ATM01020,BANK008,Tamil Nadu,Tirunelveli,Palayamkottai,AREA0026,8.710036,77.758006,STANDALONE_ATM,1
ATM01021,BANK005,Andhra Pradesh,Nellore,Stonehousepet,AREA0175,14.441086,79.998108,BANK_BRANCH_ATM,1
ATM01022,BANK001,Tamil Nadu,Tiruchirappalli,Srirangam,AREA0016,10.802449,78.711052,SHOPPING_MALL_ATM,0
ATM01023,BANK002,Karnataka,Tumakuru,Tumkur University Area,AREA0084,13.34293,77.082056,SHOPPING_MALL_ATM,0
ATM01024,BANK005,Tamil Nadu,Salem,Fairlands,AREA0021,11.66175,78.160147,TRANSIT_ATM,1
ATM01025,BANK008,Kerala,Ernakulam,Kaloor,AREA0108,9.984005,76.29607,STANDALONE_ATM,1
ATM01026,BANK008,Tamil Nadu,Vellore,Gandhi Nagar,AREA0038,12.910599,79.126674,SHOPPING_MALL_ATM,0
ATM01027,BANK004,Kerala,Thrissur,Ayyanthole,AREA0117,10.528749,76.20728,BANK_BRANCH_ATM,1
ATM01028,BANK006,Karnataka,Mangaluru,Surathkal,AREA0065,12.927236,74.835496,STANDALONE_ATM,1
ATM01029,BANK008,Tamil Nadu,Chennai,Adyar,AREA0005,13.091665,80.287483,SHOPPING_MALL_ATM,1
ATM01030,BANK003,Kerala,Malappuram,Tirur,AREA0149,11.038311,76.07866,BANK_BRANCH_ATM,1
ATM01031,BANK006,Tamil Nadu,Tirunelveli,Palayamkottai,AREA0026,8.718497,77.747043,SHOPPING_MALL_ATM,1
ATM01032,BANK004,Andhra Pradesh,Kadapa,Nagarajupet,AREA0192,14.453643,78.829689,STANDALONE_ATM,0
ATM01033,BANK007,Andhra Pradesh,Guntur,Arundelpet,AREA0162,16.329107,80.451419,TRANSIT_ATM,1
ATM01034,BANK006,Kerala,Kottayam,Kumaranalloor,AREA0142,9.599253,76.527599,BANK_BRANCH_ATM,1
ATM01035,BANK007,Kerala,Alappuzha,Kalavoor,AREA0128,9.500494,76.337829,BANK_BRANCH_ATM,0
ATM01036,BANK003,Kerala,Thrissur,Punkunnam,AREA0116,10.533846,76.204585,STANDALONE_ATM,0
ATM01037,BANK008,Tamil Nadu,Dindigul,Begampur,AREA0047,10.377667,77.980159,SHOPPING_MALL_ATM,0
ATM01038,BANK004,Tamil Nadu,Tirunelveli,Melapalayam,AREA0029,8.713947,77.776166,BANK_BRANCH_ATM,1
ATM01039,BANK005,Tamil Nadu,Tirunelveli,Maharaja Nagar,AREA0030,8.699062,77.764806,TRANSIT_ATM,0
ATM01040,BANK004,Kerala,Palakkad,Puthur,AREA0138,10.804302,76.661271,TRANSIT_ATM,1
ATM01041,BANK005,Karnataka,Kalaburagi,Station Road,AREA0089,17.33245,76.833763,SHOPPING_MALL_ATM,1
ATM01042,BANK005,Karnataka,Mysuru,Kuvempunagar,AREA0058,12.306222,76.615932,PETROL_STATION_ATM,1
ATM01043,BANK001,Andhra Pradesh,Rajamahendravaram,Dowleswaram,AREA0184,16.995066,81.780468,SHOPPING_MALL_ATM,0
ATM01044,BANK006,Kerala,Kannur,Pallikkunnu,AREA0132,11.87391,75.376269,STANDALONE_ATM,1
ATM01045,BANK001,Kerala,Palakkad,Olavakkode,AREA0136,10.775565,76.647712,BANK_BRANCH_ATM,1
ATM01046,BANK008,Tamil Nadu,Tiruchirappalli,Cantonment,AREA0019,10.806803,78.70045,SHOPPING_MALL_ATM,0
ATM01047,BANK003,Tamil Nadu,Tirunelveli,Palayamkottai,AREA0026,8.700177,77.7632,TRANSIT_ATM,0
ATM01048,BANK005,Tamil Nadu,Erode,Teachers Colony,AREA0034,11.35716,77.702065,BANK_BRANCH_ATM,1
ATM01049,BANK005,Kerala,Palakkad,Olavakkode,AREA0136,10.799107,76.672405,SHOPPING_MALL_ATM,1
ATM01050,BANK004,Tamil Nadu,Coimbatore,Peelamedu,AREA0008,11.028471,76.954474,STANDALONE_ATM,1
ATM01051,BANK003,Andhra Pradesh,Tirupati,Alipiri,AREA0167,13.641886,79.433599,TRANSIT_ATM,1
ATM01052,BANK003,Andhra Pradesh,Anantapur,Ramachandra Nagar,AREA0197,14.668809,77.610132,TRANSIT_ATM,1
ATM01053,BANK006,Tamil Nadu,Salem,Hasthampatti,AREA0022,11.665825,78.147044,TRANSIT_ATM,1
ATM01054,BANK008,Kerala,Alappuzha,Mullakkal,AREA0126,9.477432,76.315601,PETROL_STATION_ATM,1
ATM01055,BANK004,Andhra Pradesh,Visakhapatnam,Gajuwaka,AREA0152,17.688386,83.217123,STANDALONE_ATM,1
ATM01056,BANK002,Tamil Nadu,Dindigul,Natham Road,AREA0050,10.36577,77.977447,PETROL_STATION_ATM,1
ATM01057,BANK008,Kerala,Alappuzha,Alappuzha Beach,AREA0127,9.486592,76.349275,PETROL_STATION_ATM,1
ATM01058,BANK006,Tamil Nadu,Coimbatore,Gandhipuram,AREA0006,11.034198,76.938687,BANK_BRANCH_ATM,0
ATM01059,BANK002,Andhra Pradesh,Guntur,Gorantla,AREA0165,16.315091,80.4219,BANK_BRANCH_ATM,1
ATM01060,BANK004,Kerala,Thrissur,Koorkenchery,AREA0119,10.524669,76.219612,PETROL_STATION_ATM,1
ATM01061,BANK003,Andhra Pradesh,Anantapur,Rudrampeta,AREA0200,14.673664,77.590479,STANDALONE_ATM,1
ATM01062,BANK006,Andhra Pradesh,Kadapa,Yerramukkapalli,AREA0193,14.467471,78.834404,PETROL_STATION_ATM,1
ATM01063,BANK008,Tamil Nadu,Tirunelveli,Perumalpuram,AREA0028,8.707821,77.746508,BANK_BRANCH_ATM,0
ATM01064,BANK004,Karnataka,Bengaluru Urban,Electronic City,AREA0054,12.966214,77.608584,PETROL_STATION_ATM,0
ATM01065,BANK008,Karnataka,Hubballi,Keshwapur,AREA0068,15.365037,75.125251,BANK_BRANCH_ATM,1
ATM01066,BANK008,Tamil Nadu,Erode,Teachers Colony,AREA0034,11.336936,77.715134,BANK_BRANCH_ATM,0
ATM01067,BANK008,Tamil Nadu,Salem,Suramangalam,AREA0024,11.673006,78.14764,STANDALONE_ATM,1
ATM01068,BANK007,Andhra Pradesh,Tirupati,MR Palli,AREA0169,13.650113,79.413671,TRANSIT_ATM,1
ATM01069,BANK001,Tamil Nadu,Erode,Karungalpalayam,AREA0035,11.357369,77.700654,PETROL_STATION_ATM,0
ATM01070,BANK008,Karnataka,Belagavi,Shahapur,AREA0072,15.851414,74.49782,SHOPPING_MALL_ATM,1
ATM01071,BANK001,Andhra Pradesh,Guntur,Lakshmipuram,AREA0163,16.323197,80.432719,TRANSIT_ATM,1
ATM01072,BANK005,Andhra Pradesh,Kurnool,Ashok Nagar,AREA0178,15.848859,78.019576,BANK_BRANCH_ATM,1
ATM01073,BANK004,Karnataka,Tumakuru,Ashok Nagar,AREA0083,13.330401,77.092962,PETROL_STATION_ATM,1
ATM01074,BANK002,Karnataka,Mangaluru,Kottara,AREA0063,12.899059,74.856269,BANK_BRANCH_ATM,1
ATM01075,BANK007,Andhra Pradesh,Nellore,Magunta Layout,AREA0171,14.439413,79.998938,SHOPPING_MALL_ATM,1
ATM01076,BANK002,Tamil Nadu,Tirunelveli,Melapalayam,AREA0029,8.699845,77.783987,PETROL_STATION_ATM,1
ATM01077,BANK001,Tamil Nadu,Chennai,T Nagar,AREA0002,13.102557,80.26366,BANK_BRANCH_ATM,1
ATM01078,BANK008,Kerala,Malappuram,Manjeri,AREA0147,11.05906,76.064228,BANK_BRANCH_ATM,1
ATM01079,BANK005,Tamil Nadu,Thanjavur,New Bus Stand,AREA0042,10.794679,79.122009,TRANSIT_ATM,1
ATM01080,BANK003,Karnataka,Tumakuru,Ashok Nagar,AREA0083,13.346401,77.096257,STANDALONE_ATM,1
ATM01081,BANK007,Karnataka,Kalaburagi,Station Road,AREA0089,17.312337,76.83359,SHOPPING_MALL_ATM,1
ATM01082,BANK007,Karnataka,Belagavi,Tilakwadi,AREA0071,15.849615,74.499838,TRANSIT_ATM,1
ATM01083,BANK007,Kerala,Kozhikode,Mavoor Road,AREA0112,11.279783,75.775711,TRANSIT_ATM,1
ATM01084,BANK002,Karnataka,Ballari,Parvathi Nagar,AREA0098,15.137467,76.904908,PETROL_STATION_ATM,0
ATM01085,BANK003,Andhra Pradesh,Rajamahendravaram,Dowleswaram,AREA0184,16.993505,81.782397,SHOPPING_MALL_ATM,1
ATM01086,BANK002,Kerala,Alappuzha,Mullakkal,AREA0126,9.4852,76.340295,STANDALONE_ATM,1
ATM01087,BANK007,Tamil Nadu,Tiruchirappalli,KK Nagar,AREA0020,10.779575,78.729985,PETROL_STATION_ATM,1
ATM01088,BANK003,Tamil Nadu,Thanjavur,Palliagraharam,AREA0044,10.783118,79.123899,STANDALONE_ATM,1
ATM01089,BANK001,Kerala,Kottayam,Kodimatha,AREA0143,9.598304,76.490733,BANK_BRANCH_ATM,0
ATM01090,BANK005,Andhra Pradesh,Anantapur,Ramachandra Nagar,AREA0197,14.667082,77.612091,TRANSIT_ATM,1
ATM01091,BANK007,Tamil Nadu,Salem,Hasthampatti,AREA0022,11.649204,78.154779,PETROL_STATION_ATM,1
ATM01092,BANK007,Andhra Pradesh,Visakhapatnam,Seethammadhara,AREA0155,17.699191,83.237267,STANDALONE_ATM,1
ATM01093,BANK004,Tamil Nadu,Tiruchirappalli,Srirangam,AREA0016,10.776411,78.695236,TRANSIT_ATM,1
ATM01094,BANK006,Karnataka,Shivamogga,Savalanga Road,AREA0078,13.940671,75.581663,STANDALONE_ATM,0
ATM01095,BANK005,Tamil Nadu,Dindigul,Begampur,AREA0047,10.359473,77.961039,STANDALONE_ATM,0
ATM01096,BANK002,Tamil Nadu,Chennai,Guindy,AREA0004,13.067443,80.255732,BANK_BRANCH_ATM,0
ATM01097,BANK007,Kerala,Palakkad,Kalmandapam,AREA0137,10.783171,76.65805,PETROL_STATION_ATM,0
ATM01098,BANK001,Andhra Pradesh,Vijayawada,Governorpet,AREA0158,16.500392,80.649484,STANDALONE_ATM,1
ATM01099,BANK004,Karnataka,Mysuru,Nazarbad,AREA0060,12.311225,76.631893,BANK_BRANCH_ATM,1
ATM01100,BANK002,Karnataka,Shivamogga,Vidya Nagar,AREA0080,13.928423,75.575159,PETROL_STATION_ATM,1
ATM01101,BANK001,Karnataka,Ballari,Gandhinagar,AREA0096,15.145281,76.927972,TRANSIT_ATM,0
ATM01102,BANK001,Andhra Pradesh,Guntur,Brodipet,AREA0161,16.301141,80.445731,STANDALONE_ATM,1
ATM01103,BANK001,Tamil Nadu,Madurai,KK Nagar,AREA0011,9.926717,78.105669,TRANSIT_ATM,1
ATM01104,BANK008,Kerala,Alappuzha,Punnamada,AREA0129,9.498552,76.335518,STANDALONE_ATM,1
ATM01105,BANK004,Kerala,Kannur,Chovva,AREA0133,11.850104,75.395748,BANK_BRANCH_ATM,1
ATM01106,BANK003,Tamil Nadu,Madurai,Tallakulam,AREA0015,9.925618,78.143762,PETROL_STATION_ATM,1
ATM01107,BANK005,Karnataka,Ballari,Cowl Bazaar,AREA0097,15.144281,76.909857,STANDALONE_ATM,0
ATM01108,BANK006,Andhra Pradesh,Nellore,Stonehousepet,AREA0175,14.429591,79.990793,PETROL_STATION_ATM,1
ATM01109,BANK006,Kerala,Thiruvananthapuram,Vazhuthacaud,AREA0103,8.52642,76.928787,STANDALONE_ATM,1
ATM01110,BANK005,Andhra Pradesh,Guntur,Brodipet,AREA0161,16.269504,80.438044,STANDALONE_ATM,1
ATM01111,BANK004,Tamil Nadu,Tirunelveli,Vannarpettai,AREA0027,8.737886,77.781033,TRANSIT_ATM,0
ATM01112,BANK005,Karnataka,Tumakuru,Tumkur University Area,AREA0084,13.346216,77.096557,SHOPPING_MALL_ATM,0
ATM01113,BANK001,Kerala,Kottayam,Ettumanoor,AREA0145,9.594608,76.512456,PETROL_STATION_ATM,1
ATM01114,BANK003,Andhra Pradesh,Vijayawada,Governorpet,AREA0158,16.514133,80.632823,TRANSIT_ATM,0
ATM01115,BANK008,Kerala,Kottayam,Changanassery,AREA0144,9.594734,76.534478,BANK_BRANCH_ATM,0
ATM01116,BANK006,Karnataka,Kalaburagi,Sedam Road,AREA0086,17.335662,76.824208,TRANSIT_ATM,1
ATM01117,BANK006,Tamil Nadu,Salem,Hasthampatti,AREA0022,11.680628,78.146319,TRANSIT_ATM,1
ATM01118,BANK007,Kerala,Thiruvananthapuram,Vazhuthacaud,AREA0103,8.524704,76.944226,STANDALONE_ATM,1
ATM01119,BANK005,Andhra Pradesh,Tirupati,Korlagunta,AREA0170,13.5895,79.409385,TRANSIT_ATM,1
ATM01120,BANK003,Andhra Pradesh,Tirupati,Korlagunta,AREA0170,13.62473,79.433201,PETROL_STATION_ATM,1
ATM01121,BANK008,Karnataka,Ballari,Parvathi Nagar,AREA0098,15.121336,76.926424,STANDALONE_ATM,1
ATM01122,BANK004,Karnataka,Ballari,Cowl Bazaar,AREA0097,15.130601,76.917686,SHOPPING_MALL_ATM,0
ATM01123,BANK003,Andhra Pradesh,Kakinada,Bhanugudi,AREA0189,16.978486,82.241253,TRANSIT_ATM,1
ATM01124,BANK001,Karnataka,Mysuru,Nazarbad,AREA0060,12.295178,76.637764,PETROL_STATION_ATM,1
ATM01125,BANK007,Kerala,Ernakulam,Aluva,AREA0110,9.972589,76.275373,TRANSIT_ATM,1
ATM01126,BANK003,Karnataka,Belagavi,Angol,AREA0075,15.839374,74.487968,TRANSIT_ATM,1
ATM01127,BANK004,Andhra Pradesh,Visakhapatnam,Gajuwaka,AREA0152,17.694747,83.207336,SHOPPING_MALL_ATM,0
ATM01128,BANK004,Karnataka,Tumakuru,Tumkur University Area,AREA0084,13.331096,77.114864,SHOPPING_MALL_ATM,1
ATM01129,BANK002,Tamil Nadu,Thanjavur,Medical College Road,AREA0041,10.782739,79.142778,TRANSIT_ATM,1
ATM01130,BANK006,Karnataka,Hubballi,Navanagar,AREA0070,15.353424,75.137891,BANK_BRANCH_ATM,1
ATM01131,BANK004,Tamil Nadu,Tirunelveli,Palayamkottai,AREA0026,8.713554,77.740758,BANK_BRANCH_ATM,0
ATM01132,BANK005,Tamil Nadu,Vellore,Bagayam,AREA0039,12.924663,79.130114,TRANSIT_ATM,1
ATM01133,BANK001,Karnataka,Bengaluru Urban,Koramangala,AREA0053,12.983679,77.609986,BANK_BRANCH_ATM,1
ATM01134,BANK004,Karnataka,Bengaluru Urban,Indiranagar,AREA0052,12.96706,77.596344,PETROL_STATION_ATM,0
ATM01135,BANK004,Tamil Nadu,Chennai,Anna Nagar,AREA0001,13.083306,80.288578,TRANSIT_ATM,1
ATM01136,BANK004,Tamil Nadu,Erode,Perundurai Road,AREA0031,11.330983,77.69981,SHOPPING_MALL_ATM,1
ATM01137,BANK005,Kerala,Ernakulam,Edappally,AREA0107,9.979218,76.289317,BANK_BRANCH_ATM,1
ATM01138,BANK004,Kerala,Alappuzha,Kalavoor,AREA0128,9.496224,76.355642,STANDALONE_ATM,1
ATM01139,BANK002,Tamil Nadu,Salem,Hasthampatti,AREA0022,11.667852,78.150716,TRANSIT_ATM,0
ATM01140,BANK004,Kerala,Thiruvananthapuram,Kazhakootam,AREA0102,8.552156,76.933768,PETROL_STATION_ATM,1
ATM01141,BANK004,Kerala,Thrissur,Punkunnam,AREA0116,10.519962,76.215083,TRANSIT_ATM,0
ATM01142,BANK004,Tamil Nadu,Vellore,Gandhi Nagar,AREA0038,12.908374,79.137487,PETROL_STATION_ATM,1
ATM01143,BANK006,Tamil Nadu,Erode,Surampatti,AREA0032,11.328442,77.707253,SHOPPING_MALL_ATM,1
ATM01144,BANK007,Tamil Nadu,Dindigul,Natham Road,AREA0050,10.336418,77.976615,TRANSIT_ATM,1
ATM01145,BANK006,Tamil Nadu,Madurai,Anna Nagar,AREA0012,9.918789,78.121611,SHOPPING_MALL_ATM,1
ATM01146,BANK005,Kerala,Thiruvananthapuram,Kazhakootam,AREA0102,8.555232,76.95025,SHOPPING_MALL_ATM,0
ATM01147,BANK008,Tamil Nadu,Vellore,Bagayam,AREA0039,12.926924,79.1123,TRANSIT_ATM,0
ATM01148,BANK002,Tamil Nadu,Salem,Ammapet,AREA0023,11.67131,78.153366,TRANSIT_ATM,1
ATM01149,BANK006,Tamil Nadu,Tirunelveli,Perumalpuram,AREA0028,8.719241,77.747113,STANDALONE_ATM,1
ATM01150,BANK006,Andhra Pradesh,Vijayawada,Benz Circle,AREA0156,16.508258,80.652691,SHOPPING_MALL_ATM,0
ATM01151,BANK007,Tamil Nadu,Dindigul,Palani Road,AREA0049,10.362203,77.9863,BANK_BRANCH_ATM,0
ATM01152,BANK004,Kerala,Kottayam,Kumaranalloor,AREA0142,9.600595,76.520113,STANDALONE_ATM,1
ATM01153,BANK001,Tamil Nadu,Tiruchirappalli,Cantonment,AREA0019,10.778344,78.684453,SHOPPING_MALL_ATM,0
ATM01154,BANK007,Karnataka,Ballari,Cantonment,AREA0099,15.13635,76.909799,SHOPPING_MALL_ATM,1
ATM01155,BANK003,Andhra Pradesh,Visakhapatnam,MVP Colony,AREA0154,17.681616,83.223035,STANDALONE_ATM,1
ATM01156,BANK006,Karnataka,Belagavi,Udyambag,AREA0074,15.854271,74.492361,STANDALONE_ATM,1
ATM01157,BANK007,Tamil Nadu,Vellore,Gandhi Nagar,AREA0038,12.906757,79.129206,PETROL_STATION_ATM,1
ATM01158,BANK004,Tamil Nadu,Salem,Alagapuram,AREA0025,11.680285,78.123668,TRANSIT_ATM,1
ATM01159,BANK006,Kerala,Ernakulam,Aluva,AREA0110,9.976542,76.286327,SHOPPING_MALL_ATM,1
ATM01160,BANK008,Kerala,Alappuzha,Punnamada,AREA0129,9.508786,76.343191,TRANSIT_ATM,1
ATM01161,BANK008,Andhra Pradesh,Rajamahendravaram,Dowleswaram,AREA0184,16.990275,81.773212,STANDALONE_ATM,1
ATM01162,BANK006,Andhra Pradesh,Visakhapatnam,Madhurawada,AREA0151,17.673143,83.222874,STANDALONE_ATM,1
ATM01163,BANK003,Kerala,Kottayam,Ettumanoor,AREA0145,9.5907,76.511909,PETROL_STATION_ATM,0
ATM01164,BANK008,Karnataka,Hubballi,Gokul Road,AREA0067,15.364087,75.121037,STANDALONE_ATM,1
ATM01165,BANK001,Kerala,Kollam,Kadappakada,AREA0124,8.904835,76.619756,PETROL_STATION_ATM,0
ATM01166,BANK001,Tamil Nadu,Salem,Alagapuram,AREA0025,11.662094,78.148259,BANK_BRANCH_ATM,1
ATM01167,BANK001,Andhra Pradesh,Tirupati,MR Palli,AREA0169,13.63347,79.419209,BANK_BRANCH_ATM,0
ATM01168,BANK007,Karnataka,Mysuru,Saraswathipuram,AREA0059,12.279088,76.654801,STANDALONE_ATM,1
ATM01169,BANK004,Tamil Nadu,Madurai,Mattuthavani,AREA0013,9.951666,78.134192,BANK_BRANCH_ATM,1
ATM01170,BANK003,Karnataka,Bengaluru Urban,Whitefield,AREA0051,12.983885,77.589759,BANK_BRANCH_ATM,0
ATM01171,BANK004,Andhra Pradesh,Guntur,Gorantla,AREA0165,16.325047,80.440884,PETROL_STATION_ATM,1
ATM01172,BANK008,Tamil Nadu,Thanjavur,Medical College Road,AREA0041,10.799705,79.140178,SHOPPING_MALL_ATM,1
ATM01173,BANK001,Andhra Pradesh,Kadapa,Yerramukkapalli,AREA0193,14.453789,78.822279,PETROL_STATION_ATM,1
ATM01174,BANK008,Andhra Pradesh,Kakinada,Suryaraopeta,AREA0190,16.998709,82.242794,TRANSIT_ATM,1
ATM01175,BANK001,Karnataka,Hubballi,Old Hubballi,AREA0069,15.367362,75.119059,BANK_BRANCH_ATM,1
ATM01176,BANK007,Andhra Pradesh,Vijayawada,Moghalrajpuram,AREA0157,16.497477,80.614047,BANK_BRANCH_ATM,1
ATM01177,BANK001,Karnataka,Shivamogga,Gandhi Nagar,AREA0076,13.905032,75.556677,PETROL_STATION_ATM,1
ATM01178,BANK005,Kerala,Thiruvananthapuram,Kesavadasapuram,AREA0105,8.517972,76.95029,PETROL_STATION_ATM,1
ATM01179,BANK005,Kerala,Kannur,Burnassery,AREA0135,11.863382,75.358878,BANK_BRANCH_ATM,1
ATM01180,BANK007,Kerala,Malappuram,Kottakkal,AREA0146,11.073295,76.08275,STANDALONE_ATM,0
ATM01181,BANK002,Kerala,Kollam,Kadappakada,AREA0124,8.929377,76.621619,BANK_BRANCH_ATM,1
ATM01182,BANK003,Tamil Nadu,Tiruchirappalli,Thillai Nagar,AREA0017,10.779971,78.675845,STANDALONE_ATM,0
ATM01183,BANK004,Tamil Nadu,Coimbatore,Peelamedu,AREA0008,11.020552,76.977189,PETROL_STATION_ATM,1
ATM01184,BANK005,Tamil Nadu,Dindigul,Palani Road,AREA0049,10.358817,77.986558,SHOPPING_MALL_ATM,0
ATM01185,BANK005,Karnataka,Udupi,Brahmagiri,AREA0092,13.329127,74.732136,TRANSIT_ATM,1
ATM01186,BANK002,Kerala,Kannur,Thalassery,AREA0131,11.870764,75.385134,SHOPPING_MALL_ATM,0
ATM01187,BANK007,Karnataka,Bengaluru Urban,Electronic City,AREA0054,12.972285,77.598018,TRANSIT_ATM,1
ATM01188,BANK004,Tamil Nadu,Chennai,T Nagar,AREA0002,13.076035,80.270962,STANDALONE_ATM,1
ATM01189,BANK005,Andhra Pradesh,Rajamahendravaram,Dowleswaram,AREA0184,16.989613,81.78993,BANK_BRANCH_ATM,1
ATM01190,BANK001,Andhra Pradesh,Kakinada,Ramanayyapeta,AREA0188,16.98341,82.24977,BANK_BRANCH_ATM,1
ATM01191,BANK007,Tamil Nadu,Dindigul,RM Colony,AREA0048,10.337641,77.96019,TRANSIT_ATM,1
ATM01192,BANK007,Karnataka,Belagavi,Tilakwadi,AREA0071,15.849868,74.482555,PETROL_STATION_ATM,1
ATM01193,BANK008,Kerala,Kannur,Chovva,AREA0133,11.880602,75.368135,BANK_BRANCH_ATM,1
ATM01194,BANK001,Tamil Nadu,Thanjavur,New Bus Stand,AREA0042,10.78979,79.148618,STANDALONE_ATM,1
ATM01195,BANK002,Tamil Nadu,Coimbatore,Gandhipuram,AREA0006,11.013714,76.936439,TRANSIT_ATM,1
ATM01196,BANK007,Kerala,Kozhikode,Nadakkavu,AREA0111,11.248314,75.791952,SHOPPING_MALL_ATM,1
ATM01197,BANK002,Tamil Nadu,Tiruchirappalli,Woraiyur,AREA0018,10.808596,78.698455,PETROL_STATION_ATM,1
ATM01198,BANK001,Andhra Pradesh,Anantapur,Aravind Nagar,AREA0198,14.681724,77.578982,STANDALONE_ATM,1
ATM01199,BANK004,Karnataka,Kalaburagi,Gulbarga University Area,AREA0088,17.33485,76.84428,PETROL_STATION_ATM,1
ATM01200,BANK008,Tamil Nadu,Vellore,Vellore Fort,AREA0040,12.912591,79.141387,SHOPPING_MALL_ATM,1
ATM01201,BANK001,Kerala,Thiruvananthapuram,Kazhakootam,AREA0102,8.53538,76.931925,BANK_BRANCH_ATM,1
ATM01202,BANK005,Tamil Nadu,Vellore,Vellore Fort,AREA0040,12.893675,79.117501,PETROL_STATION_ATM,1
ATM01203,BANK001,Andhra Pradesh,Visakhapatnam,Gajuwaka,AREA0152,17.690477,83.218539,STANDALONE_ATM,1
ATM01204,BANK006,Tamil Nadu,Madurai,Anna Nagar,AREA0012,9.919954,78.100291,BANK_BRANCH_ATM,0
ATM01205,BANK004,Andhra Pradesh,Kakinada,Bhanugudi,AREA0189,16.979831,82.258174,PETROL_STATION_ATM,1
ATM01206,BANK003,Kerala,Kottayam,Ettumanoor,AREA0145,9.610124,76.523225,TRANSIT_ATM,1
ATM01207,BANK002,Kerala,Ernakulam,Aluva,AREA0110,9.960798,76.302558,SHOPPING_MALL_ATM,0
ATM01208,BANK003,Kerala,Kottayam,Ettumanoor,AREA0145,9.592637,76.517111,PETROL_STATION_ATM,1
ATM01209,BANK004,Andhra Pradesh,Kadapa,Yerramukkapalli,AREA0193,14.458575,78.823781,PETROL_STATION_ATM,1
ATM01210,BANK007,Andhra Pradesh,Tirupati,MR Palli,AREA0169,13.636323,79.415875,PETROL_STATION_ATM,0
ATM01211,BANK006,Kerala,Kollam,Chinnakada,AREA0123,8.887203,76.612868,TRANSIT_ATM,1
ATM01212,BANK003,Karnataka,Bengaluru Urban,Indiranagar,AREA0052,12.975357,77.596158,BANK_BRANCH_ATM,1
ATM01213,BANK006,Andhra Pradesh,Guntur,Arundelpet,AREA0162,16.307391,80.428438,BANK_BRANCH_ATM,0
ATM01214,BANK002,Andhra Pradesh,Kakinada,Jagannaickpur,AREA0187,16.997574,82.261789,TRANSIT_ATM,1
ATM01215,BANK004,Kerala,Alappuzha,Ambalappuzha,AREA0130,9.49849,76.348467,BANK_BRANCH_ATM,0
ATM01216,BANK006,Kerala,Thiruvananthapuram,Kesavadasapuram,AREA0105,8.527061,76.924656,PETROL_STATION_ATM,1
ATM01217,BANK007,Kerala,Kollam,Asramam,AREA0125,8.90094,76.613951,SHOPPING_MALL_ATM,1
ATM01218,BANK001,Karnataka,Tumakuru,Batawadi,AREA0085,13.348188,77.119592,SHOPPING_MALL_ATM,1
ATM01219,BANK008,Karnataka,Tumakuru,Gokul,AREA0082,13.335298,77.089755,TRANSIT_ATM,0
ATM01220,BANK004,Tamil Nadu,Thanjavur,Palliagraharam,AREA0044,10.779196,79.145124,SHOPPING_MALL_ATM,0
ATM01221,BANK007,Karnataka,Udupi,Ajjarkad,AREA0094,13.347962,74.750102,TRANSIT_ATM,1
ATM01222,BANK003,Andhra Pradesh,Nellore,Magunta Layout,AREA0171,14.438555,79.988155,PETROL_STATION_ATM,1
ATM01223,BANK007,Andhra Pradesh,Tirupati,Korlagunta,AREA0170,13.629287,79.436391,BANK_BRANCH_ATM,0
ATM01224,BANK005,Andhra Pradesh,Tirupati,Korlagunta,AREA0170,13.623464,79.412503,STANDALONE_ATM,0
ATM01225,BANK002,Andhra Pradesh,Vijayawada,Patamata,AREA0159,16.501101,80.660696,BANK_BRANCH_ATM,1
ATM01226,BANK005,Kerala,Ernakulam,Aluva,AREA0110,9.991177,76.28578,STANDALONE_ATM,1
ATM01227,BANK007,Karnataka,Udupi,Brahmagiri,AREA0092,13.326234,74.747137,STANDALONE_ATM,1
ATM01228,BANK007,Andhra Pradesh,Kadapa,Yerramukkapalli,AREA0193,14.466929,78.803043,SHOPPING_MALL_ATM,0
ATM01229,BANK006,Kerala,Kozhikode,Nadakkavu,AREA0111,11.244788,75.78051,BANK_BRANCH_ATM,1
ATM01230,BANK002,Karnataka,Hubballi,Vidya Nagar,AREA0066,15.395314,75.131803,BANK_BRANCH_ATM,0
ATM01231,BANK005,Andhra Pradesh,Visakhapatnam,Gajuwaka,AREA0152,17.676223,83.23535,TRANSIT_ATM,0
ATM01232,BANK006,Andhra Pradesh,Visakhapatnam,Madhurawada,AREA0151,17.674895,83.211856,SHOPPING_MALL_ATM,1
ATM01233,BANK002,Tamil Nadu,Erode,Surampatti,AREA0032,11.357424,77.705212,STANDALONE_ATM,1
ATM01234,BANK002,Karnataka,Shivamogga,Vinoba Nagar,AREA0077,13.948546,75.544159,STANDALONE_ATM,0
ATM01235,BANK007,Tamil Nadu,Tiruchirappalli,Srirangam,AREA0016,10.796021,78.707418,TRANSIT_ATM,1
ATM01236,BANK007,Karnataka,Belagavi,Udyambag,AREA0074,15.861601,74.499849,BANK_BRANCH_ATM,1
ATM01237,BANK001,Kerala,Malappuram,Perinthalmanna,AREA0148,11.054053,76.063639,BANK_BRANCH_ATM,1
ATM01238,BANK006,Karnataka,Udupi,Ajjarkad,AREA0094,13.338164,74.759366,PETROL_STATION_ATM,1
ATM01239,BANK002,Karnataka,Shivamogga,Vinoba Nagar,AREA0077,13.935128,75.575541,PETROL_STATION_ATM,1
ATM01240,BANK006,Tamil Nadu,Salem,Suramangalam,AREA0024,11.667467,78.144133,TRANSIT_ATM,1
ATM01241,BANK001,Kerala,Ernakulam,Kakkanad,AREA0106,9.96109,76.314657,SHOPPING_MALL_ATM,1
ATM01242,BANK007,Kerala,Thiruvananthapuram,Kowdiar,AREA0104,8.532792,76.937334,TRANSIT_ATM,1
ATM01243,BANK002,Andhra Pradesh,Nellore,Stonehousepet,AREA0175,14.433308,79.99623,PETROL_STATION_ATM,0
ATM01244,BANK004,Tamil Nadu,Salem,Fairlands,AREA0021,11.654168,78.153708,PETROL_STATION_ATM,1
ATM01245,BANK003,Karnataka,Ballari,Infantry Road,AREA0100,15.132507,76.925418,TRANSIT_ATM,1
ATM01246,BANK003,Karnataka,Ballari,Cowl Bazaar,AREA0097,15.155249,76.923433,STANDALONE_ATM,0
ATM01247,BANK005,Andhra Pradesh,Guntur,Arundelpet,AREA0162,16.313078,80.458518,SHOPPING_MALL_ATM,1
ATM01248,BANK005,Karnataka,Tumakuru,Ashok Nagar,AREA0083,13.343983,77.090567,TRANSIT_ATM,1
ATM01249,BANK003,Kerala,Alappuzha,Kalavoor,AREA0128,9.506218,76.335568,BANK_BRANCH_ATM,1
ATM01250,BANK003,Tamil Nadu,Tiruchirappalli,Woraiyur,AREA0018,10.809478,78.700984,TRANSIT_ATM,1
ATM01251,BANK005,Karnataka,Ballari,Cantonment,AREA0099,15.135796,76.927523,TRANSIT_ATM,1
ATM01252,BANK005,Andhra Pradesh,Kurnool,Joharapuram,AREA0180,15.831818,78.045233,TRANSIT_ATM,1
ATM01253,BANK002,Tamil Nadu,Tiruchirappalli,Woraiyur,AREA0018,10.785689,78.714489,SHOPPING_MALL_ATM,0
ATM01254,BANK005,Tamil Nadu,Dindigul,RM Colony,AREA0048,10.348976,77.974258,STANDALONE_ATM,1
ATM01255,BANK008,Tamil Nadu,Tirunelveli,Vannarpettai,AREA0027,8.721244,77.735992,PETROL_STATION_ATM,1
ATM01256,BANK004,Karnataka,Hubballi,Old Hubballi,AREA0069,15.370235,75.127466,TRANSIT_ATM,1
ATM01257,BANK002,Karnataka,Hubballi,Vidya Nagar,AREA0066,15.356799,75.129549,STANDALONE_ATM,0
ATM01258,BANK005,Karnataka,Hubballi,Keshwapur,AREA0068,15.357439,75.132808,BANK_BRANCH_ATM,0
ATM01259,BANK007,Tamil Nadu,Tirunelveli,Vannarpettai,AREA0027,8.718232,77.768317,SHOPPING_MALL_ATM,1
ATM01260,BANK007,Kerala,Ernakulam,Aluva,AREA0110,10.006973,76.304402,SHOPPING_MALL_ATM,0
ATM01261,BANK008,Andhra Pradesh,Nellore,Dargamitta,AREA0173,14.455958,79.973383,SHOPPING_MALL_ATM,0
ATM01262,BANK007,Karnataka,Belagavi,Udyambag,AREA0074,15.857018,74.472744,PETROL_STATION_ATM,0
ATM01263,BANK003,Andhra Pradesh,Vijayawada,Governorpet,AREA0158,16.514327,80.635045,SHOPPING_MALL_ATM,1
ATM01264,BANK006,Kerala,Kozhikode,Nadakkavu,AREA0111,11.268673,75.795093,PETROL_STATION_ATM,1
ATM01265,BANK004,Andhra Pradesh,Guntur,Arundelpet,AREA0162,16.31388,80.415801,TRANSIT_ATM,1
ATM01266,BANK006,Karnataka,Belagavi,Angol,AREA0075,15.84508,74.475284,STANDALONE_ATM,1
ATM01267,BANK007,Andhra Pradesh,Kakinada,Sarpavaram,AREA0186,17.013264,82.254247,SHOPPING_MALL_ATM,1
ATM01268,BANK005,Tamil Nadu,Tiruchirappalli,KK Nagar,AREA0020,10.799674,78.692934,TRANSIT_ATM,1
ATM01269,BANK004,Andhra Pradesh,Nellore,Balaji Nagar,AREA0172,14.432742,79.984462,SHOPPING_MALL_ATM,1
ATM01270,BANK007,Tamil Nadu,Dindigul,Nagal Nagar,AREA0046,10.378986,77.971338,SHOPPING_MALL_ATM,0
ATM01271,BANK007,Andhra Pradesh,Tirupati,Renigunta Road,AREA0166,13.651688,79.401967,SHOPPING_MALL_ATM,0
ATM01272,BANK002,Karnataka,Hubballi,Gokul Road,AREA0067,15.362538,75.140458,PETROL_STATION_ATM,0
ATM01273,BANK004,Andhra Pradesh,Kakinada,Jagannaickpur,AREA0187,16.977287,82.242085,PETROL_STATION_ATM,1
ATM01274,BANK003,Andhra Pradesh,Kakinada,Ramanayyapeta,AREA0188,16.991202,82.235917,PETROL_STATION_ATM,1
ATM01275,BANK001,Karnataka,Udupi,Santhekatte,AREA0095,13.321586,74.733732,TRANSIT_ATM,1
ATM01276,BANK004,Karnataka,Mysuru,Saraswathipuram,AREA0059,12.310506,76.637199,TRANSIT_ATM,1
ATM01277,BANK005,Andhra Pradesh,Anantapur,Rudrampeta,AREA0200,14.669834,77.588885,BANK_BRANCH_ATM,0
ATM01278,BANK007,Tamil Nadu,Erode,Veerappanchatram,AREA0033,11.351942,77.709173,TRANSIT_ATM,1
ATM01279,BANK003,Andhra Pradesh,Kadapa,Seven Roads,AREA0195,14.472621,78.820434,SHOPPING_MALL_ATM,1
ATM01280,BANK004,Tamil Nadu,Salem,Ammapet,AREA0023,11.668338,78.156979,SHOPPING_MALL_ATM,0
ATM01281,BANK003,Karnataka,Kalaburagi,Sedam Road,AREA0086,17.341697,76.823522,TRANSIT_ATM,1
ATM01282,BANK007,Andhra Pradesh,Anantapur,Aravind Nagar,AREA0198,14.679997,77.594756,BANK_BRANCH_ATM,1
ATM01283,BANK008,Kerala,Thiruvananthapuram,Pattom,AREA0101,8.537738,76.92565,PETROL_STATION_ATM,1
ATM01284,BANK008,Andhra Pradesh,Kakinada,Jagannaickpur,AREA0187,16.993995,82.25176,PETROL_STATION_ATM,1
ATM01285,BANK007,Andhra Pradesh,Guntur,Gorantla,AREA0165,16.296751,80.417243,PETROL_STATION_ATM,1
ATM01286,BANK007,Karnataka,Udupi,Kinnimulki,AREA0093,13.333358,74.738588,PETROL_STATION_ATM,1
ATM01287,BANK001,Tamil Nadu,Madurai,Anna Nagar,AREA0012,9.922367,78.115868,SHOPPING_MALL_ATM,1
ATM01288,BANK002,Karnataka,Kalaburagi,Super Market,AREA0087,17.337412,76.843951,BANK_BRANCH_ATM,1
ATM01289,BANK004,Karnataka,Hubballi,Vidya Nagar,AREA0066,15.377564,75.115384,SHOPPING_MALL_ATM,0
ATM01290,BANK003,Tamil Nadu,Chennai,Velachery,AREA0003,13.081362,80.288002,PETROL_STATION_ATM,0
ATM01291,BANK001,Tamil Nadu,Dindigul,Begampur,AREA0047,10.365416,78.002541,PETROL_STATION_ATM,1
ATM01292,BANK007,Andhra Pradesh,Kadapa,Seven Roads,AREA0195,14.461108,78.830566,SHOPPING_MALL_ATM,0
ATM01293,BANK007,Kerala,Palakkad,Olavakkode,AREA0136,10.79494,76.652986,BANK_BRANCH_ATM,0
ATM01294,BANK001,Kerala,Thiruvananthapuram,Kazhakootam,AREA0102,8.5193,76.924238,BANK_BRANCH_ATM,1
ATM01295,BANK005,Tamil Nadu,Erode,Surampatti,AREA0032,11.336739,77.701604,STANDALONE_ATM,1
ATM01296,BANK004,Kerala,Thrissur,West Fort,AREA0120,10.540705,76.196682,TRANSIT_ATM,1
ATM01297,BANK006,Andhra Pradesh,Rajamahendravaram,Aryapuram,AREA0183,16.981551,81.786361,TRANSIT_ATM,1
ATM01298,BANK008,Andhra Pradesh,Kadapa,Proddatur Road,AREA0191,14.468147,78.81435,PETROL_STATION_ATM,1
ATM01299,BANK003,Karnataka,Shivamogga,Savalanga Road,AREA0078,13.933567,75.553054,SHOPPING_MALL_ATM,1
ATM01300,BANK001,Kerala,Thiruvananthapuram,Pattom,AREA0101,8.526597,76.927922,TRANSIT_ATM,1
ATM01301,BANK002,Andhra Pradesh,Nellore,Balaji Nagar,AREA0172,14.42659,79.983095,SHOPPING_MALL_ATM,0
ATM01302,BANK007,Andhra Pradesh,Visakhapatnam,MVP Colony,AREA0154,17.697338,83.209256,BANK_BRANCH_ATM,0
ATM01303,BANK002,Karnataka,Mangaluru,Kottara,AREA0063,12.922305,74.855361,STANDALONE_ATM,1
ATM01304,BANK006,Tamil Nadu,Thanjavur,Medical College Road,AREA0041,10.775243,79.133045,SHOPPING_MALL_ATM,1
ATM01305,BANK006,Karnataka,Udupi,Brahmagiri,AREA0092,13.338851,74.713225,TRANSIT_ATM,1
ATM01306,BANK004,Andhra Pradesh,Guntur,Brodipet,AREA0161,16.28922,80.431441,PETROL_STATION_ATM,0
ATM01307,BANK008,Tamil Nadu,Coimbatore,Peelamedu,AREA0008,11.00103,76.96532,SHOPPING_MALL_ATM,0
ATM01308,BANK008,Tamil Nadu,Dindigul,Nagal Nagar,AREA0046,10.372323,77.984614,BANK_BRANCH_ATM,1
ATM01309,BANK008,Karnataka,Tumakuru,Ashok Nagar,AREA0083,13.330829,77.089551,TRANSIT_ATM,0
ATM01310,BANK006,Karnataka,Belagavi,Angol,AREA0075,15.852283,74.506899,BANK_BRANCH_ATM,1
ATM01311,BANK005,Andhra Pradesh,Kakinada,Jagannaickpur,AREA0187,17.013091,82.26118,BANK_BRANCH_ATM,0
ATM01312,BANK002,Karnataka,Tumakuru,Sira Road,AREA0081,13.355256,77.113091,BANK_BRANCH_ATM,1
ATM01313,BANK006,Karnataka,Mangaluru,Kottara,AREA0063,12.912248,74.845669,BANK_BRANCH_ATM,0
ATM01314,BANK003,Andhra Pradesh,Kakinada,Bhanugudi,AREA0189,16.96535,82.244273,STANDALONE_ATM,1
ATM01315,BANK003,Karnataka,Ballari,Cantonment,AREA0099,15.150887,76.914405,PETROL_STATION_ATM,1
ATM01316,BANK003,Kerala,Kannur,Burnassery,AREA0135,11.875531,75.363354,SHOPPING_MALL_ATM,1
ATM01317,BANK007,Tamil Nadu,Tirunelveli,Perumalpuram,AREA0028,8.718856,77.753185,TRANSIT_ATM,0
ATM01318,BANK004,Andhra Pradesh,Visakhapatnam,Madhurawada,AREA0151,17.65537,83.203014,TRANSIT_ATM,0
ATM01319,BANK003,Andhra Pradesh,Guntur,Nallapadu,AREA0164,16.314136,80.41093,STANDALONE_ATM,1
ATM01320,BANK007,Kerala,Kottayam,Kumaranalloor,AREA0142,9.592093,76.529375,TRANSIT_ATM,1
ATM01321,BANK001,Andhra Pradesh,Kakinada,Suryaraopeta,AREA0190,16.972613,82.259107,PETROL_STATION_ATM,0
ATM01322,BANK004,Andhra Pradesh,Tirupati,MR Palli,AREA0169,13.645687,79.404697,TRANSIT_ATM,1
ATM01323,BANK007,Tamil Nadu,Vellore,Vellore Fort,AREA0040,12.908985,79.134239,TRANSIT_ATM,1
ATM01324,BANK001,Kerala,Ernakulam,Kaloor,AREA0108,10.000575,76.29502,STANDALONE_ATM,1
ATM01325,BANK004,Andhra Pradesh,Visakhapatnam,MVP Colony,AREA0154,17.695624,83.219243,SHOPPING_MALL_ATM,1
ATM01326,BANK002,Andhra Pradesh,Tirupati,MR Palli,AREA0169,13.621237,79.398103,PETROL_STATION_ATM,1
ATM01327,BANK002,Tamil Nadu,Erode,Surampatti,AREA0032,11.331558,77.707786,PETROL_STATION_ATM,0
ATM01328,BANK003,Andhra Pradesh,Kakinada,Sarpavaram,AREA0186,17.010691,82.257807,SHOPPING_MALL_ATM,1
ATM01329,BANK006,Karnataka,Hubballi,Keshwapur,AREA0068,15.359657,75.125329,STANDALONE_ATM,0
ATM01330,BANK008,Andhra Pradesh,Tirupati,Renigunta Road,AREA0166,13.620577,79.433887,BANK_BRANCH_ATM,1
ATM01331,BANK005,Kerala,Ernakulam,Kakkanad,AREA0106,9.973582,76.290525,TRANSIT_ATM,1
ATM01332,BANK006,Karnataka,Bengaluru Urban,Yelahanka,AREA0055,12.97183,77.577924,PETROL_STATION_ATM,1
ATM01333,BANK007,Tamil Nadu,Dindigul,RM Colony,AREA0048,10.364664,77.972564,PETROL_STATION_ATM,1
ATM01334,BANK007,Kerala,Ernakulam,Vyttila,AREA0109,9.987137,76.315511,PETROL_STATION_ATM,1
ATM01335,BANK002,Tamil Nadu,Coimbatore,Peelamedu,AREA0008,11.016457,76.957224,SHOPPING_MALL_ATM,0
ATM01336,BANK006,Kerala,Kannur,Valapattanam,AREA0134,11.882268,75.350865,TRANSIT_ATM,1
ATM01337,BANK003,Karnataka,Kalaburagi,Station Road,AREA0089,17.323579,76.843054,SHOPPING_MALL_ATM,1
ATM01338,BANK002,Kerala,Ernakulam,Edappally,AREA0107,9.995115,76.307687,STANDALONE_ATM,1
ATM01339,BANK006,Kerala,Alappuzha,Ambalappuzha,AREA0130,9.515515,76.329927,BANK_BRANCH_ATM,0
ATM01340,BANK004,Tamil Nadu,Thanjavur,Medical College Road,AREA0041,10.799657,79.137368,SHOPPING_MALL_ATM,1
ATM01341,BANK002,Andhra Pradesh,Kakinada,Sarpavaram,AREA0186,16.967027,82.210053,STANDALONE_ATM,0
ATM01342,BANK006,Andhra Pradesh,Guntur,Brodipet,AREA0161,16.311479,80.433474,STANDALONE_ATM,1
ATM01343,BANK007,Andhra Pradesh,Kakinada,Ramanayyapeta,AREA0188,17.013317,82.250266,TRANSIT_ATM,1
ATM01344,BANK003,Tamil Nadu,Tirunelveli,Palayamkottai,AREA0026,8.708756,77.757815,PETROL_STATION_ATM,1
ATM01345,BANK007,Tamil Nadu,Erode,Surampatti,AREA0032,11.335266,77.703727,TRANSIT_ATM,1
ATM01346,BANK003,Kerala,Kollam,Asramam,AREA0125,8.893284,76.604466,TRANSIT_ATM,0
ATM01347,BANK003,Kerala,Kozhikode,West Hill,AREA0114,11.268884,75.804834,PETROL_STATION_ATM,1
ATM01348,BANK003,Karnataka,Hubballi,Vidya Nagar,AREA0066,15.360117,75.142069,TRANSIT_ATM,1
ATM01349,BANK005,Kerala,Alappuzha,Ambalappuzha,AREA0130,9.479857,76.350177,STANDALONE_ATM,0
ATM01350,BANK003,Tamil Nadu,Tiruchirappalli,Cantonment,AREA0019,10.793193,78.710721,SHOPPING_MALL_ATM,0
ATM01351,BANK008,Karnataka,Belagavi,Tilakwadi,AREA0071,15.863624,74.501537,PETROL_STATION_ATM,0
ATM01352,BANK001,Tamil Nadu,Dindigul,Begampur,AREA0047,10.349977,77.988543,SHOPPING_MALL_ATM,0
ATM01353,BANK001,Tamil Nadu,Coimbatore,Gandhipuram,AREA0006,11.022634,76.951896,TRANSIT_ATM,1
ATM01354,BANK003,Kerala,Kottayam,Ettumanoor,AREA0145,9.589572,76.531424,STANDALONE_ATM,0
ATM01355,BANK007,Kerala,Thiruvananthapuram,Vazhuthacaud,AREA0103,8.526306,76.931627,PETROL_STATION_ATM,1
ATM01356,BANK008,Andhra Pradesh,Rajamahendravaram,Morampudi,AREA0182,16.990234,81.771421,TRANSIT_ATM,1
ATM01357,BANK008,Karnataka,Tumakuru,Gokul,AREA0082,13.329882,77.100609,TRANSIT_ATM,1
ATM01358,BANK008,Karnataka,Mangaluru,Bejai,AREA0064,12.913082,74.858086,TRANSIT_ATM,1
ATM01359,BANK003,Kerala,Kannur,Burnassery,AREA0135,11.873898,75.355399,BANK_BRANCH_ATM,1
ATM01360,BANK001,Andhra Pradesh,Nellore,Vedayapalem,AREA0174,14.460461,79.999839,STANDALONE_ATM,0
ATM01361,BANK005,Andhra Pradesh,Kakinada,Bhanugudi,AREA0189,16.993317,82.241859,BANK_BRANCH_ATM,1
ATM01362,BANK005,Andhra Pradesh,Kakinada,Jagannaickpur,AREA0187,17.000541,82.257415,STANDALONE_ATM,0
ATM01363,BANK005,Karnataka,Kalaburagi,Gulbarga University Area,AREA0088,17.345701,76.841282,STANDALONE_ATM,0
ATM01364,BANK008,Andhra Pradesh,Kadapa,Nagarajupet,AREA0192,14.463566,78.830614,PETROL_STATION_ATM,1
ATM01365,BANK008,Kerala,Thiruvananthapuram,Vazhuthacaud,AREA0103,8.500943,76.931834,PETROL_STATION_ATM,1
ATM01366,BANK002,Kerala,Malappuram,Manjeri,AREA0147,11.072271,76.056438,PETROL_STATION_ATM,1
ATM01367,BANK002,Kerala,Kottayam,Kodimatha,AREA0143,9.571419,76.518654,SHOPPING_MALL_ATM,0
ATM01368,BANK006,Karnataka,Ballari,Gandhinagar,AREA0096,15.136105,76.931878,PETROL_STATION_ATM,1
ATM01369,BANK001,Tamil Nadu,Tiruchirappalli,KK Nagar,AREA0020,10.793492,78.704554,TRANSIT_ATM,1
ATM01370,BANK004,Tamil Nadu,Thanjavur,New Bus Stand,AREA0042,10.767956,79.137903,TRANSIT_ATM,1
ATM01371,BANK002,Andhra Pradesh,Vijayawada,Benz Circle,AREA0156,16.497472,80.656706,STANDALONE_ATM,1
ATM01372,BANK005,Kerala,Thrissur,Ollur,AREA0118,10.528062,76.18574,BANK_BRANCH_ATM,1
ATM01373,BANK008,Kerala,Kozhikode,Nadakkavu,AREA0111,11.274208,75.737934,SHOPPING_MALL_ATM,0
ATM01374,BANK006,Andhra Pradesh,Guntur,Arundelpet,AREA0162,16.293689,80.437973,BANK_BRANCH_ATM,1
ATM01375,BANK008,Andhra Pradesh,Kakinada,Sarpavaram,AREA0186,16.987313,82.253604,BANK_BRANCH_ATM,0
ATM01376,BANK004,Kerala,Thiruvananthapuram,Vazhuthacaud,AREA0103,8.517181,76.927744,STANDALONE_ATM,1
ATM01377,BANK006,Karnataka,Shivamogga,Gandhi Nagar,AREA0076,13.927367,75.585185,PETROL_STATION_ATM,0
ATM01378,BANK007,Karnataka,Bengaluru Urban,Indiranagar,AREA0052,12.957425,77.594966,STANDALONE_ATM,1
ATM01379,BANK003,Kerala,Kozhikode,Mavoor Road,AREA0112,11.262225,75.78208,STANDALONE_ATM,1
ATM01380,BANK004,Andhra Pradesh,Kakinada,Bhanugudi,AREA0189,16.982578,82.242981,BANK_BRANCH_ATM,1
ATM01381,BANK006,Andhra Pradesh,Kurnool,Joharapuram,AREA0180,15.826153,78.036996,PETROL_STATION_ATM,1
ATM01382,BANK005,Tamil Nadu,Coimbatore,Singanallur,AREA0010,10.992567,76.962386,PETROL_STATION_ATM,1
ATM01383,BANK003,Kerala,Kollam,Chinnakada,AREA0123,8.897686,76.624319,SHOPPING_MALL_ATM,1
ATM01384,BANK005,Andhra Pradesh,Guntur,Nallapadu,AREA0164,16.28506,80.439707,SHOPPING_MALL_ATM,0
ATM01385,BANK005,Kerala,Kannur,Valapattanam,AREA0134,11.872898,75.372124,PETROL_STATION_ATM,1
ATM01386,BANK002,Andhra Pradesh,Nellore,Magunta Layout,AREA0171,14.439988,79.991111,STANDALONE_ATM,1
ATM01387,BANK007,Karnataka,Mangaluru,Kottara,AREA0063,12.906571,74.856877,BANK_BRANCH_ATM,0
ATM01388,BANK005,Kerala,Kottayam,Ettumanoor,AREA0145,9.572115,76.517761,STANDALONE_ATM,0
ATM01389,BANK003,Kerala,Kannur,Valapattanam,AREA0134,11.870659,75.341539,STANDALONE_ATM,1
ATM01390,BANK003,Karnataka,Mangaluru,Kottara,AREA0063,12.915321,74.860001,SHOPPING_MALL_ATM,0
ATM01391,BANK004,Karnataka,Kalaburagi,Sedam Road,AREA0086,17.325151,76.842893,TRANSIT_ATM,0
ATM01392,BANK008,Andhra Pradesh,Visakhapatnam,Gajuwaka,AREA0152,17.70232,83.2419,STANDALONE_ATM,0
ATM01393,BANK005,Tamil Nadu,Tirunelveli,Perumalpuram,AREA0028,8.698951,77.76297,TRANSIT_ATM,1
ATM01394,BANK007,Kerala,Ernakulam,Kaloor,AREA0108,9.982985,76.299231,TRANSIT_ATM,1
ATM01395,BANK002,Kerala,Kottayam,Ettumanoor,AREA0145,9.576663,76.521882,BANK_BRANCH_ATM,1
ATM01396,BANK007,Tamil Nadu,Erode,Surampatti,AREA0032,11.313766,77.714688,PETROL_STATION_ATM,1
ATM01397,BANK005,Tamil Nadu,Tirunelveli,Palayamkottai,AREA0026,8.694023,77.750552,SHOPPING_MALL_ATM,1
ATM01398,BANK008,Tamil Nadu,Coimbatore,Saibaba Colony,AREA0009,11.028399,76.947684,TRANSIT_ATM,0
ATM01399,BANK006,Andhra Pradesh,Kadapa,Yerramukkapalli,AREA0193,14.444541,78.82719,PETROL_STATION_ATM,1
ATM01400,BANK001,Tamil Nadu,Madurai,Thirunagar,AREA0014,9.916442,78.143493,BANK_BRANCH_ATM,1
ATM01401,BANK008,Tamil Nadu,Dindigul,Palani Road,AREA0049,10.348603,78.014302,SHOPPING_MALL_ATM,1
ATM01402,BANK002,Tamil Nadu,Madurai,Thirunagar,AREA0014,9.918302,78.1124,PETROL_STATION_ATM,1
ATM01403,BANK007,Tamil Nadu,Vellore,Gandhi Nagar,AREA0038,12.89957,79.136869,STANDALONE_ATM,1
ATM01404,BANK007,Andhra Pradesh,Kakinada,Ramanayyapeta,AREA0188,16.962886,82.250782,STANDALONE_ATM,0
ATM01405,BANK008,Tamil Nadu,Madurai,KK Nagar,AREA0011,9.93539,78.104506,SHOPPING_MALL_ATM,1
ATM01406,BANK006,Andhra Pradesh,Kakinada,Ramanayyapeta,AREA0188,17.008281,82.237238,SHOPPING_MALL_ATM,1
ATM01407,BANK006,Kerala,Thiruvananthapuram,Kazhakootam,AREA0102,8.520146,76.916217,PETROL_STATION_ATM,1
ATM01408,BANK003,Kerala,Kottayam,Kumaranalloor,AREA0142,9.58954,76.527519,PETROL_STATION_ATM,0
ATM01409,BANK008,Karnataka,Ballari,Cantonment,AREA0099,15.12432,76.923422,SHOPPING_MALL_ATM,1
ATM01410,BANK001,Andhra Pradesh,Anantapur,Ramachandra Nagar,AREA0197,14.686446,77.608945,BANK_BRANCH_ATM,1
ATM01411,BANK002,Kerala,Ernakulam,Edappally,AREA0107,9.980787,76.314201,TRANSIT_ATM,1
ATM01412,BANK001,Karnataka,Ballari,Parvathi Nagar,AREA0098,15.123908,76.925343,BANK_BRANCH_ATM,1
ATM01413,BANK003,Kerala,Palakkad,Olavakkode,AREA0136,10.777328,76.657919,TRANSIT_ATM,1
ATM01414,BANK008,Tamil Nadu,Salem,Alagapuram,AREA0025,11.664939,78.13615,BANK_BRANCH_ATM,1
ATM01415,BANK007,Kerala,Thrissur,Ayyanthole,AREA0117,10.525901,76.204285,STANDALONE_ATM,0
ATM01416,BANK003,Andhra Pradesh,Anantapur,Aravind Nagar,AREA0198,14.70391,77.607781,SHOPPING_MALL_ATM,1
ATM01417,BANK003,Tamil Nadu,Tiruchirappalli,Cantonment,AREA0019,10.812835,78.693345,SHOPPING_MALL_ATM,0
ATM01418,BANK002,Andhra Pradesh,Guntur,Arundelpet,AREA0162,16.285527,80.439992,SHOPPING_MALL_ATM,0
ATM01419,BANK005,Tamil Nadu,Erode,Veerappanchatram,AREA0033,11.344764,77.725192,BANK_BRANCH_ATM,0
ATM01420,BANK006,Tamil Nadu,Madurai,Mattuthavani,AREA0013,9.933272,78.141048,STANDALONE_ATM,1
ATM01421,BANK001,Karnataka,Belagavi,Shahapur,AREA0072,15.857646,74.484432,TRANSIT_ATM,1
ATM01422,BANK005,Tamil Nadu,Vellore,Katpadi,AREA0036,12.899021,79.15489,STANDALONE_ATM,1
ATM01423,BANK007,Tamil Nadu,Dindigul,Natham Road,AREA0050,10.366588,77.99601,BANK_BRANCH_ATM,1
ATM01424,BANK002,Karnataka,Mysuru,Saraswathipuram,AREA0059,12.285115,76.646931,BANK_BRANCH_ATM,1
ATM01425,BANK004,Karnataka,Shivamogga,Savalanga Road,AREA0078,13.919088,75.538556,TRANSIT_ATM,1
ATM01426,BANK002,Tamil Nadu,Salem,Fairlands,AREA0021,11.677288,78.130899,STANDALONE_ATM,1
ATM01427,BANK004,Karnataka,Mysuru,Vijayanagar,AREA0056,12.279297,76.637252,PETROL_STATION_ATM,0
ATM01428,BANK008,Tamil Nadu,Chennai,Guindy,AREA0004,13.080796,80.273311,BANK_BRANCH_ATM,0
ATM01429,BANK001,Karnataka,Bengaluru Urban,Yelahanka,AREA0055,12.975619,77.583848,SHOPPING_MALL_ATM,0
ATM01430,BANK002,Tamil Nadu,Tirunelveli,Vannarpettai,AREA0027,8.69758,77.771434,TRANSIT_ATM,1
ATM01431,BANK003,Kerala,Kozhikode,Nadakkavu,AREA0111,11.268208,75.765182,TRANSIT_ATM,0
ATM01432,BANK002,Kerala,Ernakulam,Edappally,AREA0107,9.961781,76.294534,STANDALONE_ATM,1
ATM01433,BANK007,Andhra Pradesh,Nellore,Stonehousepet,AREA0175,14.425909,79.980712,BANK_BRANCH_ATM,1
ATM01434,BANK002,Karnataka,Udupi,Santhekatte,AREA0095,13.349458,74.739355,BANK_BRANCH_ATM,1
ATM01435,BANK006,Karnataka,Belagavi,Udyambag,AREA0074,15.862908,74.49313,SHOPPING_MALL_ATM,1
ATM01436,BANK005,Kerala,Kollam,Chinnakada,AREA0123,8.905469,76.607699,STANDALONE_ATM,0
ATM01437,BANK007,Andhra Pradesh,Nellore,Stonehousepet,AREA0175,14.412626,79.990256,STANDALONE_ATM,1
ATM01438,BANK003,Kerala,Kannur,Valapattanam,AREA0134,11.850622,75.362301,BANK_BRANCH_ATM,0
ATM01439,BANK001,Karnataka,Kalaburagi,Gulbarga University Area,AREA0088,17.298933,76.833126,PETROL_STATION_ATM,1
ATM01440,BANK003,Karnataka,Tumakuru,Tumkur University Area,AREA0084,13.340412,77.106635,TRANSIT_ATM,1
ATM01441,BANK006,Tamil Nadu,Salem,Hasthampatti,AREA0022,11.644472,78.133518,STANDALONE_ATM,1
ATM01442,BANK003,Andhra Pradesh,Nellore,Dargamitta,AREA0173,14.437818,79.992334,TRANSIT_ATM,1
ATM01443,BANK008,Kerala,Ernakulam,Edappally,AREA0107,9.983557,76.28715,STANDALONE_ATM,1
ATM01444,BANK002,Karnataka,Tumakuru,Ashok Nagar,AREA0083,13.351148,77.08162,BANK_BRANCH_ATM,1
ATM01445,BANK003,Andhra Pradesh,Tirupati,Tiruchanur,AREA0168,13.631844,79.408433,BANK_BRANCH_ATM,1
ATM01446,BANK007,Karnataka,Mysuru,Vijayanagar,AREA0056,12.304755,76.631262,SHOPPING_MALL_ATM,0
ATM01447,BANK007,Karnataka,Belagavi,Sadashiv Nagar,AREA0073,15.8844,74.50104,SHOPPING_MALL_ATM,1
ATM01448,BANK003,Karnataka,Belagavi,Tilakwadi,AREA0071,15.86599,74.5192,STANDALONE_ATM,1
ATM01449,BANK005,Kerala,Alappuzha,Kalavoor,AREA0128,9.493902,76.336369,BANK_BRANCH_ATM,0
ATM01450,BANK004,Tamil Nadu,Thanjavur,Palliagraharam,AREA0044,10.801879,79.137809,PETROL_STATION_ATM,1
ATM01451,BANK005,Andhra Pradesh,Vijayawada,Governorpet,AREA0158,16.493016,80.627394,BANK_BRANCH_ATM,1
ATM01452,BANK005,Tamil Nadu,Vellore,Bagayam,AREA0039,12.918112,79.12472,STANDALONE_ATM,1
ATM01453,BANK004,Tamil Nadu,Erode,Teachers Colony,AREA0034,11.349437,77.710868,TRANSIT_ATM,1
ATM01454,BANK005,Andhra Pradesh,Kakinada,Bhanugudi,AREA0189,17.009913,82.235797,BANK_BRANCH_ATM,1
ATM01455,BANK004,Kerala,Alappuzha,Mullakkal,AREA0126,9.482019,76.336197,TRANSIT_ATM,1
ATM01456,BANK007,Kerala,Thiruvananthapuram,Kesavadasapuram,AREA0105,8.531336,76.946142,BANK_BRANCH_ATM,1
ATM01457,BANK004,Tamil Nadu,Salem,Ammapet,AREA0023,11.66433,78.167709,TRANSIT_ATM,1
ATM01458,BANK002,Andhra Pradesh,Rajamahendravaram,Dowleswaram,AREA0184,16.987796,81.779461,PETROL_STATION_ATM,1
ATM01459,BANK001,Tamil Nadu,Tirunelveli,Maharaja Nagar,AREA0030,8.717415,77.742281,SHOPPING_MALL_ATM,1
ATM01460,BANK006,Andhra Pradesh,Rajamahendravaram,Dowleswaram,AREA0184,17.001261,81.798548,STANDALONE_ATM,1
ATM01461,BANK007,Tamil Nadu,Chennai,Anna Nagar,AREA0001,13.083831,80.258264,PETROL_STATION_ATM,1
ATM01462,BANK007,Karnataka,Tumakuru,Ashok Nagar,AREA0083,13.341186,77.121954,SHOPPING_MALL_ATM,0
ATM01463,BANK003,Tamil Nadu,Vellore,Bagayam,AREA0039,12.922483,79.141545,TRANSIT_ATM,1
ATM01464,BANK002,Tamil Nadu,Salem,Suramangalam,AREA0024,11.675565,78.131322,BANK_BRANCH_ATM,0
ATM01465,BANK002,Kerala,Thrissur,Punkunnam,AREA0116,10.524181,76.222082,BANK_BRANCH_ATM,1
ATM01466,BANK005,Tamil Nadu,Vellore,Gandhi Nagar,AREA0038,12.89852,79.14622,STANDALONE_ATM,0
ATM01467,BANK001,Karnataka,Mangaluru,Hampankatta,AREA0061,12.896876,74.849048,BANK_BRANCH_ATM,1
ATM01468,BANK007,Karnataka,Mangaluru,Kottara,AREA0063,12.927294,74.853735,PETROL_STATION_ATM,1
ATM01469,BANK005,Tamil Nadu,Erode,Surampatti,AREA0032,11.342655,77.740679,PETROL_STATION_ATM,1
ATM01470,BANK007,Andhra Pradesh,Kurnool,Bellary Road,AREA0179,15.838961,78.035687,TRANSIT_ATM,1
ATM01471,BANK007,Karnataka,Ballari,Cowl Bazaar,AREA0097,15.119773,76.933015,BANK_BRANCH_ATM,1
ATM01472,BANK003,Kerala,Kannur,Valapattanam,AREA0134,11.873171,75.366902,SHOPPING_MALL_ATM,1
ATM01473,BANK002,Tamil Nadu,Madurai,Anna Nagar,AREA0012,9.924678,78.114824,SHOPPING_MALL_ATM,1
ATM01474,BANK002,Karnataka,Kalaburagi,Gulbarga University Area,AREA0088,17.321014,76.828152,PETROL_STATION_ATM,1
ATM01475,BANK004,Kerala,Thiruvananthapuram,Vazhuthacaud,AREA0103,8.516709,76.924315,STANDALONE_ATM,1
ATM01476,BANK006,Tamil Nadu,Madurai,Tallakulam,AREA0015,9.932264,78.12854,TRANSIT_ATM,1
ATM01477,BANK002,Kerala,Kottayam,Changanassery,AREA0144,9.588253,76.546838,SHOPPING_MALL_ATM,1
ATM01478,BANK007,Tamil Nadu,Coimbatore,Peelamedu,AREA0008,11.03235,76.962597,STANDALONE_ATM,1
ATM01479,BANK001,Karnataka,Belagavi,Tilakwadi,AREA0071,15.860044,74.481578,STANDALONE_ATM,1
ATM01480,BANK002,Andhra Pradesh,Nellore,Stonehousepet,AREA0175,14.456807,79.978197,TRANSIT_ATM,1
ATM01481,BANK002,Andhra Pradesh,Kurnool,Nandyal Road,AREA0177,15.849293,78.070733,TRANSIT_ATM,1
ATM01482,BANK001,Kerala,Malappuram,Down Hill,AREA0150,11.078852,76.078342,SHOPPING_MALL_ATM,1
ATM01483,BANK003,Tamil Nadu,Tiruchirappalli,Cantonment,AREA0019,10.79964,78.714611,BANK_BRANCH_ATM,1
ATM01484,BANK001,Karnataka,Mysuru,Nazarbad,AREA0060,12.291704,76.645815,STANDALONE_ATM,1
ATM01485,BANK001,Andhra Pradesh,Kakinada,Jagannaickpur,AREA0187,16.979087,82.268343,STANDALONE_ATM,1
ATM01486,BANK008,Karnataka,Hubballi,Keshwapur,AREA0068,15.373566,75.139364,SHOPPING_MALL_ATM,1
ATM01487,BANK005,Tamil Nadu,Madurai,KK Nagar,AREA0011,9.925861,78.114083,STANDALONE_ATM,1
ATM01488,BANK006,Kerala,Ernakulam,Edappally,AREA0107,9.966038,76.292013,STANDALONE_ATM,1
ATM01489,BANK005,Tamil Nadu,Madurai,Tallakulam,AREA0015,9.923574,78.129068,BANK_BRANCH_ATM,1
ATM01490,BANK001,Kerala,Ernakulam,Aluva,AREA0110,9.986381,76.302845,SHOPPING_MALL_ATM,0
ATM01491,BANK007,Tamil Nadu,Tiruchirappalli,KK Nagar,AREA0020,10.79894,78.703232,SHOPPING_MALL_ATM,1
ATM01492,BANK002,Kerala,Thiruvananthapuram,Kesavadasapuram,AREA0105,8.532575,76.939336,SHOPPING_MALL_ATM,0
ATM01493,BANK002,Kerala,Kannur,Chovva,AREA0133,11.876661,75.361624,TRANSIT_ATM,0
ATM01494,BANK008,Kerala,Malappuram,Perinthalmanna,AREA0148,11.046863,76.048636,PETROL_STATION_ATM,1
ATM01495,BANK006,Tamil Nadu,Erode,Karungalpalayam,AREA0035,11.330574,77.729965,BANK_BRANCH_ATM,1
ATM01496,BANK008,Tamil Nadu,Erode,Surampatti,AREA0032,11.331857,77.721826,PETROL_STATION_ATM,1
ATM01497,BANK003,Tamil Nadu,Dindigul,Palani Road,AREA0049,10.357145,77.990899,SHOPPING_MALL_ATM,1
ATM01498,BANK003,Andhra Pradesh,Kurnool,Bellary Road,AREA0179,15.833647,78.022509,SHOPPING_MALL_ATM,0
ATM01499,BANK002,Karnataka,Shivamogga,Savalanga Road,AREA0078,13.941303,75.583358,PETROL_STATION_ATM,1
ATM01500,BANK002,Karnataka,Bengaluru Urban,Yelahanka,AREA0055,12.96172,77.591565,STANDALONE_ATM,1
ATM01501,BANK001,Kerala,Thiruvananthapuram,Pattom,AREA0101,8.512054,76.946617,BANK_BRANCH_ATM,1
ATM01502,BANK001,Karnataka,Hubballi,Vidya Nagar,AREA0066,15.365042,75.124261,STANDALONE_ATM,1
ATM01503,BANK001,Karnataka,Udupi,Manipal,AREA0091,13.315231,74.740349,TRANSIT_ATM,1
ATM01504,BANK006,Tamil Nadu,Chennai,Adyar,AREA0005,13.098631,80.29721,TRANSIT_ATM,0
ATM01505,BANK003,Karnataka,Kalaburagi,Sedam Road,AREA0086,17.345187,76.844682,STANDALONE_ATM,0
ATM01506,BANK001,Andhra Pradesh,Kakinada,Jagannaickpur,AREA0187,16.983232,82.240111,PETROL_STATION_ATM,1
ATM01507,BANK007,Tamil Nadu,Coimbatore,Peelamedu,AREA0008,11.008191,76.951665,STANDALONE_ATM,0
ATM01508,BANK006,Kerala,Kottayam,Changanassery,AREA0144,9.586325,76.529895,STANDALONE_ATM,0
ATM01509,BANK007,Tamil Nadu,Thanjavur,Palliagraharam,AREA0044,10.769211,79.133289,SHOPPING_MALL_ATM,1
ATM01510,BANK005,Tamil Nadu,Dindigul,Natham Road,AREA0050,10.344027,77.99098,BANK_BRANCH_ATM,1
ATM01511,BANK006,Karnataka,Tumakuru,Ashok Nagar,AREA0083,13.334837,77.121533,BANK_BRANCH_ATM,1
ATM01512,BANK001,Andhra Pradesh,Kakinada,Ramanayyapeta,AREA0188,16.997634,82.224432,STANDALONE_ATM,0
ATM01513,BANK004,Tamil Nadu,Vellore,Vellore Fort,AREA0040,12.900382,79.127753,PETROL_STATION_ATM,1
ATM01514,BANK001,Tamil Nadu,Erode,Surampatti,AREA0032,11.36786,77.705933,TRANSIT_ATM,1
ATM01515,BANK002,Karnataka,Shivamogga,Gandhi Nagar,AREA0076,13.932239,75.580736,TRANSIT_ATM,1
ATM01516,BANK005,Tamil Nadu,Madurai,Thirunagar,AREA0014,9.940988,78.118062,SHOPPING_MALL_ATM,1
ATM01517,BANK006,Andhra Pradesh,Tirupati,Alipiri,AREA0167,13.616324,79.419004,BANK_BRANCH_ATM,0
ATM01518,BANK008,Karnataka,Mysuru,Saraswathipuram,AREA0059,12.307577,76.647433,BANK_BRANCH_ATM,1
ATM01519,BANK006,Karnataka,Ballari,Cantonment,AREA0099,15.117848,76.9024,STANDALONE_ATM,0
ATM01520,BANK005,Tamil Nadu,Tirunelveli,Perumalpuram,AREA0028,8.696195,77.76897,PETROL_STATION_ATM,1
ATM01521,BANK005,Tamil Nadu,Vellore,Bagayam,AREA0039,12.901335,79.116053,PETROL_STATION_ATM,0
ATM01522,BANK004,Andhra Pradesh,Tirupati,Tiruchanur,AREA0168,13.629859,79.430887,TRANSIT_ATM,1
ATM01523,BANK006,Kerala,Kannur,Thalassery,AREA0131,11.893458,75.355855,PETROL_STATION_ATM,0
ATM01524,BANK008,Tamil Nadu,Madurai,KK Nagar,AREA0011,9.951117,78.097462,STANDALONE_ATM,1
ATM01525,BANK004,Tamil Nadu,Salem,Hasthampatti,AREA0022,11.658254,78.152728,STANDALONE_ATM,1
ATM01526,BANK001,Karnataka,Mangaluru,Kadri,AREA0062,12.901069,74.852277,TRANSIT_ATM,1
ATM01527,BANK001,Andhra Pradesh,Vijayawada,Poranki,AREA0160,16.500643,80.613388,STANDALONE_ATM,1
ATM01528,BANK006,Kerala,Kottayam,Kumaranalloor,AREA0142,9.5712,76.521396,BANK_BRANCH_ATM,1
ATM01529,BANK006,Kerala,Kozhikode,Kottooli,AREA0115,11.250103,75.769896,BANK_BRANCH_ATM,1
ATM01530,BANK007,Tamil Nadu,Coimbatore,Singanallur,AREA0010,11.011322,76.971213,SHOPPING_MALL_ATM,1
ATM01531,BANK002,Andhra Pradesh,Kurnool,Nandyal Road,AREA0177,15.840337,78.008876,STANDALONE_ATM,0
ATM01532,BANK004,Tamil Nadu,Chennai,Anna Nagar,AREA0001,13.0922,80.257275,TRANSIT_ATM,0
ATM01533,BANK008,Tamil Nadu,Salem,Ammapet,AREA0023,11.685504,78.133229,BANK_BRANCH_ATM,1
ATM01534,BANK003,Tamil Nadu,Vellore,Katpadi,AREA0036,12.924407,79.127144,SHOPPING_MALL_ATM,1
ATM01535,BANK002,Andhra Pradesh,Visakhapatnam,MVP Colony,AREA0154,17.691517,83.213645,BANK_BRANCH_ATM,1
ATM01536,BANK004,Kerala,Thrissur,Koorkenchery,AREA0119,10.512894,76.204319,PETROL_STATION_ATM,0
ATM01537,BANK007,Kerala,Thiruvananthapuram,Kazhakootam,AREA0102,8.502459,76.949717,SHOPPING_MALL_ATM,1
ATM01538,BANK008,Karnataka,Belagavi,Shahapur,AREA0072,15.858807,74.5009,BANK_BRANCH_ATM,0
ATM01539,BANK002,Karnataka,Shivamogga,Gandhi Nagar,AREA0076,13.934026,75.556239,PETROL_STATION_ATM,1
ATM01540,BANK003,Andhra Pradesh,Kakinada,Sarpavaram,AREA0186,16.990912,82.239816,TRANSIT_ATM,0
ATM01541,BANK002,Andhra Pradesh,Kurnool,Bellary Road,AREA0179,15.85252,78.041598,PETROL_STATION_ATM,1
ATM01542,BANK001,Tamil Nadu,Tirunelveli,Maharaja Nagar,AREA0030,8.704606,77.752064,TRANSIT_ATM,1
ATM01543,BANK003,Kerala,Thrissur,Koorkenchery,AREA0119,10.526667,76.208927,STANDALONE_ATM,1
ATM01544,BANK005,Andhra Pradesh,Anantapur,Sapthagiri Circle,AREA0196,14.669424,77.605653,SHOPPING_MALL_ATM,1
ATM01545,BANK006,Kerala,Thiruvananthapuram,Vazhuthacaud,AREA0103,8.533827,76.947408,TRANSIT_ATM,1
ATM01546,BANK006,Tamil Nadu,Vellore,Vellore Fort,AREA0040,12.924483,79.120247,SHOPPING_MALL_ATM,0
ATM01547,BANK008,Karnataka,Kalaburagi,Gulbarga University Area,AREA0088,17.337735,76.84228,SHOPPING_MALL_ATM,1
ATM01548,BANK004,Andhra Pradesh,Vijayawada,Patamata,AREA0159,16.511618,80.659853,BANK_BRANCH_ATM,0
ATM01549,BANK004,Karnataka,Bengaluru Urban,Electronic City,AREA0054,12.962925,77.590408,STANDALONE_ATM,1
ATM01550,BANK002,Tamil Nadu,Thanjavur,New Bus Stand,AREA0042,10.797571,79.136644,STANDALONE_ATM,0
ATM01551,BANK002,Kerala,Kottayam,Ettumanoor,AREA0145,9.584204,76.525627,STANDALONE_ATM,1
ATM01552,BANK008,Kerala,Kozhikode,Kallai,AREA0113,11.274419,75.772103,TRANSIT_ATM,1
ATM01553,BANK006,Kerala,Palakkad,Chandranagar,AREA0140,10.811585,76.645364,TRANSIT_ATM,0
ATM01554,BANK002,Kerala,Palakkad,Olavakkode,AREA0136,10.784875,76.673349,PETROL_STATION_ATM,1
ATM01555,BANK006,Karnataka,Udupi,Manipal,AREA0091,13.340837,74.753809,STANDALONE_ATM,1
ATM01556,BANK008,Andhra Pradesh,Vijayawada,Poranki,AREA0160,16.489087,80.642326,SHOPPING_MALL_ATM,1
ATM01557,BANK008,Andhra Pradesh,Guntur,Gorantla,AREA0165,16.308366,80.417931,SHOPPING_MALL_ATM,1
ATM01558,BANK002,Karnataka,Hubballi,Navanagar,AREA0070,15.349308,75.132605,BANK_BRANCH_ATM,0
ATM01559,BANK003,Andhra Pradesh,Vijayawada,Patamata,AREA0159,16.502841,80.642108,SHOPPING_MALL_ATM,1
ATM01560,BANK001,Karnataka,Hubballi,Keshwapur,AREA0068,15.359515,75.145691,STANDALONE_ATM,0
ATM01561,BANK006,Kerala,Kottayam,Kumaranalloor,AREA0142,9.60328,76.529687,STANDALONE_ATM,1
ATM01562,BANK002,Karnataka,Hubballi,Vidya Nagar,AREA0066,15.363315,75.104997,STANDALONE_ATM,1
ATM01563,BANK006,Kerala,Alappuzha,Alappuzha Beach,AREA0127,9.49794,76.334688,TRANSIT_ATM,1
ATM01564,BANK001,Karnataka,Kalaburagi,Shah Bazar,AREA0090,17.308906,76.857113,SHOPPING_MALL_ATM,1
ATM01565,BANK005,Kerala,Malappuram,Manjeri,AREA0147,11.061896,76.077177,STANDALONE_ATM,0
ATM01566,BANK001,Kerala,Kollam,Karunagappally,AREA0122,8.871502,76.628291,TRANSIT_ATM,1
ATM01567,BANK008,Karnataka,Mangaluru,Hampankatta,AREA0061,12.909688,74.850478,PETROL_STATION_ATM,0
ATM01568,BANK004,Kerala,Palakkad,Puthur,AREA0138,10.791449,76.656494,BANK_BRANCH_ATM,1
ATM01569,BANK008,Tamil Nadu,Madurai,KK Nagar,AREA0011,9.950385,78.103175,BANK_BRANCH_ATM,1
ATM01570,BANK003,Kerala,Ernakulam,Kakkanad,AREA0106,9.978523,76.283855,BANK_BRANCH_ATM,1
ATM01571,BANK001,Andhra Pradesh,Guntur,Lakshmipuram,AREA0163,16.291497,80.441764,BANK_BRANCH_ATM,1
ATM01572,BANK004,Kerala,Malappuram,Tirur,AREA0149,11.050973,76.089916,STANDALONE_ATM,1
ATM01573,BANK004,Andhra Pradesh,Kadapa,Seven Roads,AREA0195,14.455755,78.844831,TRANSIT_ATM,1
ATM01574,BANK006,Kerala,Malappuram,Manjeri,AREA0147,11.042981,76.064802,BANK_BRANCH_ATM,1
ATM01575,BANK005,Karnataka,Mysuru,Hebbal,AREA0057,12.285253,76.642959,BANK_BRANCH_ATM,1
ATM01576,BANK001,Karnataka,Bengaluru Urban,Yelahanka,AREA0055,12.980452,77.586129,BANK_BRANCH_ATM,1
ATM01577,BANK004,Andhra Pradesh,Kadapa,RTC Colony,AREA0194,14.485188,78.81171,TRANSIT_ATM,0
ATM01578,BANK003,Karnataka,Shivamogga,BH Road,AREA0079,13.930438,75.574499,BANK_BRANCH_ATM,1
ATM01579,BANK006,Tamil Nadu,Salem,Suramangalam,AREA0024,11.675892,78.162288,BANK_BRANCH_ATM,1
ATM01580,BANK001,Andhra Pradesh,Kakinada,Bhanugudi,AREA0189,16.986303,82.254078,TRANSIT_ATM,1
ATM01581,BANK001,Kerala,Ernakulam,Kakkanad,AREA0106,9.988469,76.289573,STANDALONE_ATM,1
ATM01582,BANK007,Karnataka,Shivamogga,Vidya Nagar,AREA0080,13.927307,75.555902,TRANSIT_ATM,1
ATM01583,BANK008,Karnataka,Belagavi,Udyambag,AREA0074,15.843813,74.495901,BANK_BRANCH_ATM,1
ATM01584,BANK007,Karnataka,Kalaburagi,Super Market,AREA0087,17.335908,76.828305,TRANSIT_ATM,1
ATM01585,BANK003,Karnataka,Ballari,Cowl Bazaar,AREA0097,15.150879,76.904645,SHOPPING_MALL_ATM,1
ATM01586,BANK004,Tamil Nadu,Dindigul,Begampur,AREA0047,10.362024,77.973155,STANDALONE_ATM,1
ATM01587,BANK005,Kerala,Thiruvananthapuram,Kowdiar,AREA0104,8.534932,76.932678,SHOPPING_MALL_ATM,1
ATM01588,BANK008,Karnataka,Hubballi,Vidya Nagar,AREA0066,15.358463,75.10906,STANDALONE_ATM,1
ATM01589,BANK001,Kerala,Palakkad,Olavakkode,AREA0136,10.794105,76.634617,PETROL_STATION_ATM,0
ATM01590,BANK004,Tamil Nadu,Vellore,Gandhi Nagar,AREA0038,12.924386,79.130829,SHOPPING_MALL_ATM,1
ATM01591,BANK008,Kerala,Kannur,Chovva,AREA0133,11.867731,75.365955,TRANSIT_ATM,0
ATM01592,BANK008,Karnataka,Mysuru,Nazarbad,AREA0060,12.29188,76.635283,BANK_BRANCH_ATM,1
ATM01593,BANK002,Tamil Nadu,Chennai,Velachery,AREA0003,13.057846,80.28262,SHOPPING_MALL_ATM,1
ATM01594,BANK007,Kerala,Kozhikode,Mavoor Road,AREA0112,11.245171,75.767986,STANDALONE_ATM,1
ATM01595,BANK007,Andhra Pradesh,Nellore,Stonehousepet,AREA0175,14.439189,79.995541,STANDALONE_ATM,1
ATM01596,BANK004,Karnataka,Belagavi,Tilakwadi,AREA0071,15.852553,74.485749,PETROL_STATION_ATM,1
ATM01597,BANK001,Tamil Nadu,Vellore,Vellore Fort,AREA0040,12.933387,79.129763,TRANSIT_ATM,1
ATM01598,BANK006,Tamil Nadu,Tiruchirappalli,KK Nagar,AREA0020,10.81235,78.709876,TRANSIT_ATM,1
ATM01599,BANK008,Kerala,Alappuzha,Mullakkal,AREA0126,9.503771,76.329428,SHOPPING_MALL_ATM,1
ATM01600,BANK006,Tamil Nadu,Chennai,Adyar,AREA0005,13.061765,80.25964,TRANSIT_ATM,1
ATM01601,BANK005,Tamil Nadu,Thanjavur,Karanthai,AREA0043,10.79658,79.139907,STANDALONE_ATM,1
ATM01602,BANK001,Andhra Pradesh,Rajamahendravaram,Lalacheruvu,AREA0185,16.973876,81.805439,SHOPPING_MALL_ATM,1
ATM01603,BANK004,Tamil Nadu,Dindigul,Natham Road,AREA0050,10.367892,77.982804,BANK_BRANCH_ATM,1
ATM01604,BANK005,Tamil Nadu,Tiruchirappalli,Woraiyur,AREA0018,10.797318,78.696348,BANK_BRANCH_ATM,0
ATM01605,BANK008,Andhra Pradesh,Guntur,Lakshmipuram,AREA0163,16.322365,80.417546,PETROL_STATION_ATM,1
ATM01606,BANK006,Karnataka,Hubballi,Keshwapur,AREA0068,15.37178,75.154485,PETROL_STATION_ATM,1
ATM01607,BANK004,Kerala,Thiruvananthapuram,Kazhakootam,AREA0102,8.50181,76.919638,STANDALONE_ATM,0
ATM01608,BANK002,Karnataka,Hubballi,Vidya Nagar,AREA0066,15.375446,75.103116,STANDALONE_ATM,1
ATM01609,BANK004,Karnataka,Kalaburagi,Gulbarga University Area,AREA0088,17.335714,76.834433,SHOPPING_MALL_ATM,1
ATM01610,BANK001,Tamil Nadu,Madurai,Thirunagar,AREA0014,9.932127,78.111869,STANDALONE_ATM,1
ATM01611,BANK007,Kerala,Kollam,Kadappakada,AREA0124,8.89053,76.614917,SHOPPING_MALL_ATM,1
ATM01612,BANK003,Andhra Pradesh,Vijayawada,Governorpet,AREA0158,16.516741,80.635828,STANDALONE_ATM,0
ATM01613,BANK004,Tamil Nadu,Coimbatore,Saibaba Colony,AREA0009,11.010453,76.949897,PETROL_STATION_ATM,1
ATM01614,BANK006,Karnataka,Tumakuru,Tumkur University Area,AREA0084,13.300146,77.115345,SHOPPING_MALL_ATM,1
ATM01615,BANK001,Tamil Nadu,Coimbatore,Gandhipuram,AREA0006,10.998153,76.974598,SHOPPING_MALL_ATM,1
ATM01616,BANK003,Andhra Pradesh,Nellore,Vedayapalem,AREA0174,14.449997,79.991602,PETROL_STATION_ATM,1
ATM01617,BANK004,Tamil Nadu,Tirunelveli,Palayamkottai,AREA0026,8.702142,77.76455,TRANSIT_ATM,1
ATM01618,BANK005,Tamil Nadu,Madurai,Mattuthavani,AREA0013,9.923522,78.121259,STANDALONE_ATM,1
ATM01619,BANK008,Andhra Pradesh,Nellore,Dargamitta,AREA0173,14.462551,79.983608,BANK_BRANCH_ATM,1
ATM01620,BANK002,Andhra Pradesh,Guntur,Brodipet,AREA0161,16.323721,80.432439,BANK_BRANCH_ATM,1
ATM01621,BANK004,Andhra Pradesh,Kakinada,Ramanayyapeta,AREA0188,16.953227,82.234422,PETROL_STATION_ATM,1
ATM01622,BANK004,Andhra Pradesh,Guntur,Nallapadu,AREA0164,16.29116,80.439144,BANK_BRANCH_ATM,1
ATM01623,BANK008,Andhra Pradesh,Kadapa,Yerramukkapalli,AREA0193,14.476146,78.831211,BANK_BRANCH_ATM,0
ATM01624,BANK006,Karnataka,Udupi,Kinnimulki,AREA0093,13.35341,74.747658,PETROL_STATION_ATM,0
ATM01625,BANK004,Andhra Pradesh,Nellore,Magunta Layout,AREA0171,14.426023,79.989151,STANDALONE_ATM,1
ATM01626,BANK006,Karnataka,Bengaluru Urban,Yelahanka,AREA0055,12.963777,77.595138,STANDALONE_ATM,0
ATM01627,BANK006,Andhra Pradesh,Guntur,Arundelpet,AREA0162,16.302318,80.430461,BANK_BRANCH_ATM,1
ATM01628,BANK001,Kerala,Thiruvananthapuram,Vazhuthacaud,AREA0103,8.520396,76.95514,STANDALONE_ATM,1
ATM01629,BANK003,Kerala,Kollam,Kadappakada,AREA0124,8.868789,76.599193,BANK_BRANCH_ATM,1
ATM01630,BANK006,Kerala,Thrissur,Punkunnam,AREA0116,10.513905,76.209747,BANK_BRANCH_ATM,0
ATM01631,BANK006,Kerala,Kozhikode,Kottooli,AREA0115,11.26506,75.748292,TRANSIT_ATM,0
ATM01632,BANK002,Kerala,Kannur,Chovva,AREA0133,11.869129,75.378223,SHOPPING_MALL_ATM,1
ATM01633,BANK005,Andhra Pradesh,Kadapa,Seven Roads,AREA0195,14.479028,78.803698,SHOPPING_MALL_ATM,0
ATM01634,BANK003,Kerala,Kollam,Kottarakkara,AREA0121,8.904216,76.622345,STANDALONE_ATM,1
ATM01635,BANK007,Kerala,Thrissur,Ayyanthole,AREA0117,10.541116,76.212511,TRANSIT_ATM,1
ATM01636,BANK006,Karnataka,Ballari,Infantry Road,AREA0100,15.141034,76.929862,STANDALONE_ATM,1
ATM01637,BANK006,Karnataka,Udupi,Manipal,AREA0091,13.341632,74.72263,STANDALONE_ATM,1
ATM01638,BANK003,Karnataka,Kalaburagi,Shah Bazar,AREA0090,17.316617,76.832593,TRANSIT_ATM,0
ATM01639,BANK005,Andhra Pradesh,Visakhapatnam,Seethammadhara,AREA0155,17.704977,83.223428,SHOPPING_MALL_ATM,0
ATM01640,BANK003,Kerala,Kozhikode,West Hill,AREA0114,11.248906,75.771437,STANDALONE_ATM,0
ATM01641,BANK001,Tamil Nadu,Tirunelveli,Palayamkottai,AREA0026,8.705426,77.752482,PETROL_STATION_ATM,1
ATM01642,BANK007,Karnataka,Mysuru,Nazarbad,AREA0060,12.292488,76.635331,PETROL_STATION_ATM,1
ATM01643,BANK001,Tamil Nadu,Madurai,Mattuthavani,AREA0013,9.921427,78.100653,STANDALONE_ATM,0
ATM01644,BANK006,Kerala,Alappuzha,Kalavoor,AREA0128,9.479144,76.331704,PETROL_STATION_ATM,0
ATM01645,BANK004,Kerala,Kannur,Thalassery,AREA0131,11.859594,75.366501,PETROL_STATION_ATM,1
ATM01646,BANK002,Kerala,Kozhikode,Mavoor Road,AREA0112,11.266707,75.793418,TRANSIT_ATM,0
ATM01647,BANK003,Kerala,Palakkad,Chandranagar,AREA0140,10.794521,76.653773,SHOPPING_MALL_ATM,0
ATM01648,BANK002,Kerala,Alappuzha,Punnamada,AREA0129,9.503697,76.337354,STANDALONE_ATM,1
ATM01649,BANK006,Andhra Pradesh,Kadapa,Nagarajupet,AREA0192,14.464074,78.829916,SHOPPING_MALL_ATM,1
ATM01650,BANK003,Andhra Pradesh,Anantapur,RTC Colony,AREA0199,14.677027,77.581536,BANK_BRANCH_ATM,1
ATM01651,BANK006,Karnataka,Mysuru,Kuvempunagar,AREA0058,12.290433,76.618651,TRANSIT_ATM,0
ATM01652,BANK001,Andhra Pradesh,Nellore,Stonehousepet,AREA0175,14.436605,79.989462,SHOPPING_MALL_ATM,1
ATM01653,BANK004,Kerala,Kannur,Thalassery,AREA0131,11.876225,75.369383,STANDALONE_ATM,1
ATM01654,BANK002,Kerala,Kottayam,Ettumanoor,AREA0145,9.58838,76.524295,SHOPPING_MALL_ATM,1
ATM01655,BANK005,Tamil Nadu,Dindigul,Nagal Nagar,AREA0046,10.373022,77.974422,BANK_BRANCH_ATM,0
ATM01656,BANK001,Karnataka,Udupi,Kinnimulki,AREA0093,13.325896,74.74463,BANK_BRANCH_ATM,1
ATM01657,BANK007,Karnataka,Tumakuru,Batawadi,AREA0085,13.325859,77.089403,TRANSIT_ATM,1
ATM01658,BANK007,Tamil Nadu,Erode,Perundurai Road,AREA0031,11.350295,77.719349,STANDALONE_ATM,1
ATM01659,BANK007,Tamil Nadu,Vellore,Sathuvachari,AREA0037,12.932245,79.143733,TRANSIT_ATM,1
ATM01660,BANK007,Karnataka,Mangaluru,Kottara,AREA0063,12.913132,74.865595,SHOPPING_MALL_ATM,1
ATM01661,BANK007,Karnataka,Kalaburagi,Shah Bazar,AREA0090,17.315785,76.831235,BANK_BRANCH_ATM,1
ATM01662,BANK008,Kerala,Ernakulam,Edappally,AREA0107,9.981047,76.295177,PETROL_STATION_ATM,1
ATM01663,BANK004,Kerala,Palakkad,Kalmandapam,AREA0137,10.795463,76.657692,STANDALONE_ATM,0
ATM01664,BANK008,Kerala,Ernakulam,Aluva,AREA0110,9.98412,76.317416,BANK_BRANCH_ATM,1
ATM01665,BANK001,Tamil Nadu,Tirunelveli,Perumalpuram,AREA0028,8.712994,77.768711,SHOPPING_MALL_ATM,1
ATM01666,BANK001,Kerala,Thrissur,Ayyanthole,AREA0117,10.540009,76.221504,SHOPPING_MALL_ATM,1
ATM01667,BANK005,Karnataka,Shivamogga,Vidya Nagar,AREA0080,13.946849,75.568862,BANK_BRANCH_ATM,1
ATM01668,BANK002,Karnataka,Shivamogga,Vinoba Nagar,AREA0077,13.932952,75.559679,SHOPPING_MALL_ATM,1
ATM01669,BANK003,Karnataka,Tumakuru,Sira Road,AREA0081,13.33356,77.103339,TRANSIT_ATM,1
ATM01670,BANK003,Andhra Pradesh,Visakhapatnam,MVP Colony,AREA0154,17.682223,83.223059,BANK_BRANCH_ATM,1
ATM01671,BANK002,Kerala,Kannur,Thalassery,AREA0131,11.874021,75.382834,SHOPPING_MALL_ATM,1
ATM01672,BANK008,Andhra Pradesh,Rajamahendravaram,Dowleswaram,AREA0184,16.987669,81.795037,BANK_BRANCH_ATM,1
ATM01673,BANK007,Karnataka,Shivamogga,BH Road,AREA0079,13.911752,75.558544,STANDALONE_ATM,1
ATM01674,BANK007,Andhra Pradesh,Nellore,Dargamitta,AREA0173,14.445054,79.980556,STANDALONE_ATM,0
ATM01675,BANK001,Karnataka,Hubballi,Keshwapur,AREA0068,15.363597,75.121898,BANK_BRANCH_ATM,1
ATM01676,BANK006,Andhra Pradesh,Kurnool,Ashok Nagar,AREA0178,15.825734,78.019227,STANDALONE_ATM,1
ATM01677,BANK004,Andhra Pradesh,Nellore,Stonehousepet,AREA0175,14.443556,80.005706,TRANSIT_ATM,1
ATM01678,BANK005,Andhra Pradesh,Tirupati,Korlagunta,AREA0170,13.628772,79.41906,SHOPPING_MALL_ATM,1
ATM01679,BANK005,Kerala,Malappuram,Perinthalmanna,AREA0148,11.071537,76.100779,STANDALONE_ATM,1
ATM01680,BANK002,Kerala,Thiruvananthapuram,Kowdiar,AREA0104,8.512679,76.958338,BANK_BRANCH_ATM,1
ATM01681,BANK007,Andhra Pradesh,Nellore,Dargamitta,AREA0173,14.440598,79.972232,PETROL_STATION_ATM,1
ATM01682,BANK008,Kerala,Palakkad,Shoranur Road,AREA0139,10.795452,76.639192,STANDALONE_ATM,1
ATM01683,BANK001,Karnataka,Tumakuru,Tumkur University Area,AREA0084,13.336204,77.096579,SHOPPING_MALL_ATM,1
ATM01684,BANK001,Andhra Pradesh,Kadapa,Proddatur Road,AREA0191,14.467528,78.808068,TRANSIT_ATM,1
ATM01685,BANK002,Tamil Nadu,Chennai,Guindy,AREA0004,13.06441,80.279271,SHOPPING_MALL_ATM,1
ATM01686,BANK008,Karnataka,Mysuru,Vijayanagar,AREA0056,12.309218,76.653784,STANDALONE_ATM,0
ATM01687,BANK002,Tamil Nadu,Coimbatore,RS Puram,AREA0007,10.997348,76.947426,BANK_BRANCH_ATM,1
ATM01688,BANK004,Andhra Pradesh,Vijayawada,Poranki,AREA0160,16.533193,80.637109,STANDALONE_ATM,1
ATM01689,BANK005,Andhra Pradesh,Tirupati,Renigunta Road,AREA0166,13.609117,79.412626,BANK_BRANCH_ATM,1
ATM01690,BANK008,Kerala,Ernakulam,Kakkanad,AREA0106,9.956713,76.278765,BANK_BRANCH_ATM,0
ATM01691,BANK005,Kerala,Kottayam,Changanassery,AREA0144,9.584161,76.515173,TRANSIT_ATM,1
ATM01692,BANK008,Tamil Nadu,Thanjavur,Old Town,AREA0045,10.765155,79.152052,TRANSIT_ATM,1
ATM01693,BANK005,Kerala,Ernakulam,Edappally,AREA0107,9.97597,76.295052,BANK_BRANCH_ATM,1
ATM01694,BANK007,Karnataka,Kalaburagi,Super Market,AREA0087,17.324105,76.833241,STANDALONE_ATM,1
ATM01695,BANK006,Kerala,Ernakulam,Aluva,AREA0110,10.002795,76.305924,TRANSIT_ATM,0
ATM01696,BANK006,Tamil Nadu,Dindigul,Natham Road,AREA0050,10.367213,77.966782,STANDALONE_ATM,0
ATM01697,BANK008,Tamil Nadu,Madurai,Mattuthavani,AREA0013,9.914834,78.114723,BANK_BRANCH_ATM,1
ATM01698,BANK005,Kerala,Ernakulam,Kakkanad,AREA0106,9.975781,76.305438,TRANSIT_ATM,1
ATM01699,BANK008,Karnataka,Hubballi,Vidya Nagar,AREA0066,15.34404,75.133581,SHOPPING_MALL_ATM,0
ATM01700,BANK004,Tamil Nadu,Thanjavur,Palliagraharam,AREA0044,10.783397,79.122185,SHOPPING_MALL_ATM,1
ATM01701,BANK001,Karnataka,Bengaluru Urban,Indiranagar,AREA0052,12.971743,77.590909,STANDALONE_ATM,1
ATM01702,BANK002,Andhra Pradesh,Kadapa,Nagarajupet,AREA0192,14.457885,78.853632,BANK_BRANCH_ATM,1
ATM01703,BANK006,Andhra Pradesh,Kakinada,Sarpavaram,AREA0186,16.982937,82.258933,PETROL_STATION_ATM,0
ATM01704,BANK007,Karnataka,Bengaluru Urban,Indiranagar,AREA0052,12.99192,77.594968,PETROL_STATION_ATM,1
ATM01705,BANK004,Tamil Nadu,Madurai,Thirunagar,AREA0014,9.935402,78.127255,PETROL_STATION_ATM,1
ATM01706,BANK001,Kerala,Kannur,Chovva,AREA0133,11.88589,75.368251,TRANSIT_ATM,1
ATM01707,BANK007,Kerala,Thiruvananthapuram,Kowdiar,AREA0104,8.532533,76.940813,PETROL_STATION_ATM,1
ATM01708,BANK008,Karnataka,Mangaluru,Hampankatta,AREA0061,12.904684,74.864533,PETROL_STATION_ATM,1
ATM01709,BANK004,Andhra Pradesh,Nellore,Vedayapalem,AREA0174,14.434596,80.005176,TRANSIT_ATM,0
ATM01710,BANK005,Karnataka,Belagavi,Tilakwadi,AREA0071,15.839708,74.49104,BANK_BRANCH_ATM,1
ATM01711,BANK007,Tamil Nadu,Dindigul,Natham Road,AREA0050,10.340925,77.969709,BANK_BRANCH_ATM,1
ATM01712,BANK003,Karnataka,Shivamogga,Savalanga Road,AREA0078,13.950202,75.586643,BANK_BRANCH_ATM,1
ATM01713,BANK008,Karnataka,Kalaburagi,Sedam Road,AREA0086,17.33,76.826222,STANDALONE_ATM,1
ATM01714,BANK003,Tamil Nadu,Tirunelveli,Maharaja Nagar,AREA0030,8.716668,77.746632,STANDALONE_ATM,0
ATM01715,BANK004,Tamil Nadu,Dindigul,Natham Road,AREA0050,10.362362,77.986797,STANDALONE_ATM,1
ATM01716,BANK001,Tamil Nadu,Thanjavur,New Bus Stand,AREA0042,10.782209,79.137719,TRANSIT_ATM,1
ATM01717,BANK002,Kerala,Thiruvananthapuram,Kowdiar,AREA0104,8.530966,76.943751,TRANSIT_ATM,0
ATM01718,BANK004,Karnataka,Shivamogga,Vidya Nagar,AREA0080,13.923561,75.559576,STANDALONE_ATM,1
ATM01719,BANK005,Kerala,Ernakulam,Aluva,AREA0110,9.98871,76.298493,SHOPPING_MALL_ATM,0
ATM01720,BANK002,Andhra Pradesh,Kadapa,Seven Roads,AREA0195,14.4762,78.815413,BANK_BRANCH_ATM,1
ATM01721,BANK007,Tamil Nadu,Tirunelveli,Melapalayam,AREA0029,8.708732,77.766376,PETROL_STATION_ATM,1
ATM01722,BANK007,Kerala,Kozhikode,Kallai,AREA0113,11.252854,75.740229,PETROL_STATION_ATM,1
ATM01723,BANK006,Tamil Nadu,Tiruchirappalli,Woraiyur,AREA0018,10.799074,78.708343,SHOPPING_MALL_ATM,0
ATM01724,BANK008,Tamil Nadu,Tirunelveli,Perumalpuram,AREA0028,8.707945,77.77727,BANK_BRANCH_ATM,1
ATM01725,BANK007,Tamil Nadu,Tirunelveli,Perumalpuram,AREA0028,8.700941,77.756935,BANK_BRANCH_ATM,1
ATM01726,BANK007,Andhra Pradesh,Visakhapatnam,Dwaraka Nagar,AREA0153,17.685182,83.198148,STANDALONE_ATM,1
ATM01727,BANK003,Kerala,Palakkad,Puthur,AREA0138,10.783256,76.668606,PETROL_STATION_ATM,1
ATM01728,BANK002,Tamil Nadu,Coimbatore,Saibaba Colony,AREA0009,11.013797,76.951987,BANK_BRANCH_ATM,1
ATM01729,BANK002,Andhra Pradesh,Tirupati,Korlagunta,AREA0170,13.644305,79.403784,SHOPPING_MALL_ATM,1
ATM01730,BANK006,Kerala,Thrissur,Ayyanthole,AREA0117,10.539694,76.191993,TRANSIT_ATM,1
ATM01731,BANK005,Tamil Nadu,Tiruchirappalli,Woraiyur,AREA0018,10.802619,78.688721,TRANSIT_ATM,1
ATM01732,BANK008,Karnataka,Shivamogga,Savalanga Road,AREA0078,13.91999,75.553081,PETROL_STATION_ATM,1
ATM01733,BANK008,Kerala,Kottayam,Ettumanoor,AREA0145,9.599891,76.522416,BANK_BRANCH_ATM,0
ATM01734,BANK003,Kerala,Thiruvananthapuram,Pattom,AREA0101,8.53334,76.938452,SHOPPING_MALL_ATM,0
ATM01735,BANK007,Kerala,Kozhikode,West Hill,AREA0114,11.253643,75.787467,STANDALONE_ATM,1
ATM01736,BANK007,Tamil Nadu,Chennai,Guindy,AREA0004,13.085461,80.272182,BANK_BRANCH_ATM,1
ATM01737,BANK007,Karnataka,Kalaburagi,Gulbarga University Area,AREA0088,17.323944,76.833937,SHOPPING_MALL_ATM,1
ATM01738,BANK004,Karnataka,Ballari,Gandhinagar,AREA0096,15.13591,76.916812,BANK_BRANCH_ATM,0
ATM01739,BANK008,Kerala,Kozhikode,West Hill,AREA0114,11.260139,75.808859,SHOPPING_MALL_ATM,1
ATM01740,BANK006,Andhra Pradesh,Nellore,Dargamitta,AREA0173,14.433985,80.00701,BANK_BRANCH_ATM,1
ATM01741,BANK006,Kerala,Alappuzha,Ambalappuzha,AREA0130,9.505946,76.335983,SHOPPING_MALL_ATM,0
ATM01742,BANK005,Kerala,Kannur,Burnassery,AREA0135,11.860987,75.352552,SHOPPING_MALL_ATM,0
ATM01743,BANK008,Kerala,Thrissur,Punkunnam,AREA0116,10.521604,76.213665,BANK_BRANCH_ATM,1
ATM01744,BANK004,Andhra Pradesh,Guntur,Arundelpet,AREA0162,16.320059,80.44777,STANDALONE_ATM,1
ATM01745,BANK005,Karnataka,Mangaluru,Hampankatta,AREA0061,12.910697,74.850013,TRANSIT_ATM,1
ATM01746,BANK006,Andhra Pradesh,Anantapur,Sapthagiri Circle,AREA0196,14.678548,77.600558,SHOPPING_MALL_ATM,0
ATM01747,BANK007,Karnataka,Mangaluru,Kottara,AREA0063,12.905085,74.857667,PETROL_STATION_ATM,1
ATM01748,BANK002,Karnataka,Belagavi,Sadashiv Nagar,AREA0073,15.850328,74.498624,STANDALONE_ATM,1
ATM01749,BANK008,Kerala,Kollam,Kottarakkara,AREA0121,8.910708,76.630185,STANDALONE_ATM,1
ATM01750,BANK007,Kerala,Ernakulam,Aluva,AREA0110,9.986854,76.303807,TRANSIT_ATM,0
ATM01751,BANK006,Tamil Nadu,Tiruchirappalli,Woraiyur,AREA0018,10.817427,78.671988,BANK_BRANCH_ATM,1
ATM01752,BANK003,Karnataka,Kalaburagi,Gulbarga University Area,AREA0088,17.341463,76.865088,BANK_BRANCH_ATM,0
ATM01753,BANK005,Kerala,Kollam,Chinnakada,AREA0123,8.889215,76.617917,PETROL_STATION_ATM,1
ATM01754,BANK007,Kerala,Thrissur,Ollur,AREA0118,10.526928,76.217436,STANDALONE_ATM,0
ATM01755,BANK001,Tamil Nadu,Erode,Karungalpalayam,AREA0035,11.353555,77.736427,STANDALONE_ATM,1
ATM01756,BANK004,Tamil Nadu,Tiruchirappalli,Woraiyur,AREA0018,10.787583,78.715066,STANDALONE_ATM,1
ATM01757,BANK001,Karnataka,Udupi,Brahmagiri,AREA0092,13.352944,74.738458,STANDALONE_ATM,1
ATM01758,BANK001,Karnataka,Mysuru,Saraswathipuram,AREA0059,12.300034,76.644873,TRANSIT_ATM,1
ATM01759,BANK001,Tamil Nadu,Dindigul,Palani Road,AREA0049,10.347743,77.986976,SHOPPING_MALL_ATM,1
ATM01760,BANK004,Tamil Nadu,Chennai,Anna Nagar,AREA0001,13.059791,80.279935,SHOPPING_MALL_ATM,1
ATM01761,BANK006,Kerala,Alappuzha,Punnamada,AREA0129,9.502041,76.351486,TRANSIT_ATM,1
ATM01762,BANK007,Karnataka,Bengaluru Urban,Indiranagar,AREA0052,12.938175,77.607778,BANK_BRANCH_ATM,0
ATM01763,BANK001,Kerala,Ernakulam,Aluva,AREA0110,9.993408,76.320651,STANDALONE_ATM,1
ATM01764,BANK006,Kerala,Kozhikode,West Hill,AREA0114,11.240161,75.788391,TRANSIT_ATM,0
ATM01765,BANK008,Karnataka,Kalaburagi,Sedam Road,AREA0086,17.306556,76.841641,STANDALONE_ATM,1
ATM01766,BANK008,Kerala,Alappuzha,Punnamada,AREA0129,9.512218,76.329539,PETROL_STATION_ATM,1
ATM01767,BANK006,Kerala,Alappuzha,Kalavoor,AREA0128,9.49498,76.339141,SHOPPING_MALL_ATM,1
ATM01768,BANK003,Karnataka,Belagavi,Udyambag,AREA0074,15.831559,74.50412,SHOPPING_MALL_ATM,0
ATM01769,BANK002,Karnataka,Hubballi,Gokul Road,AREA0067,15.342203,75.121415,SHOPPING_MALL_ATM,1
ATM01770,BANK001,Tamil Nadu,Erode,Veerappanchatram,AREA0033,11.362232,77.719594,TRANSIT_ATM,1
ATM01771,BANK001,Kerala,Alappuzha,Mullakkal,AREA0126,9.482729,76.326476,STANDALONE_ATM,1
ATM01772,BANK004,Karnataka,Ballari,Cantonment,AREA0099,15.119455,76.928836,STANDALONE_ATM,1
ATM01773,BANK004,Tamil Nadu,Tiruchirappalli,Woraiyur,AREA0018,10.775404,78.71525,STANDALONE_ATM,1
ATM01774,BANK005,Karnataka,Ballari,Gandhinagar,AREA0096,15.141503,76.898221,TRANSIT_ATM,1
ATM01775,BANK001,Kerala,Kozhikode,Mavoor Road,AREA0112,11.236361,75.769394,BANK_BRANCH_ATM,1
ATM01776,BANK008,Karnataka,Belagavi,Shahapur,AREA0072,15.847646,74.512669,STANDALONE_ATM,1
ATM01777,BANK003,Tamil Nadu,Salem,Hasthampatti,AREA0022,11.669989,78.154353,PETROL_STATION_ATM,0
ATM01778,BANK001,Tamil Nadu,Tirunelveli,Melapalayam,AREA0029,8.710322,77.736871,STANDALONE_ATM,0
ATM01779,BANK005,Karnataka,Shivamogga,BH Road,AREA0079,13.936861,75.569196,PETROL_STATION_ATM,1
ATM01780,BANK005,Andhra Pradesh,Guntur,Nallapadu,AREA0164,16.299954,80.437192,SHOPPING_MALL_ATM,1
ATM01781,BANK007,Kerala,Kozhikode,Kottooli,AREA0115,11.250217,75.77207,TRANSIT_ATM,0
ATM01782,BANK006,Andhra Pradesh,Rajamahendravaram,Lalacheruvu,AREA0185,16.994032,81.790327,TRANSIT_ATM,1
ATM01783,BANK005,Kerala,Thiruvananthapuram,Pattom,AREA0101,8.504277,76.933733,STANDALONE_ATM,1
ATM01784,BANK008,Tamil Nadu,Coimbatore,Gandhipuram,AREA0006,11.011167,76.97418,SHOPPING_MALL_ATM,1
ATM01785,BANK007,Karnataka,Belagavi,Udyambag,AREA0074,15.859636,74.506118,PETROL_STATION_ATM,1
ATM01786,BANK002,Kerala,Kottayam,Ettumanoor,AREA0145,9.584352,76.508982,BANK_BRANCH_ATM,1
ATM01787,BANK006,Karnataka,Mangaluru,Surathkal,AREA0065,12.90477,74.869939,PETROL_STATION_ATM,0
ATM01788,BANK005,Karnataka,Shivamogga,Vidya Nagar,AREA0080,13.915638,75.591966,SHOPPING_MALL_ATM,0
ATM01789,BANK002,Karnataka,Ballari,Cowl Bazaar,AREA0097,15.140889,76.944163,TRANSIT_ATM,1
ATM01790,BANK002,Karnataka,Mysuru,Hebbal,AREA0057,12.310038,76.616703,SHOPPING_MALL_ATM,1
ATM01791,BANK005,Karnataka,Mangaluru,Bejai,AREA0064,12.905708,74.860976,SHOPPING_MALL_ATM,1
ATM01792,BANK005,Tamil Nadu,Tirunelveli,Melapalayam,AREA0029,8.707092,77.76434,SHOPPING_MALL_ATM,1
ATM01793,BANK005,Andhra Pradesh,Kakinada,Ramanayyapeta,AREA0188,17.01919,82.268376,STANDALONE_ATM,1
ATM01794,BANK003,Karnataka,Mangaluru,Bejai,AREA0064,12.943218,74.849105,PETROL_STATION_ATM,1
ATM01795,BANK004,Andhra Pradesh,Kakinada,Jagannaickpur,AREA0187,17.014153,82.242384,BANK_BRANCH_ATM,1
ATM01796,BANK007,Karnataka,Shivamogga,Savalanga Road,AREA0078,13.928818,75.574035,SHOPPING_MALL_ATM,1
ATM01797,BANK003,Kerala,Kottayam,Kodimatha,AREA0143,9.593298,76.542282,BANK_BRANCH_ATM,1
ATM01798,BANK008,Andhra Pradesh,Visakhapatnam,Seethammadhara,AREA0155,17.710561,83.226208,SHOPPING_MALL_ATM,1
ATM01799,BANK005,Karnataka,Ballari,Gandhinagar,AREA0096,15.122869,76.941802,TRANSIT_ATM,0
ATM01800,BANK007,Andhra Pradesh,Kadapa,Nagarajupet,AREA0192,14.488276,78.825123,TRANSIT_ATM,1
ATM01801,BANK001,Karnataka,Belagavi,Tilakwadi,AREA0071,15.830215,74.477779,PETROL_STATION_ATM,1
ATM01802,BANK004,Kerala,Ernakulam,Kaloor,AREA0108,9.96815,76.299795,SHOPPING_MALL_ATM,1
ATM01803,BANK004,Tamil Nadu,Erode,Teachers Colony,AREA0034,11.360672,77.730145,PETROL_STATION_ATM,1
ATM01804,BANK008,Andhra Pradesh,Rajamahendravaram,Morampudi,AREA0182,17.004244,81.79176,SHOPPING_MALL_ATM,1
ATM01805,BANK005,Andhra Pradesh,Kadapa,Proddatur Road,AREA0191,14.47122,78.827559,STANDALONE_ATM,0
ATM01806,BANK003,Karnataka,Bengaluru Urban,Koramangala,AREA0053,12.959637,77.583406,SHOPPING_MALL_ATM,1
ATM01807,BANK002,Tamil Nadu,Coimbatore,Gandhipuram,AREA0006,11.014543,76.951568,TRANSIT_ATM,0
ATM01808,BANK003,Tamil Nadu,Dindigul,Nagal Nagar,AREA0046,10.370803,77.996831,SHOPPING_MALL_ATM,0
ATM01809,BANK003,Karnataka,Kalaburagi,Sedam Road,AREA0086,17.318481,76.831623,SHOPPING_MALL_ATM,1
ATM01810,BANK002,Kerala,Kottayam,Kumaranalloor,AREA0142,9.603216,76.53343,STANDALONE_ATM,0
ATM01811,BANK006,Andhra Pradesh,Kakinada,Suryaraopeta,AREA0190,16.994341,82.252314,STANDALONE_ATM,0
ATM01812,BANK005,Kerala,Malappuram,Perinthalmanna,AREA0148,11.052004,76.073687,TRANSIT_ATM,1
ATM01813,BANK006,Andhra Pradesh,Kakinada,Bhanugudi,AREA0189,17.014362,82.232982,SHOPPING_MALL_ATM,1
ATM01814,BANK005,Andhra Pradesh,Kakinada,Jagannaickpur,AREA0187,16.989126,82.237749,PETROL_STATION_ATM,1
ATM01815,BANK005,Andhra Pradesh,Vijayawada,Patamata,AREA0159,16.516204,80.650031,TRANSIT_ATM,1
ATM01816,BANK002,Tamil Nadu,Madurai,Mattuthavani,AREA0013,9.921301,78.119001,TRANSIT_ATM,1
ATM01817,BANK001,Kerala,Ernakulam,Edappally,AREA0107,9.992075,76.329014,PETROL_STATION_ATM,1
ATM01818,BANK002,Andhra Pradesh,Kurnool,Joharapuram,AREA0180,15.826165,78.045791,TRANSIT_ATM,1
ATM01819,BANK004,Karnataka,Shivamogga,Vinoba Nagar,AREA0077,13.92781,75.58867,PETROL_STATION_ATM,0
ATM01820,BANK002,Andhra Pradesh,Kakinada,Sarpavaram,AREA0186,17.009339,82.243538,TRANSIT_ATM,1
ATM01821,BANK005,Tamil Nadu,Chennai,Guindy,AREA0004,13.082592,80.259331,TRANSIT_ATM,1
ATM01822,BANK001,Karnataka,Hubballi,Vidya Nagar,AREA0066,15.377777,75.13687,STANDALONE_ATM,1
ATM01823,BANK003,Karnataka,Ballari,Parvathi Nagar,AREA0098,15.13913,76.931755,STANDALONE_ATM,1
ATM01824,BANK006,Tamil Nadu,Vellore,Vellore Fort,AREA0040,12.91463,79.131714,TRANSIT_ATM,1
ATM01825,BANK008,Tamil Nadu,Dindigul,Palani Road,AREA0049,10.379643,77.971374,STANDALONE_ATM,1
ATM01826,BANK006,Tamil Nadu,Dindigul,RM Colony,AREA0048,10.373246,77.973141,STANDALONE_ATM,0
ATM01827,BANK002,Karnataka,Kalaburagi,Shah Bazar,AREA0090,17.353451,76.835178,TRANSIT_ATM,1
ATM01828,BANK006,Andhra Pradesh,Guntur,Arundelpet,AREA0162,16.306197,80.435376,STANDALONE_ATM,1
ATM01829,BANK006,Tamil Nadu,Tirunelveli,Maharaja Nagar,AREA0030,8.701806,77.743298,BANK_BRANCH_ATM,1
ATM01830,BANK001,Kerala,Kannur,Chovva,AREA0133,11.892089,75.360871,TRANSIT_ATM,1
ATM01831,BANK005,Karnataka,Mysuru,Hebbal,AREA0057,12.290735,76.639838,STANDALONE_ATM,0
ATM01832,BANK003,Karnataka,Tumakuru,Tumkur University Area,AREA0084,13.340253,77.103105,PETROL_STATION_ATM,0
ATM01833,BANK003,Andhra Pradesh,Tirupati,Korlagunta,AREA0170,13.637227,79.436845,TRANSIT_ATM,1
ATM01834,BANK002,Karnataka,Tumakuru,Sira Road,AREA0081,13.339991,77.082672,STANDALONE_ATM,1
ATM01835,BANK007,Kerala,Ernakulam,Edappally,AREA0107,9.989029,76.300977,TRANSIT_ATM,1
ATM01836,BANK007,Andhra Pradesh,Kurnool,Budhwarpet,AREA0176,15.824843,78.031733,TRANSIT_ATM,1
ATM01837,BANK008,Andhra Pradesh,Tirupati,Korlagunta,AREA0170,13.648887,79.419618,TRANSIT_ATM,0
ATM01838,BANK001,Tamil Nadu,Dindigul,Natham Road,AREA0050,10.358375,77.98647,BANK_BRANCH_ATM,1
ATM01839,BANK004,Karnataka,Bengaluru Urban,Indiranagar,AREA0052,12.987494,77.583145,SHOPPING_MALL_ATM,1
ATM01840,BANK001,Kerala,Ernakulam,Aluva,AREA0110,9.999001,76.284657,SHOPPING_MALL_ATM,1
ATM01841,BANK004,Tamil Nadu,Thanjavur,New Bus Stand,AREA0042,10.790245,79.14854,BANK_BRANCH_ATM,1
ATM01842,BANK001,Tamil Nadu,Vellore,Sathuvachari,AREA0037,12.909095,79.119178,STANDALONE_ATM,1
ATM01843,BANK004,Kerala,Palakkad,Chandranagar,AREA0140,10.782658,76.673073,SHOPPING_MALL_ATM,1
ATM01844,BANK005,Karnataka,Shivamogga,Vinoba Nagar,AREA0077,13.936647,75.553417,STANDALONE_ATM,1
ATM01845,BANK002,Karnataka,Mangaluru,Hampankatta,AREA0061,12.937878,74.850666,TRANSIT_ATM,1
ATM01846,BANK005,Andhra Pradesh,Tirupati,MR Palli,AREA0169,13.633293,79.430014,STANDALONE_ATM,1
ATM01847,BANK002,Tamil Nadu,Salem,Ammapet,AREA0023,11.67445,78.141894,BANK_BRANCH_ATM,0
ATM01848,BANK005,Tamil Nadu,Tiruchirappalli,Srirangam,AREA0016,10.79688,78.710179,SHOPPING_MALL_ATM,0
ATM01849,BANK008,Andhra Pradesh,Nellore,Magunta Layout,AREA0171,14.445139,80.01011,PETROL_STATION_ATM,1
ATM01850,BANK006,Karnataka,Tumakuru,Tumkur University Area,AREA0084,13.331764,77.090424,TRANSIT_ATM,1
ATM01851,BANK003,Kerala,Thiruvananthapuram,Kesavadasapuram,AREA0105,8.53091,76.943743,SHOPPING_MALL_ATM,1
ATM01852,BANK008,Andhra Pradesh,Vijayawada,Benz Circle,AREA0156,16.515995,80.635297,SHOPPING_MALL_ATM,1
ATM01853,BANK004,Andhra Pradesh,Kurnool,Budhwarpet,AREA0176,15.836161,78.016719,STANDALONE_ATM,1
ATM01854,BANK007,Kerala,Ernakulam,Kakkanad,AREA0106,9.978289,76.279433,BANK_BRANCH_ATM,1
ATM01855,BANK004,Andhra Pradesh,Kakinada,Bhanugudi,AREA0189,16.979851,82.264713,STANDALONE_ATM,0
ATM01856,BANK003,Tamil Nadu,Chennai,T Nagar,AREA0002,13.07194,80.234326,STANDALONE_ATM,0
ATM01857,BANK001,Kerala,Palakkad,Puthur,AREA0138,10.792864,76.633601,PETROL_STATION_ATM,1
ATM01858,BANK003,Tamil Nadu,Erode,Teachers Colony,AREA0034,11.323912,77.711275,BANK_BRANCH_ATM,1
ATM01859,BANK006,Tamil Nadu,Vellore,Vellore Fort,AREA0040,12.901755,79.132862,BANK_BRANCH_ATM,1
ATM01860,BANK007,Andhra Pradesh,Visakhapatnam,Madhurawada,AREA0151,17.685819,83.206635,SHOPPING_MALL_ATM,0
ATM01861,BANK001,Kerala,Thrissur,Koorkenchery,AREA0119,10.530013,76.193817,PETROL_STATION_ATM,1
ATM01862,BANK001,Andhra Pradesh,Rajamahendravaram,Lalacheruvu,AREA0185,17.015602,81.799673,BANK_BRANCH_ATM,1
ATM01863,BANK001,Andhra Pradesh,Kakinada,Bhanugudi,AREA0189,16.980345,82.258809,BANK_BRANCH_ATM,1
ATM01864,BANK002,Karnataka,Kalaburagi,Super Market,AREA0087,17.33451,76.839196,TRANSIT_ATM,0
ATM01865,BANK008,Kerala,Kottayam,Kanjikuzhi,AREA0141,9.579334,76.509519,TRANSIT_ATM,1
ATM01866,BANK002,Kerala,Malappuram,Kottakkal,AREA0146,11.041146,76.07755,PETROL_STATION_ATM,0
ATM01867,BANK005,Tamil Nadu,Dindigul,Begampur,AREA0047,10.361701,77.952392,TRANSIT_ATM,0
ATM01868,BANK003,Andhra Pradesh,Kadapa,RTC Colony,AREA0194,14.455797,78.838279,STANDALONE_ATM,1
ATM01869,BANK001,Karnataka,Kalaburagi,Shah Bazar,AREA0090,17.317604,76.838618,SHOPPING_MALL_ATM,0
ATM01870,BANK007,Andhra Pradesh,Nellore,Balaji Nagar,AREA0172,14.43433,79.969674,BANK_BRANCH_ATM,1
ATM01871,BANK005,Kerala,Kannur,Chovva,AREA0133,11.889967,75.357073,PETROL_STATION_ATM,0
ATM01872,BANK003,Kerala,Malappuram,Perinthalmanna,AREA0148,11.067386,76.070421,TRANSIT_ATM,1
ATM01873,BANK002,Andhra Pradesh,Rajamahendravaram,Lalacheruvu,AREA0185,16.989419,81.794723,PETROL_STATION_ATM,1
ATM01874,BANK002,Karnataka,Udupi,Kinnimulki,AREA0093,13.349358,74.746283,SHOPPING_MALL_ATM,0
ATM01875,BANK002,Andhra Pradesh,Rajamahendravaram,Dowleswaram,AREA0184,16.984777,81.79147,BANK_BRANCH_ATM,0
ATM01876,BANK008,Tamil Nadu,Salem,Ammapet,AREA0023,11.674223,78.127856,STANDALONE_ATM,1
ATM01877,BANK004,Andhra Pradesh,Kurnool,Joharapuram,AREA0180,15.82837,78.009969,SHOPPING_MALL_ATM,0
ATM01878,BANK004,Karnataka,Hubballi,Old Hubballi,AREA0069,15.370603,75.111123,SHOPPING_MALL_ATM,1
ATM01879,BANK007,Karnataka,Ballari,Cantonment,AREA0099,15.14609,76.920339,SHOPPING_MALL_ATM,0
ATM01880,BANK003,Kerala,Thiruvananthapuram,Vazhuthacaud,AREA0103,8.528877,76.956433,BANK_BRANCH_ATM,1
ATM01881,BANK008,Karnataka,Belagavi,Angol,AREA0075,15.839253,74.496778,STANDALONE_ATM,1
ATM01882,BANK008,Karnataka,Mysuru,Vijayanagar,AREA0056,12.297718,76.624769,SHOPPING_MALL_ATM,1
ATM01883,BANK004,Tamil Nadu,Tiruchirappalli,Srirangam,AREA0016,10.801586,78.722454,BANK_BRANCH_ATM,0
ATM01884,BANK001,Karnataka,Udupi,Kinnimulki,AREA0093,13.343762,74.763519,BANK_BRANCH_ATM,1
ATM01885,BANK002,Karnataka,Mangaluru,Bejai,AREA0064,12.921432,74.857843,PETROL_STATION_ATM,1
ATM01886,BANK008,Tamil Nadu,Madurai,Tallakulam,AREA0015,9.936931,78.11862,STANDALONE_ATM,0
ATM01887,BANK002,Andhra Pradesh,Anantapur,Aravind Nagar,AREA0198,14.679668,77.607668,PETROL_STATION_ATM,1
ATM01888,BANK002,Karnataka,Tumakuru,Tumkur University Area,AREA0084,13.363521,77.090285,BANK_BRANCH_ATM,1
ATM01889,BANK005,Tamil Nadu,Coimbatore,RS Puram,AREA0007,11.0018,76.960261,STANDALONE_ATM,1
ATM01890,BANK008,Karnataka,Hubballi,Old Hubballi,AREA0069,15.34011,75.119413,SHOPPING_MALL_ATM,0
ATM01891,BANK005,Tamil Nadu,Tirunelveli,Melapalayam,AREA0029,8.713504,77.750492,TRANSIT_ATM,1
ATM01892,BANK001,Tamil Nadu,Salem,Ammapet,AREA0023,11.680984,78.161791,BANK_BRANCH_ATM,1
ATM01893,BANK003,Tamil Nadu,Salem,Hasthampatti,AREA0022,11.687446,78.146558,BANK_BRANCH_ATM,1
ATM01894,BANK005,Andhra Pradesh,Tirupati,Alipiri,AREA0167,13.631301,79.413591,SHOPPING_MALL_ATM,1
ATM01895,BANK006,Karnataka,Belagavi,Angol,AREA0075,15.86355,74.479393,TRANSIT_ATM,1
ATM01896,BANK002,Karnataka,Ballari,Cantonment,AREA0099,15.135086,76.935717,BANK_BRANCH_ATM,0
ATM01897,BANK001,Tamil Nadu,Madurai,Mattuthavani,AREA0013,9.923517,78.113498,BANK_BRANCH_ATM,1
ATM01898,BANK003,Kerala,Kottayam,Changanassery,AREA0144,9.582901,76.511453,STANDALONE_ATM,1
ATM01899,BANK006,Tamil Nadu,Tirunelveli,Melapalayam,AREA0029,8.707745,77.762563,SHOPPING_MALL_ATM,1
ATM01900,BANK008,Karnataka,Belagavi,Tilakwadi,AREA0071,15.850319,74.515336,PETROL_STATION_ATM,0
ATM01901,BANK005,Kerala,Malappuram,Perinthalmanna,AREA0148,11.033126,76.063326,BANK_BRANCH_ATM,1
ATM01902,BANK006,Karnataka,Ballari,Cantonment,AREA0099,15.12484,76.912549,SHOPPING_MALL_ATM,1
ATM01903,BANK003,Tamil Nadu,Chennai,Guindy,AREA0004,13.07537,80.27677,BANK_BRANCH_ATM,0
ATM01904,BANK007,Kerala,Kannur,Thalassery,AREA0131,11.882225,75.377143,TRANSIT_ATM,1
ATM01905,BANK008,Tamil Nadu,Thanjavur,Medical College Road,AREA0041,10.797683,79.15049,SHOPPING_MALL_ATM,0
ATM01906,BANK007,Andhra Pradesh,Rajamahendravaram,Danavaipeta,AREA0181,16.994156,81.793693,TRANSIT_ATM,1
ATM01907,BANK007,Kerala,Kottayam,Ettumanoor,AREA0145,9.588602,76.506159,STANDALONE_ATM,0
ATM01908,BANK002,Karnataka,Shivamogga,Savalanga Road,AREA0078,13.921813,75.585306,STANDALONE_ATM,1
ATM01909,BANK001,Kerala,Thrissur,Koorkenchery,AREA0119,10.514581,76.210037,STANDALONE_ATM,1
ATM01910,BANK002,Tamil Nadu,Salem,Hasthampatti,AREA0022,11.649377,78.157502,TRANSIT_ATM,0
ATM01911,BANK008,Andhra Pradesh,Kakinada,Jagannaickpur,AREA0187,16.988572,82.243414,PETROL_STATION_ATM,0
ATM01912,BANK008,Karnataka,Ballari,Gandhinagar,AREA0096,15.115032,76.921543,STANDALONE_ATM,0
ATM01913,BANK007,Karnataka,Belagavi,Angol,AREA0075,15.862869,74.505733,SHOPPING_MALL_ATM,1
ATM01914,BANK001,Kerala,Thrissur,Ayyanthole,AREA0117,10.519879,76.203531,STANDALONE_ATM,0
ATM01915,BANK008,Tamil Nadu,Dindigul,Natham Road,AREA0050,10.368605,77.961834,TRANSIT_ATM,1
ATM01916,BANK002,Andhra Pradesh,Kakinada,Ramanayyapeta,AREA0188,16.99549,82.23377,TRANSIT_ATM,1
ATM01917,BANK008,Kerala,Kozhikode,Nadakkavu,AREA0111,11.248474,75.769746,BANK_BRANCH_ATM,0
ATM01918,BANK002,Karnataka,Mysuru,Nazarbad,AREA0060,12.304343,76.627771,SHOPPING_MALL_ATM,1
ATM01919,BANK006,Karnataka,Udupi,Manipal,AREA0091,13.330416,74.760633,BANK_BRANCH_ATM,0
ATM01920,BANK004,Karnataka,Shivamogga,Vidya Nagar,AREA0080,13.937144,75.569393,SHOPPING_MALL_ATM,0
ATM01921,BANK002,Kerala,Thiruvananthapuram,Kazhakootam,AREA0102,8.525305,76.911788,TRANSIT_ATM,0
ATM01922,BANK004,Karnataka,Mangaluru,Hampankatta,AREA0061,12.916725,74.871567,TRANSIT_ATM,1
ATM01923,BANK006,Karnataka,Mysuru,Vijayanagar,AREA0056,12.285304,76.621267,TRANSIT_ATM,1
ATM01924,BANK003,Andhra Pradesh,Kadapa,Yerramukkapalli,AREA0193,14.442766,78.80993,PETROL_STATION_ATM,1
ATM01925,BANK001,Karnataka,Kalaburagi,Sedam Road,AREA0086,17.311427,76.837833,BANK_BRANCH_ATM,1
ATM01926,BANK003,Kerala,Thiruvananthapuram,Kesavadasapuram,AREA0105,8.530952,76.944143,PETROL_STATION_ATM,0
ATM01927,BANK008,Kerala,Kottayam,Changanassery,AREA0144,9.584726,76.535602,TRANSIT_ATM,0
ATM01928,BANK003,Tamil Nadu,Chennai,Anna Nagar,AREA0001,13.05809,80.262512,BANK_BRANCH_ATM,1
ATM01929,BANK008,Tamil Nadu,Vellore,Gandhi Nagar,AREA0038,12.911441,79.140012,SHOPPING_MALL_ATM,0
ATM01930,BANK004,Karnataka,Ballari,Gandhinagar,AREA0096,15.121402,76.921327,SHOPPING_MALL_ATM,1
ATM01931,BANK005,Tamil Nadu,Erode,Teachers Colony,AREA0034,11.352261,77.726308,BANK_BRANCH_ATM,1
ATM01932,BANK004,Kerala,Kottayam,Changanassery,AREA0144,9.583906,76.527218,PETROL_STATION_ATM,1
ATM01933,BANK007,Andhra Pradesh,Guntur,Nallapadu,AREA0164,16.29997,80.430163,TRANSIT_ATM,0
ATM01934,BANK004,Tamil Nadu,Tirunelveli,Perumalpuram,AREA0028,8.711475,77.776533,BANK_BRANCH_ATM,1
ATM01935,BANK008,Kerala,Malappuram,Tirur,AREA0149,11.070294,76.08193,TRANSIT_ATM,0
ATM01936,BANK008,Karnataka,Mangaluru,Hampankatta,AREA0061,12.900523,74.866649,BANK_BRANCH_ATM,1
ATM01937,BANK008,Andhra Pradesh,Vijayawada,Patamata,AREA0159,16.503855,80.654556,TRANSIT_ATM,0
ATM01938,BANK006,Karnataka,Ballari,Parvathi Nagar,AREA0098,15.130644,76.929845,BANK_BRANCH_ATM,1
ATM01939,BANK008,Tamil Nadu,Dindigul,Palani Road,AREA0049,10.376341,77.981905,BANK_BRANCH_ATM,0
ATM01940,BANK002,Andhra Pradesh,Kadapa,RTC Colony,AREA0194,14.474326,78.809352,TRANSIT_ATM,1
ATM01941,BANK007,Andhra Pradesh,Anantapur,Ramachandra Nagar,AREA0197,14.688493,77.59268,BANK_BRANCH_ATM,1
ATM01942,BANK001,Tamil Nadu,Vellore,Katpadi,AREA0036,12.932845,79.128127,BANK_BRANCH_ATM,1
ATM01943,BANK005,Kerala,Ernakulam,Edappally,AREA0107,9.963045,76.31579,PETROL_STATION_ATM,1
ATM01944,BANK004,Kerala,Palakkad,Chandranagar,AREA0140,10.787527,76.663346,TRANSIT_ATM,1
ATM01945,BANK006,Tamil Nadu,Tiruchirappalli,Cantonment,AREA0019,10.790631,78.686923,SHOPPING_MALL_ATM,0
ATM01946,BANK001,Tamil Nadu,Dindigul,Natham Road,AREA0050,10.363164,77.980448,STANDALONE_ATM,1
ATM01947,BANK008,Kerala,Thiruvananthapuram,Vazhuthacaud,AREA0103,8.533144,76.938154,SHOPPING_MALL_ATM,1
ATM01948,BANK008,Karnataka,Tumakuru,Ashok Nagar,AREA0083,13.335041,77.09762,SHOPPING_MALL_ATM,1
ATM01949,BANK008,Kerala,Kozhikode,Nadakkavu,AREA0111,11.266972,75.790313,BANK_BRANCH_ATM,1
ATM01950,BANK002,Andhra Pradesh,Anantapur,Ramachandra Nagar,AREA0197,14.669881,77.601644,STANDALONE_ATM,1
ATM01951,BANK001,Tamil Nadu,Dindigul,Natham Road,AREA0050,10.376864,77.999899,SHOPPING_MALL_ATM,1
ATM01952,BANK006,Karnataka,Belagavi,Shahapur,AREA0072,15.865303,74.480882,SHOPPING_MALL_ATM,1
ATM01953,BANK006,Kerala,Palakkad,Olavakkode,AREA0136,10.78636,76.637742,BANK_BRANCH_ATM,1
ATM01954,BANK001,Karnataka,Udupi,Ajjarkad,AREA0094,13.359368,74.744595,STANDALONE_ATM,1
ATM01955,BANK008,Karnataka,Tumakuru,Gokul,AREA0082,13.349051,77.090062,STANDALONE_ATM,1
ATM01956,BANK007,Andhra Pradesh,Nellore,Balaji Nagar,AREA0172,14.434958,79.990677,BANK_BRANCH_ATM,1
ATM01957,BANK005,Andhra Pradesh,Tirupati,Korlagunta,AREA0170,13.643299,79.398136,PETROL_STATION_ATM,1
ATM01958,BANK004,Kerala,Alappuzha,Ambalappuzha,AREA0130,9.510976,76.341423,STANDALONE_ATM,1
ATM01959,BANK002,Tamil Nadu,Tiruchirappalli,Srirangam,AREA0016,10.767586,78.712961,TRANSIT_ATM,0
ATM01960,BANK004,Andhra Pradesh,Tirupati,Korlagunta,AREA0170,13.637832,79.41965,TRANSIT_ATM,1
ATM01961,BANK004,Kerala,Palakkad,Chandranagar,AREA0140,10.780109,76.644775,SHOPPING_MALL_ATM,1
ATM01962,BANK002,Karnataka,Bengaluru Urban,Indiranagar,AREA0052,12.977025,77.578717,TRANSIT_ATM,0
ATM01963,BANK001,Tamil Nadu,Madurai,Anna Nagar,AREA0012,9.942245,78.109932,PETROL_STATION_ATM,1
ATM01964,BANK002,Karnataka,Tumakuru,Batawadi,AREA0085,13.315524,77.11257,TRANSIT_ATM,1
ATM01965,BANK008,Tamil Nadu,Madurai,KK Nagar,AREA0011,9.933853,78.123635,PETROL_STATION_ATM,1
ATM01966,BANK003,Tamil Nadu,Vellore,Sathuvachari,AREA0037,12.929082,79.12067,TRANSIT_ATM,0
ATM01967,BANK001,Andhra Pradesh,Guntur,Arundelpet,AREA0162,16.318416,80.44767,PETROL_STATION_ATM,0
ATM01968,BANK001,Kerala,Kottayam,Changanassery,AREA0144,9.602825,76.5283,PETROL_STATION_ATM,0
ATM01969,BANK007,Tamil Nadu,Chennai,Guindy,AREA0004,13.070508,80.266292,PETROL_STATION_ATM,1
ATM01970,BANK008,Andhra Pradesh,Rajamahendravaram,Dowleswaram,AREA0184,17.002132,81.7799,PETROL_STATION_ATM,0
ATM01971,BANK003,Tamil Nadu,Erode,Teachers Colony,AREA0034,11.329001,77.743523,PETROL_STATION_ATM,1
ATM01972,BANK003,Tamil Nadu,Salem,Alagapuram,AREA0025,11.644129,78.140002,STANDALONE_ATM,1
ATM01973,BANK002,Kerala,Kollam,Kottarakkara,AREA0121,8.900957,76.641835,TRANSIT_ATM,0
ATM01974,BANK006,Karnataka,Kalaburagi,Station Road,AREA0089,17.327064,76.83046,PETROL_STATION_ATM,0
ATM01975,BANK007,Karnataka,Mysuru,Saraswathipuram,AREA0059,12.29498,76.62761,TRANSIT_ATM,1
ATM01976,BANK004,Andhra Pradesh,Nellore,Stonehousepet,AREA0175,14.427433,79.998116,SHOPPING_MALL_ATM,1
ATM01977,BANK007,Karnataka,Mangaluru,Surathkal,AREA0065,12.915148,74.834906,SHOPPING_MALL_ATM,1
ATM01978,BANK005,Kerala,Thiruvananthapuram,Kazhakootam,AREA0102,8.511748,76.955502,TRANSIT_ATM,1
ATM01979,BANK003,Tamil Nadu,Erode,Teachers Colony,AREA0034,11.356284,77.707686,STANDALONE_ATM,1
ATM01980,BANK007,Kerala,Kannur,Valapattanam,AREA0134,11.880242,75.353061,PETROL_STATION_ATM,1
ATM01981,BANK005,Karnataka,Ballari,Gandhinagar,AREA0096,15.133514,76.957236,PETROL_STATION_ATM,1
ATM01982,BANK006,Kerala,Kottayam,Changanassery,AREA0144,9.595167,76.516622,PETROL_STATION_ATM,0
ATM01983,BANK004,Tamil Nadu,Madurai,Thirunagar,AREA0014,9.924133,78.111535,STANDALONE_ATM,0
ATM01984,BANK004,Karnataka,Ballari,Cowl Bazaar,AREA0097,15.122411,76.937012,PETROL_STATION_ATM,1
ATM01985,BANK005,Karnataka,Mangaluru,Hampankatta,AREA0061,12.891367,74.863556,SHOPPING_MALL_ATM,1
ATM01986,BANK003,Tamil Nadu,Coimbatore,RS Puram,AREA0007,11.014309,76.971656,STANDALONE_ATM,1
ATM01987,BANK006,Karnataka,Udupi,Ajjarkad,AREA0094,13.338644,74.744016,BANK_BRANCH_ATM,1
ATM01988,BANK006,Andhra Pradesh,Kurnool,Joharapuram,AREA0180,15.826516,78.044201,PETROL_STATION_ATM,0
ATM01989,BANK008,Karnataka,Belagavi,Udyambag,AREA0074,15.837704,74.491511,PETROL_STATION_ATM,1
ATM01990,BANK007,Karnataka,Udupi,Santhekatte,AREA0095,13.355961,74.750341,PETROL_STATION_ATM,1
ATM01991,BANK005,Andhra Pradesh,Kurnool,Ashok Nagar,AREA0178,15.83176,78.039259,TRANSIT_ATM,1
ATM01992,BANK001,Kerala,Thiruvananthapuram,Pattom,AREA0101,8.51967,76.933716,PETROL_STATION_ATM,1
ATM01993,BANK002,Tamil Nadu,Vellore,Katpadi,AREA0036,12.920109,79.141711,BANK_BRANCH_ATM,1
ATM01994,BANK007,Tamil Nadu,Chennai,Anna Nagar,AREA0001,13.086291,80.279609,STANDALONE_ATM,1
ATM01995,BANK001,Andhra Pradesh,Kurnool,Bellary Road,AREA0179,15.834404,78.016344,BANK_BRANCH_ATM,0
ATM01996,BANK004,Andhra Pradesh,Rajamahendravaram,Lalacheruvu,AREA0185,16.984488,81.777978,SHOPPING_MALL_ATM,1
ATM01997,BANK003,Andhra Pradesh,Visakhapatnam,Dwaraka Nagar,AREA0153,17.670787,83.225635,SHOPPING_MALL_ATM,0
ATM01998,BANK005,Andhra Pradesh,Visakhapatnam,Madhurawada,AREA0151,17.697717,83.217424,STANDALONE_ATM,1
ATM01999,BANK001,Kerala,Thiruvananthapuram,Kowdiar,AREA0104,8.491708,76.922456,SHOPPING_MALL_ATM,1
ATM02000,BANK004,Kerala,Thiruvananthapuram,Kesavadasapuram,AREA0105,8.510583,76.926356,PETROL_STATION_ATM,0
ATM02001,BANK001,Kerala,Thrissur,Punkunnam,AREA0116,10.52101,76.209342,SHOPPING_MALL_ATM,1
ATM02002,BANK008,Kerala,Palakkad,Kalmandapam,AREA0137,10.786982,76.674654,BANK_BRANCH_ATM,1
ATM02003,BANK004,Andhra Pradesh,Kakinada,Jagannaickpur,AREA0187,16.995208,82.261347,PETROL_STATION_ATM,1
ATM02004,BANK007,Andhra Pradesh,Anantapur,Sapthagiri Circle,AREA0196,14.671573,77.592756,STANDALONE_ATM,1
ATM02005,BANK005,Tamil Nadu,Madurai,Anna Nagar,AREA0012,9.925919,78.12369,BANK_BRANCH_ATM,1
ATM02006,BANK007,Kerala,Kannur,Thalassery,AREA0131,11.868322,75.370361,TRANSIT_ATM,1
ATM02007,BANK007,Kerala,Kottayam,Changanassery,AREA0144,9.609501,76.516408,SHOPPING_MALL_ATM,0
ATM02008,BANK001,Tamil Nadu,Thanjavur,Palliagraharam,AREA0044,10.782176,79.125041,BANK_BRANCH_ATM,1
ATM02009,BANK005,Andhra Pradesh,Tirupati,Renigunta Road,AREA0166,13.644865,79.398077,STANDALONE_ATM,1
ATM02010,BANK008,Tamil Nadu,Dindigul,RM Colony,AREA0048,10.369502,77.980838,STANDALONE_ATM,1
ATM02011,BANK006,Kerala,Kottayam,Kumaranalloor,AREA0142,9.582855,76.512042,PETROL_STATION_ATM,1
ATM02012,BANK004,Karnataka,Mangaluru,Kottara,AREA0063,12.907826,74.847205,STANDALONE_ATM,0
ATM02013,BANK005,Kerala,Kottayam,Kumaranalloor,AREA0142,9.580639,76.521987,TRANSIT_ATM,0
ATM02014,BANK003,Tamil Nadu,Salem,Fairlands,AREA0021,11.654718,78.148659,BANK_BRANCH_ATM,1
ATM02015,BANK003,Tamil Nadu,Chennai,Guindy,AREA0004,13.08821,80.267165,STANDALONE_ATM,1
ATM02016,BANK002,Tamil Nadu,Madurai,Tallakulam,AREA0015,9.924854,78.135762,TRANSIT_ATM,1
ATM02017,BANK001,Kerala,Thrissur,West Fort,AREA0120,10.534926,76.198579,TRANSIT_ATM,1
ATM02018,BANK005,Tamil Nadu,Coimbatore,Peelamedu,AREA0008,11.027221,76.978934,PETROL_STATION_ATM,1
ATM02019,BANK005,Tamil Nadu,Coimbatore,Gandhipuram,AREA0006,11.026399,76.955106,STANDALONE_ATM,1
ATM02020,BANK003,Kerala,Kollam,Asramam,AREA0125,8.901336,76.622119,PETROL_STATION_ATM,1
ATM02021,BANK005,Andhra Pradesh,Nellore,Balaji Nagar,AREA0172,14.453298,79.98351,BANK_BRANCH_ATM,0
ATM02022,BANK006,Karnataka,Bengaluru Urban,Yelahanka,AREA0055,12.954303,77.589304,TRANSIT_ATM,0
ATM02023,BANK003,Andhra Pradesh,Rajamahendravaram,Danavaipeta,AREA0181,16.991476,81.798819,BANK_BRANCH_ATM,1
ATM02024,BANK003,Karnataka,Udupi,Ajjarkad,AREA0094,13.349963,74.739737,SHOPPING_MALL_ATM,0
ATM02025,BANK001,Karnataka,Tumakuru,Tumkur University Area,AREA0084,13.338891,77.075061,PETROL_STATION_ATM,1
ATM02026,BANK005,Kerala,Thiruvananthapuram,Vazhuthacaud,AREA0103,8.524601,76.922872,TRANSIT_ATM,0
ATM02027,BANK006,Tamil Nadu,Vellore,Sathuvachari,AREA0037,12.939608,79.119261,BANK_BRANCH_ATM,1
ATM02028,BANK006,Kerala,Palakkad,Kalmandapam,AREA0137,10.758639,76.647416,PETROL_STATION_ATM,1
ATM02029,BANK004,Kerala,Alappuzha,Kalavoor,AREA0128,9.512479,76.338586,STANDALONE_ATM,1
ATM02030,BANK002,Tamil Nadu,Erode,Karungalpalayam,AREA0035,11.345111,77.705732,PETROL_STATION_ATM,1
ATM02031,BANK003,Tamil Nadu,Chennai,Guindy,AREA0004,13.079575,80.275147,TRANSIT_ATM,1
ATM02032,BANK007,Kerala,Kottayam,Changanassery,AREA0144,9.582976,76.529788,BANK_BRANCH_ATM,0
ATM02033,BANK006,Kerala,Thiruvananthapuram,Kowdiar,AREA0104,8.517724,76.925854,STANDALONE_ATM,1
ATM02034,BANK004,Tamil Nadu,Erode,Surampatti,AREA0032,11.348362,77.709678,SHOPPING_MALL_ATM,0
ATM02035,BANK006,Tamil Nadu,Coimbatore,Gandhipuram,AREA0006,11.019501,76.956534,SHOPPING_MALL_ATM,1
ATM02036,BANK005,Tamil Nadu,Salem,Suramangalam,AREA0024,11.674678,78.147798,STANDALONE_ATM,1
ATM02037,BANK008,Kerala,Kollam,Asramam,AREA0125,8.898419,76.591052,PETROL_STATION_ATM,0
ATM02038,BANK001,Kerala,Palakkad,Kalmandapam,AREA0137,10.808424,76.659591,BANK_BRANCH_ATM,1
ATM02039,BANK006,Tamil Nadu,Vellore,Bagayam,AREA0039,12.917589,79.111885,TRANSIT_ATM,1
ATM02040,BANK004,Andhra Pradesh,Nellore,Dargamitta,AREA0173,14.459647,79.985007,PETROL_STATION_ATM,1
ATM02041,BANK004,Andhra Pradesh,Visakhapatnam,MVP Colony,AREA0154,17.698489,83.212598,BANK_BRANCH_ATM,1
ATM02042,BANK006,Kerala,Ernakulam,Kaloor,AREA0108,9.980076,76.282086,TRANSIT_ATM,1
ATM02043,BANK002,Karnataka,Bengaluru Urban,Indiranagar,AREA0052,12.979525,77.592832,TRANSIT_ATM,0
ATM02044,BANK005,Kerala,Thrissur,Ayyanthole,AREA0117,10.540569,76.214449,PETROL_STATION_ATM,0
ATM02045,BANK005,Kerala,Palakkad,Kalmandapam,AREA0137,10.800493,76.669493,BANK_BRANCH_ATM,1
ATM02046,BANK006,Andhra Pradesh,Guntur,Gorantla,AREA0165,16.306257,80.429488,PETROL_STATION_ATM,1
ATM02047,BANK008,Karnataka,Mangaluru,Hampankatta,AREA0061,12.888095,74.845072,TRANSIT_ATM,1
ATM02048,BANK001,Andhra Pradesh,Kadapa,Seven Roads,AREA0195,14.495279,78.819647,SHOPPING_MALL_ATM,1
ATM02049,BANK004,Karnataka,Belagavi,Shahapur,AREA0072,15.826577,74.479919,SHOPPING_MALL_ATM,1
ATM02050,BANK002,Andhra Pradesh,Rajamahendravaram,Lalacheruvu,AREA0185,16.98703,81.772754,BANK_BRANCH_ATM,0
ATM02051,BANK003,Kerala,Kollam,Kadappakada,AREA0124,8.894073,76.600198,PETROL_STATION_ATM,0
ATM02052,BANK001,Karnataka,Mangaluru,Kadri,AREA0062,12.911911,74.880298,BANK_BRANCH_ATM,1
ATM02053,BANK004,Andhra Pradesh,Nellore,Stonehousepet,AREA0175,14.437501,79.984919,STANDALONE_ATM,1
ATM02054,BANK007,Andhra Pradesh,Rajamahendravaram,Aryapuram,AREA0183,16.98667,81.786094,BANK_BRANCH_ATM,1
ATM02055,BANK004,Karnataka,Bengaluru Urban,Whitefield,AREA0051,12.977218,77.597687,PETROL_STATION_ATM,0
ATM02056,BANK007,Andhra Pradesh,Rajamahendravaram,Morampudi,AREA0182,16.990303,81.781433,BANK_BRANCH_ATM,1
ATM02057,BANK003,Karnataka,Udupi,Santhekatte,AREA0095,13.349638,74.730348,BANK_BRANCH_ATM,0
ATM02058,BANK008,Kerala,Ernakulam,Aluva,AREA0110,9.97567,76.282116,SHOPPING_MALL_ATM,0
ATM02059,BANK001,Karnataka,Ballari,Parvathi Nagar,AREA0098,15.144061,76.929587,BANK_BRANCH_ATM,1
ATM02060,BANK002,Tamil Nadu,Tiruchirappalli,Cantonment,AREA0019,10.77994,78.710841,BANK_BRANCH_ATM,1
ATM02061,BANK003,Tamil Nadu,Dindigul,Natham Road,AREA0050,10.345561,77.96824,SHOPPING_MALL_ATM,1
ATM02062,BANK002,Tamil Nadu,Tirunelveli,Palayamkottai,AREA0026,8.700594,77.75914,PETROL_STATION_ATM,1
ATM02063,BANK004,Andhra Pradesh,Rajamahendravaram,Morampudi,AREA0182,16.982992,81.750459,SHOPPING_MALL_ATM,1
ATM02064,BANK007,Kerala,Thiruvananthapuram,Kowdiar,AREA0104,8.556266,76.931507,TRANSIT_ATM,1
ATM02065,BANK008,Tamil Nadu,Salem,Hasthampatti,AREA0022,11.661226,78.161304,TRANSIT_ATM,0
ATM02066,BANK007,Andhra Pradesh,Vijayawada,Moghalrajpuram,AREA0157,16.496502,80.645014,SHOPPING_MALL_ATM,1
ATM02067,BANK001,Andhra Pradesh,Kurnool,Budhwarpet,AREA0176,15.842034,78.032061,TRANSIT_ATM,1
ATM02068,BANK002,Kerala,Thrissur,West Fort,AREA0120,10.508114,76.229748,PETROL_STATION_ATM,1
ATM02069,BANK001,Kerala,Thiruvananthapuram,Pattom,AREA0101,8.525294,76.936516,PETROL_STATION_ATM,1
ATM02070,BANK002,Tamil Nadu,Vellore,Katpadi,AREA0036,12.932839,79.13318,PETROL_STATION_ATM,1
ATM02071,BANK001,Andhra Pradesh,Vijayawada,Governorpet,AREA0158,16.494048,80.658286,BANK_BRANCH_ATM,1
ATM02072,BANK006,Andhra Pradesh,Kurnool,Bellary Road,AREA0179,15.824335,78.034184,PETROL_STATION_ATM,1
ATM02073,BANK002,Andhra Pradesh,Nellore,Vedayapalem,AREA0174,14.467772,79.993668,SHOPPING_MALL_ATM,1
ATM02074,BANK005,Tamil Nadu,Madurai,KK Nagar,AREA0011,9.925639,78.140033,PETROL_STATION_ATM,1
ATM02075,BANK002,Kerala,Thiruvananthapuram,Pattom,AREA0101,8.508539,76.936212,SHOPPING_MALL_ATM,1
ATM02076,BANK008,Tamil Nadu,Erode,Surampatti,AREA0032,11.335323,77.708664,TRANSIT_ATM,1
ATM02077,BANK007,Kerala,Kollam,Karunagappally,AREA0122,8.898032,76.608408,BANK_BRANCH_ATM,1
ATM02078,BANK008,Tamil Nadu,Dindigul,Begampur,AREA0047,10.370902,77.978562,STANDALONE_ATM,1
ATM02079,BANK004,Kerala,Kottayam,Kanjikuzhi,AREA0141,9.589752,76.512752,STANDALONE_ATM,1
ATM02080,BANK007,Tamil Nadu,Vellore,Gandhi Nagar,AREA0038,12.942507,79.119172,PETROL_STATION_ATM,1
ATM02081,BANK005,Andhra Pradesh,Vijayawada,Benz Circle,AREA0156,16.500512,80.658979,STANDALONE_ATM,1
ATM02082,BANK005,Tamil Nadu,Salem,Fairlands,AREA0021,11.661237,78.148979,SHOPPING_MALL_ATM,0
ATM02083,BANK001,Kerala,Alappuzha,Punnamada,AREA0129,9.508841,76.338061,PETROL_STATION_ATM,1
ATM02084,BANK003,Karnataka,Mysuru,Vijayanagar,AREA0056,12.2584,76.640024,BANK_BRANCH_ATM,1
ATM02085,BANK001,Kerala,Palakkad,Chandranagar,AREA0140,10.793726,76.659967,BANK_BRANCH_ATM,1
ATM02086,BANK007,Karnataka,Bengaluru Urban,Indiranagar,AREA0052,12.962577,77.613038,PETROL_STATION_ATM,1
ATM02087,BANK002,Karnataka,Udupi,Ajjarkad,AREA0094,13.321272,74.73887,SHOPPING_MALL_ATM,1
ATM02088,BANK004,Tamil Nadu,Chennai,Guindy,AREA0004,13.091296,80.311478,SHOPPING_MALL_ATM,1
ATM02089,BANK004,Andhra Pradesh,Kadapa,Seven Roads,AREA0195,14.454246,78.801419,TRANSIT_ATM,1
ATM02090,BANK003,Andhra Pradesh,Vijayawada,Poranki,AREA0160,16.53745,80.658419,STANDALONE_ATM,1
ATM02091,BANK003,Andhra Pradesh,Guntur,Brodipet,AREA0161,16.311548,80.428165,STANDALONE_ATM,1
ATM02092,BANK005,Karnataka,Mysuru,Kuvempunagar,AREA0058,12.29558,76.631626,STANDALONE_ATM,1
ATM02093,BANK002,Tamil Nadu,Dindigul,Natham Road,AREA0050,10.379729,77.989278,STANDALONE_ATM,0
ATM02094,BANK001,Tamil Nadu,Madurai,KK Nagar,AREA0011,9.927257,78.126845,PETROL_STATION_ATM,1
ATM02095,BANK008,Tamil Nadu,Dindigul,Palani Road,AREA0049,10.371032,77.968246,PETROL_STATION_ATM,0
ATM02096,BANK002,Kerala,Thiruvananthapuram,Kesavadasapuram,AREA0105,8.504305,76.945433,SHOPPING_MALL_ATM,0
ATM02097,BANK002,Tamil Nadu,Coimbatore,Peelamedu,AREA0008,11.029125,76.94823,SHOPPING_MALL_ATM,1
ATM02098,BANK002,Karnataka,Kalaburagi,Shah Bazar,AREA0090,17.351804,76.835637,STANDALONE_ATM,1
ATM02099,BANK008,Tamil Nadu,Salem,Alagapuram,AREA0025,11.64134,78.153439,SHOPPING_MALL_ATM,1
ATM02100,BANK006,Kerala,Alappuzha,Ambalappuzha,AREA0130,9.526701,76.337403,STANDALONE_ATM,1
ATM02101,BANK004,Kerala,Malappuram,Perinthalmanna,AREA0148,11.054674,76.093227,BANK_BRANCH_ATM,1
ATM02102,BANK005,Andhra Pradesh,Nellore,Stonehousepet,AREA0175,14.419304,79.968413,PETROL_STATION_ATM,1
ATM02103,BANK002,Kerala,Thrissur,Punkunnam,AREA0116,10.529141,76.207304,STANDALONE_ATM,1
ATM02104,BANK006,Karnataka,Mangaluru,Surathkal,AREA0065,12.915672,74.845723,TRANSIT_ATM,1
ATM02105,BANK008,Tamil Nadu,Salem,Hasthampatti,AREA0022,11.681681,78.154217,SHOPPING_MALL_ATM,1
ATM02106,BANK005,Andhra Pradesh,Rajamahendravaram,Morampudi,AREA0182,16.995714,81.782678,PETROL_STATION_ATM,1
ATM02107,BANK003,Karnataka,Mysuru,Kuvempunagar,AREA0058,12.293095,76.625137,PETROL_STATION_ATM,1
ATM02108,BANK006,Kerala,Kozhikode,Kottooli,AREA0115,11.27702,75.786477,SHOPPING_MALL_ATM,1
ATM02109,BANK007,Tamil Nadu,Salem,Hasthampatti,AREA0022,11.659154,78.155693,STANDALONE_ATM,1
ATM02110,BANK001,Tamil Nadu,Salem,Suramangalam,AREA0024,11.673755,78.151536,SHOPPING_MALL_ATM,1
ATM02111,BANK004,Andhra Pradesh,Kakinada,Sarpavaram,AREA0186,17.01024,82.262183,STANDALONE_ATM,1
ATM02112,BANK007,Karnataka,Mysuru,Kuvempunagar,AREA0058,12.304483,76.636283,SHOPPING_MALL_ATM,1
ATM02113,BANK006,Andhra Pradesh,Kadapa,Seven Roads,AREA0195,14.463341,78.838674,STANDALONE_ATM,1
ATM02114,BANK006,Karnataka,Udupi,Ajjarkad,AREA0094,13.357713,74.7725,TRANSIT_ATM,1
ATM02115,BANK008,Tamil Nadu,Madurai,Tallakulam,AREA0015,9.926088,78.120961,TRANSIT_ATM,0
ATM02116,BANK006,Andhra Pradesh,Visakhapatnam,Seethammadhara,AREA0155,17.671606,83.239546,SHOPPING_MALL_ATM,1
ATM02117,BANK008,Andhra Pradesh,Nellore,Balaji Nagar,AREA0172,14.447845,80.008495,PETROL_STATION_ATM,1
ATM02118,BANK002,Tamil Nadu,Tiruchirappalli,Cantonment,AREA0019,10.773822,78.70328,STANDALONE_ATM,0
ATM02119,BANK002,Kerala,Kannur,Chovva,AREA0133,11.872254,75.379999,SHOPPING_MALL_ATM,0
ATM02120,BANK003,Kerala,Alappuzha,Ambalappuzha,AREA0130,9.502585,76.345505,PETROL_STATION_ATM,1
ATM02121,BANK004,Kerala,Ernakulam,Edappally,AREA0107,9.974527,76.30485,SHOPPING_MALL_ATM,1
ATM02122,BANK002,Karnataka,Shivamogga,Savalanga Road,AREA0078,13.939273,75.568347,BANK_BRANCH_ATM,1
ATM02123,BANK001,Tamil Nadu,Tirunelveli,Vannarpettai,AREA0027,8.708339,77.743918,PETROL_STATION_ATM,1
ATM02124,BANK001,Kerala,Kollam,Chinnakada,AREA0123,8.905115,76.619512,PETROL_STATION_ATM,1
ATM02125,BANK007,Tamil Nadu,Thanjavur,Medical College Road,AREA0041,10.818845,79.152073,PETROL_STATION_ATM,1
ATM02126,BANK004,Tamil Nadu,Thanjavur,Palliagraharam,AREA0044,10.770009,79.121344,BANK_BRANCH_ATM,1
ATM02127,BANK005,Karnataka,Kalaburagi,Station Road,AREA0089,17.339436,76.844202,PETROL_STATION_ATM,1
ATM02128,BANK008,Kerala,Kozhikode,West Hill,AREA0114,11.258069,75.792024,STANDALONE_ATM,1
ATM02129,BANK006,Tamil Nadu,Thanjavur,Karanthai,AREA0043,10.792319,79.139985,TRANSIT_ATM,1
ATM02130,BANK004,Andhra Pradesh,Tirupati,Korlagunta,AREA0170,13.605221,79.433059,PETROL_STATION_ATM,1
ATM02131,BANK005,Karnataka,Kalaburagi,Sedam Road,AREA0086,17.302032,76.854232,STANDALONE_ATM,1
ATM02132,BANK008,Karnataka,Udupi,Ajjarkad,AREA0094,13.366331,74.726201,PETROL_STATION_ATM,0
ATM02133,BANK002,Tamil Nadu,Chennai,Anna Nagar,AREA0001,13.092504,80.258493,TRANSIT_ATM,0
ATM02134,BANK006,Andhra Pradesh,Rajamahendravaram,Morampudi,AREA0182,16.981427,81.776598,PETROL_STATION_ATM,0
ATM02135,BANK001,Tamil Nadu,Chennai,Velachery,AREA0003,13.088075,80.274596,STANDALONE_ATM,1
ATM02136,BANK003,Tamil Nadu,Vellore,Gandhi Nagar,AREA0038,12.914051,79.110653,PETROL_STATION_ATM,1
ATM02137,BANK003,Tamil Nadu,Dindigul,Palani Road,AREA0049,10.362092,78.000225,TRANSIT_ATM,1
ATM02138,BANK003,Karnataka,Udupi,Manipal,AREA0091,13.350674,74.73097,STANDALONE_ATM,0
ATM02139,BANK003,Andhra Pradesh,Kakinada,Suryaraopeta,AREA0190,16.991673,82.245436,TRANSIT_ATM,1
ATM02140,BANK006,Andhra Pradesh,Kadapa,Yerramukkapalli,AREA0193,14.48854,78.822045,BANK_BRANCH_ATM,1
ATM02141,BANK004,Tamil Nadu,Vellore,Sathuvachari,AREA0037,12.901755,79.129989,TRANSIT_ATM,1
ATM02142,BANK004,Tamil Nadu,Tiruchirappalli,KK Nagar,AREA0020,10.811737,78.719682,BANK_BRANCH_ATM,1
ATM02143,BANK005,Kerala,Kannur,Chovva,AREA0133,11.876217,75.35842,SHOPPING_MALL_ATM,1
ATM02144,BANK004,Andhra Pradesh,Kakinada,Ramanayyapeta,AREA0188,16.998444,82.234033,BANK_BRANCH_ATM,0
ATM02145,BANK004,Kerala,Thiruvananthapuram,Kazhakootam,AREA0102,8.528151,76.944709,PETROL_STATION_ATM,1
ATM02146,BANK006,Karnataka,Belagavi,Udyambag,AREA0074,15.834148,74.495569,TRANSIT_ATM,1
ATM02147,BANK008,Karnataka,Belagavi,Shahapur,AREA0072,15.854934,74.504888,TRANSIT_ATM,1
ATM02148,BANK001,Karnataka,Belagavi,Shahapur,AREA0072,15.857495,74.489512,BANK_BRANCH_ATM,1
ATM02149,BANK006,Tamil Nadu,Thanjavur,Palliagraharam,AREA0044,10.781403,79.132701,BANK_BRANCH_ATM,1
ATM02150,BANK005,Tamil Nadu,Thanjavur,Old Town,AREA0045,10.755793,79.154959,SHOPPING_MALL_ATM,1
ATM02151,BANK003,Andhra Pradesh,Kurnool,Budhwarpet,AREA0176,15.826371,78.050297,TRANSIT_ATM,0
ATM02152,BANK007,Karnataka,Kalaburagi,Sedam Road,AREA0086,17.343365,76.859421,SHOPPING_MALL_ATM,1
ATM02153,BANK002,Tamil Nadu,Erode,Perundurai Road,AREA0031,11.327963,77.72322,PETROL_STATION_ATM,1
ATM02154,BANK005,Karnataka,Hubballi,Gokul Road,AREA0067,15.363499,75.124558,TRANSIT_ATM,1
ATM02155,BANK004,Kerala,Kottayam,Kumaranalloor,AREA0142,9.599818,76.514599,PETROL_STATION_ATM,1
ATM02156,BANK007,Kerala,Thrissur,Ayyanthole,AREA0117,10.524445,76.188071,SHOPPING_MALL_ATM,1
ATM02157,BANK006,Karnataka,Udupi,Ajjarkad,AREA0094,13.333795,74.763352,TRANSIT_ATM,0
ATM02158,BANK008,Tamil Nadu,Thanjavur,New Bus Stand,AREA0042,10.79635,79.145712,PETROL_STATION_ATM,0
ATM02159,BANK001,Andhra Pradesh,Kadapa,Proddatur Road,AREA0191,14.477626,78.824159,PETROL_STATION_ATM,1
ATM02160,BANK003,Kerala,Kottayam,Ettumanoor,AREA0145,9.605388,76.514717,TRANSIT_ATM,1
ATM02161,BANK003,Andhra Pradesh,Guntur,Nallapadu,AREA0164,16.304815,80.434368,STANDALONE_ATM,1
ATM02162,BANK002,Karnataka,Tumakuru,Gokul,AREA0082,13.353885,77.092573,PETROL_STATION_ATM,0
ATM02163,BANK005,Karnataka,Hubballi,Navanagar,AREA0070,15.36162,75.117929,STANDALONE_ATM,1
ATM02164,BANK003,Andhra Pradesh,Visakhapatnam,Seethammadhara,AREA0155,17.707375,83.232171,STANDALONE_ATM,1
ATM02165,BANK003,Tamil Nadu,Salem,Suramangalam,AREA0024,11.670532,78.156099,SHOPPING_MALL_ATM,1
ATM02166,BANK002,Andhra Pradesh,Kurnool,Bellary Road,AREA0179,15.816647,78.044991,STANDALONE_ATM,1
ATM02167,BANK007,Karnataka,Ballari,Parvathi Nagar,AREA0098,15.144083,76.912591,SHOPPING_MALL_ATM,1
ATM02168,BANK002,Tamil Nadu,Chennai,Adyar,AREA0005,13.064056,80.272368,TRANSIT_ATM,0
ATM02169,BANK008,Karnataka,Belagavi,Shahapur,AREA0072,15.850255,74.477418,TRANSIT_ATM,1
ATM02170,BANK004,Kerala,Kozhikode,Kottooli,AREA0115,11.262463,75.789867,PETROL_STATION_ATM,1
ATM02171,BANK003,Andhra Pradesh,Nellore,Magunta Layout,AREA0171,14.455745,79.985479,TRANSIT_ATM,1
ATM02172,BANK001,Tamil Nadu,Tirunelveli,Palayamkottai,AREA0026,8.717104,77.769722,STANDALONE_ATM,1
ATM02173,BANK001,Andhra Pradesh,Kakinada,Jagannaickpur,AREA0187,16.989118,82.239416,STANDALONE_ATM,1
ATM02174,BANK003,Kerala,Kollam,Asramam,AREA0125,8.885194,76.624813,STANDALONE_ATM,1
ATM02175,BANK001,Kerala,Kottayam,Kodimatha,AREA0143,9.594599,76.51871,PETROL_STATION_ATM,1
ATM02176,BANK003,Andhra Pradesh,Kakinada,Bhanugudi,AREA0189,16.980046,82.243792,BANK_BRANCH_ATM,1
ATM02177,BANK003,Tamil Nadu,Tiruchirappalli,Woraiyur,AREA0018,10.792442,78.724313,SHOPPING_MALL_ATM,1
ATM02178,BANK003,Tamil Nadu,Madurai,Thirunagar,AREA0014,9.94031,78.141461,PETROL_STATION_ATM,1
ATM02179,BANK007,Andhra Pradesh,Rajamahendravaram,Aryapuram,AREA0183,16.983424,81.761883,PETROL_STATION_ATM,1
ATM02180,BANK001,Tamil Nadu,Salem,Fairlands,AREA0021,11.662128,78.153481,SHOPPING_MALL_ATM,0
ATM02181,BANK002,Karnataka,Shivamogga,Vinoba Nagar,AREA0077,13.933996,75.598163,STANDALONE_ATM,1
ATM02182,BANK008,Tamil Nadu,Madurai,Anna Nagar,AREA0012,9.935363,78.112941,PETROL_STATION_ATM,0
ATM02183,BANK008,Andhra Pradesh,Nellore,Balaji Nagar,AREA0172,14.457873,79.967552,TRANSIT_ATM,0
ATM02184,BANK003,Tamil Nadu,Madurai,Thirunagar,AREA0014,9.920307,78.116065,STANDALONE_ATM,1
ATM02185,BANK007,Kerala,Thiruvananthapuram,Vazhuthacaud,AREA0103,8.540333,76.941571,PETROL_STATION_ATM,1
ATM02186,BANK003,Kerala,Kollam,Karunagappally,AREA0122,8.884313,76.584168,PETROL_STATION_ATM,1
ATM02187,BANK003,Andhra Pradesh,Tirupati,MR Palli,AREA0169,13.615202,79.426116,PETROL_STATION_ATM,1
ATM02188,BANK005,Andhra Pradesh,Nellore,Balaji Nagar,AREA0172,14.472163,79.985193,STANDALONE_ATM,1
ATM02189,BANK006,Kerala,Kottayam,Changanassery,AREA0144,9.571359,76.533167,TRANSIT_ATM,0
ATM02190,BANK002,Kerala,Malappuram,Down Hill,AREA0150,11.057553,76.065512,STANDALONE_ATM,1
ATM02191,BANK007,Kerala,Kozhikode,Kottooli,AREA0115,11.24404,75.773886,TRANSIT_ATM,1
ATM02192,BANK003,Karnataka,Kalaburagi,Super Market,AREA0087,17.33029,76.831985,BANK_BRANCH_ATM,1
ATM02193,BANK001,Karnataka,Mangaluru,Hampankatta,AREA0061,12.90046,74.840705,STANDALONE_ATM,1
ATM02194,BANK007,Tamil Nadu,Madurai,Anna Nagar,AREA0012,9.916558,78.128284,STANDALONE_ATM,0
ATM02195,BANK002,Andhra Pradesh,Kurnool,Budhwarpet,AREA0176,15.824704,78.049933,STANDALONE_ATM,1
ATM02196,BANK008,Kerala,Ernakulam,Aluva,AREA0110,9.976293,76.310028,PETROL_STATION_ATM,1
ATM02197,BANK001,Karnataka,Ballari,Cowl Bazaar,AREA0097,15.148927,76.917844,PETROL_STATION_ATM,0
ATM02198,BANK002,Tamil Nadu,Tirunelveli,Maharaja Nagar,AREA0030,8.73598,77.767483,BANK_BRANCH_ATM,0
ATM02199,BANK008,Karnataka,Shivamogga,Savalanga Road,AREA0078,13.944253,75.578163,STANDALONE_ATM,1
ATM02200,BANK001,Andhra Pradesh,Kakinada,Jagannaickpur,AREA0187,16.985505,82.267723,TRANSIT_ATM,1
ATM02201,BANK007,Kerala,Palakkad,Chandranagar,AREA0140,10.798338,76.657633,SHOPPING_MALL_ATM,1
ATM02202,BANK001,Karnataka,Mysuru,Saraswathipuram,AREA0059,12.309554,76.654684,PETROL_STATION_ATM,1
ATM02203,BANK007,Andhra Pradesh,Tirupati,Korlagunta,AREA0170,13.641896,79.418502,STANDALONE_ATM,1
ATM02204,BANK008,Andhra Pradesh,Rajamahendravaram,Lalacheruvu,AREA0185,16.976419,81.794375,TRANSIT_ATM,1
ATM02205,BANK006,Kerala,Ernakulam,Kakkanad,AREA0106,9.984768,76.287326,PETROL_STATION_ATM,1
ATM02206,BANK002,Tamil Nadu,Madurai,KK Nagar,AREA0011,9.926982,78.125451,TRANSIT_ATM,1
ATM02207,BANK003,Kerala,Palakkad,Olavakkode,AREA0136,10.789069,76.628096,SHOPPING_MALL_ATM,1
ATM02208,BANK008,Andhra Pradesh,Kadapa,Proddatur Road,AREA0191,14.474003,78.819762,STANDALONE_ATM,1
ATM02209,BANK002,Kerala,Kannur,Burnassery,AREA0135,11.872579,75.37851,SHOPPING_MALL_ATM,1
ATM02210,BANK007,Kerala,Kottayam,Kumaranalloor,AREA0142,9.556527,76.508473,SHOPPING_MALL_ATM,1
ATM02211,BANK004,Tamil Nadu,Tirunelveli,Maharaja Nagar,AREA0030,8.72916,77.755279,BANK_BRANCH_ATM,0
ATM02212,BANK001,Karnataka,Bengaluru Urban,Electronic City,AREA0054,12.98178,77.602379,PETROL_STATION_ATM,1
ATM02213,BANK002,Kerala,Kollam,Karunagappally,AREA0122,8.896151,76.612393,PETROL_STATION_ATM,1
ATM02214,BANK001,Kerala,Kozhikode,West Hill,AREA0114,11.264473,75.783016,TRANSIT_ATM,1
ATM02215,BANK004,Karnataka,Belagavi,Sadashiv Nagar,AREA0073,15.832815,74.477227,SHOPPING_MALL_ATM,0
ATM02216,BANK007,Tamil Nadu,Chennai,Guindy,AREA0004,13.087158,80.260131,SHOPPING_MALL_ATM,1
ATM02217,BANK002,Andhra Pradesh,Anantapur,Aravind Nagar,AREA0198,14.694969,77.580396,STANDALONE_ATM,1
ATM02218,BANK007,Tamil Nadu,Erode,Teachers Colony,AREA0034,11.352542,77.727052,PETROL_STATION_ATM,0
ATM02219,BANK005,Andhra Pradesh,Nellore,Dargamitta,AREA0173,14.444016,79.961305,SHOPPING_MALL_ATM,1
ATM02220,BANK007,Karnataka,Bengaluru Urban,Koramangala,AREA0053,12.968806,77.603328,PETROL_STATION_ATM,0
ATM02221,BANK006,Karnataka,Mysuru,Saraswathipuram,AREA0059,12.266684,76.649269,PETROL_STATION_ATM,1
ATM02222,BANK005,Tamil Nadu,Tirunelveli,Vannarpettai,AREA0027,8.701063,77.738215,TRANSIT_ATM,1
ATM02223,BANK004,Kerala,Kottayam,Changanassery,AREA0144,9.601344,76.519602,TRANSIT_ATM,1
ATM02224,BANK008,Karnataka,Kalaburagi,Shah Bazar,AREA0090,17.334767,76.835941,STANDALONE_ATM,1
ATM02225,BANK006,Tamil Nadu,Coimbatore,Peelamedu,AREA0008,11.01249,76.931265,PETROL_STATION_ATM,1
ATM02226,BANK008,Kerala,Kottayam,Kanjikuzhi,AREA0141,9.598159,76.53145,SHOPPING_MALL_ATM,1
ATM02227,BANK005,Karnataka,Bengaluru Urban,Electronic City,AREA0054,12.97561,77.60024,PETROL_STATION_ATM,1
ATM02228,BANK006,Kerala,Malappuram,Manjeri,AREA0147,11.052974,76.068399,TRANSIT_ATM,1
ATM02229,BANK003,Karnataka,Mysuru,Hebbal,AREA0057,12.310815,76.655916,BANK_BRANCH_ATM,0
ATM02230,BANK004,Tamil Nadu,Coimbatore,Gandhipuram,AREA0006,11.03909,76.934515,TRANSIT_ATM,1
ATM02231,BANK003,Andhra Pradesh,Kakinada,Sarpavaram,AREA0186,17.008644,82.249718,BANK_BRANCH_ATM,1
ATM02232,BANK004,Kerala,Malappuram,Tirur,AREA0149,11.04463,76.056517,PETROL_STATION_ATM,1
ATM02233,BANK007,Tamil Nadu,Chennai,Velachery,AREA0003,13.092012,80.276874,SHOPPING_MALL_ATM,1
ATM02234,BANK001,Karnataka,Kalaburagi,Station Road,AREA0089,17.334683,76.84065,STANDALONE_ATM,1
ATM02235,BANK007,Karnataka,Mangaluru,Bejai,AREA0064,12.92197,74.878277,BANK_BRANCH_ATM,0
ATM02236,BANK002,Karnataka,Mangaluru,Hampankatta,AREA0061,12.917686,74.863623,STANDALONE_ATM,1
ATM02237,BANK008,Andhra Pradesh,Visakhapatnam,MVP Colony,AREA0154,17.682429,83.242801,PETROL_STATION_ATM,1
ATM02238,BANK007,Andhra Pradesh,Nellore,Dargamitta,AREA0173,14.42349,80.002333,BANK_BRANCH_ATM,1
ATM02239,BANK002,Andhra Pradesh,Tirupati,Alipiri,AREA0167,13.633007,79.417394,SHOPPING_MALL_ATM,0
ATM02240,BANK004,Kerala,Kannur,Chovva,AREA0133,11.86049,75.38013,SHOPPING_MALL_ATM,1
ATM02241,BANK002,Andhra Pradesh,Tirupati,Alipiri,AREA0167,13.619811,79.432971,PETROL_STATION_ATM,1
ATM02242,BANK001,Tamil Nadu,Madurai,Mattuthavani,AREA0013,9.924343,78.102197,TRANSIT_ATM,0
ATM02243,BANK007,Andhra Pradesh,Tirupati,MR Palli,AREA0169,13.631105,79.420333,PETROL_STATION_ATM,1
ATM02244,BANK005,Andhra Pradesh,Kakinada,Ramanayyapeta,AREA0188,17.014728,82.26144,PETROL_STATION_ATM,1
ATM02245,BANK001,Kerala,Alappuzha,Punnamada,AREA0129,9.519263,76.349157,STANDALONE_ATM,1
ATM02246,BANK008,Tamil Nadu,Tiruchirappalli,Cantonment,AREA0019,10.775752,78.716087,TRANSIT_ATM,1
ATM02247,BANK001,Kerala,Kollam,Karunagappally,AREA0122,8.888382,76.608407,STANDALONE_ATM,1
ATM02248,BANK005,Tamil Nadu,Tirunelveli,Palayamkottai,AREA0026,8.722694,77.75054,STANDALONE_ATM,1
ATM02249,BANK001,Karnataka,Ballari,Cowl Bazaar,AREA0097,15.157513,76.90262,PETROL_STATION_ATM,1
ATM02250,BANK004,Andhra Pradesh,Rajamahendravaram,Danavaipeta,AREA0181,16.98965,81.784826,PETROL_STATION_ATM,0
ATM02251,BANK003,Tamil Nadu,Chennai,Adyar,AREA0005,13.070559,80.266763,BANK_BRANCH_ATM,1
ATM02252,BANK006,Kerala,Kannur,Chovva,AREA0133,11.869449,75.351675,STANDALONE_ATM,1
ATM02253,BANK001,Karnataka,Kalaburagi,Sedam Road,AREA0086,17.32107,76.833134,STANDALONE_ATM,1
ATM02254,BANK002,Andhra Pradesh,Visakhapatnam,Dwaraka Nagar,AREA0153,17.684814,83.228034,SHOPPING_MALL_ATM,1
ATM02255,BANK007,Kerala,Kottayam,Kumaranalloor,AREA0142,9.608305,76.518822,SHOPPING_MALL_ATM,1
ATM02256,BANK007,Tamil Nadu,Salem,Ammapet,AREA0023,11.650409,78.151664,TRANSIT_ATM,1
ATM02257,BANK004,Kerala,Thiruvananthapuram,Kesavadasapuram,AREA0105,8.522841,76.949226,PETROL_STATION_ATM,1
ATM02258,BANK001,Tamil Nadu,Dindigul,Nagal Nagar,AREA0046,10.366374,77.981353,BANK_BRANCH_ATM,1
ATM02259,BANK002,Tamil Nadu,Vellore,Gandhi Nagar,AREA0038,12.914765,79.151004,PETROL_STATION_ATM,1
ATM02260,BANK005,Karnataka,Belagavi,Shahapur,AREA0072,15.851809,74.511511,PETROL_STATION_ATM,1
ATM02261,BANK006,Andhra Pradesh,Kurnool,Joharapuram,AREA0180,15.824637,78.045413,SHOPPING_MALL_ATM,1
ATM02262,BANK005,Tamil Nadu,Chennai,Adyar,AREA0005,13.092623,80.267612,STANDALONE_ATM,1
ATM02263,BANK004,Karnataka,Bengaluru Urban,Electronic City,AREA0054,12.982145,77.576069,TRANSIT_ATM,1
ATM02264,BANK007,Kerala,Malappuram,Kottakkal,AREA0146,11.054714,76.079521,PETROL_STATION_ATM,0
ATM02265,BANK001,Andhra Pradesh,Kakinada,Jagannaickpur,AREA0187,16.980896,82.241981,SHOPPING_MALL_ATM,0
ATM02266,BANK003,Kerala,Kozhikode,Mavoor Road,AREA0112,11.245988,75.768667,TRANSIT_ATM,1
ATM02267,BANK002,Andhra Pradesh,Guntur,Lakshmipuram,AREA0163,16.297182,80.446973,PETROL_STATION_ATM,0
ATM02268,BANK002,Andhra Pradesh,Kadapa,Yerramukkapalli,AREA0193,14.458547,78.800695,PETROL_STATION_ATM,1
ATM02269,BANK005,Kerala,Thrissur,Ayyanthole,AREA0117,10.534296,76.191752,SHOPPING_MALL_ATM,1
ATM02270,BANK002,Tamil Nadu,Coimbatore,Saibaba Colony,AREA0009,11.016517,76.952505,PETROL_STATION_ATM,0
ATM02271,BANK005,Kerala,Kannur,Chovva,AREA0133,11.870498,75.353359,PETROL_STATION_ATM,0
ATM02272,BANK005,Kerala,Ernakulam,Vyttila,AREA0109,9.986849,76.290893,TRANSIT_ATM,0
ATM02273,BANK007,Tamil Nadu,Salem,Hasthampatti,AREA0022,11.626603,78.155525,PETROL_STATION_ATM,1
ATM02274,BANK008,Andhra Pradesh,Kakinada,Ramanayyapeta,AREA0188,16.995028,82.263735,STANDALONE_ATM,1
ATM02275,BANK006,Karnataka,Belagavi,Tilakwadi,AREA0071,15.851279,74.50456,TRANSIT_ATM,1
ATM02276,BANK008,Tamil Nadu,Dindigul,Nagal Nagar,AREA0046,10.360439,77.958039,PETROL_STATION_ATM,0
ATM02277,BANK001,Andhra Pradesh,Tirupati,Tiruchanur,AREA0168,13.619792,79.425373,TRANSIT_ATM,1
ATM02278,BANK002,Karnataka,Mangaluru,Hampankatta,AREA0061,12.917501,74.852954,SHOPPING_MALL_ATM,1
ATM02279,BANK002,Karnataka,Shivamogga,Vidya Nagar,AREA0080,13.925118,75.554601,TRANSIT_ATM,1
ATM02280,BANK004,Karnataka,Belagavi,Shahapur,AREA0072,15.846424,74.494095,STANDALONE_ATM,1
ATM02281,BANK006,Karnataka,Shivamogga,Savalanga Road,AREA0078,13.94542,75.573163,TRANSIT_ATM,0
ATM02282,BANK006,Tamil Nadu,Salem,Ammapet,AREA0023,11.665939,78.148755,PETROL_STATION_ATM,1
ATM02283,BANK001,Andhra Pradesh,Visakhapatnam,MVP Colony,AREA0154,17.705069,83.213471,SHOPPING_MALL_ATM,1
ATM02284,BANK004,Tamil Nadu,Dindigul,Palani Road,AREA0049,10.360546,77.999554,SHOPPING_MALL_ATM,1
ATM02285,BANK002,Karnataka,Hubballi,Old Hubballi,AREA0069,15.373537,75.116351,TRANSIT_ATM,1
ATM02286,BANK006,Andhra Pradesh,Rajamahendravaram,Dowleswaram,AREA0184,17.008715,81.779996,BANK_BRANCH_ATM,1
ATM02287,BANK003,Tamil Nadu,Thanjavur,Old Town,AREA0045,10.783002,79.121681,TRANSIT_ATM,1
ATM02288,BANK006,Kerala,Kollam,Kottarakkara,AREA0121,8.87973,76.625773,SHOPPING_MALL_ATM,1
ATM02289,BANK004,Tamil Nadu,Coimbatore,Singanallur,AREA0010,11.015243,76.955503,PETROL_STATION_ATM,0
ATM02290,BANK005,Kerala,Kannur,Thalassery,AREA0131,11.89002,75.376443,STANDALONE_ATM,1
ATM02291,BANK004,Andhra Pradesh,Visakhapatnam,Dwaraka Nagar,AREA0153,17.673423,83.232693,TRANSIT_ATM,1
ATM02292,BANK004,Tamil Nadu,Tirunelveli,Maharaja Nagar,AREA0030,8.726128,77.755178,STANDALONE_ATM,1
ATM02293,BANK004,Andhra Pradesh,Tirupati,Tiruchanur,AREA0168,13.613471,79.42369,SHOPPING_MALL_ATM,1
ATM02294,BANK004,Kerala,Thiruvananthapuram,Pattom,AREA0101,8.512759,76.933578,STANDALONE_ATM,1
ATM02295,BANK004,Tamil Nadu,Madurai,Tallakulam,AREA0015,9.923006,78.109332,STANDALONE_ATM,1
ATM02296,BANK006,Andhra Pradesh,Rajamahendravaram,Lalacheruvu,AREA0185,17.005246,81.776217,STANDALONE_ATM,1
ATM02297,BANK002,Kerala,Kottayam,Kumaranalloor,AREA0142,9.606856,76.523585,BANK_BRANCH_ATM,1
ATM02298,BANK002,Tamil Nadu,Salem,Fairlands,AREA0021,11.647659,78.144662,TRANSIT_ATM,1
ATM02299,BANK001,Andhra Pradesh,Kadapa,Seven Roads,AREA0195,14.483362,78.82231,PETROL_STATION_ATM,1
ATM02300,BANK001,Karnataka,Ballari,Cantonment,AREA0099,15.131113,76.933025,TRANSIT_ATM,1
ATM02301,BANK006,Tamil Nadu,Thanjavur,Palliagraharam,AREA0044,10.777465,79.103928,PETROL_STATION_ATM,1
ATM02302,BANK006,Andhra Pradesh,Kurnool,Joharapuram,AREA0180,15.824706,78.036699,TRANSIT_ATM,1
ATM02303,BANK005,Tamil Nadu,Erode,Karungalpalayam,AREA0035,11.337766,77.71803,TRANSIT_ATM,1
ATM02304,BANK003,Andhra Pradesh,Anantapur,Ramachandra Nagar,AREA0197,14.679851,77.589876,PETROL_STATION_ATM,1
ATM02305,BANK005,Andhra Pradesh,Rajamahendravaram,Morampudi,AREA0182,16.984734,81.790148,TRANSIT_ATM,0
ATM02306,BANK004,Kerala,Alappuzha,Mullakkal,AREA0126,9.513108,76.324529,PETROL_STATION_ATM,0
ATM02307,BANK003,Tamil Nadu,Tirunelveli,Vannarpettai,AREA0027,8.701522,77.76472,BANK_BRANCH_ATM,1
ATM02308,BANK007,Tamil Nadu,Madurai,Anna Nagar,AREA0012,9.946214,78.112871,TRANSIT_ATM,0
ATM02309,BANK001,Kerala,Kollam,Karunagappally,AREA0122,8.882052,76.627686,PETROL_STATION_ATM,1
ATM02310,BANK006,Kerala,Kollam,Kottarakkara,AREA0121,8.906236,76.589025,TRANSIT_ATM,1
ATM02311,BANK003,Tamil Nadu,Erode,Veerappanchatram,AREA0033,11.320635,77.704548,TRANSIT_ATM,1
ATM02312,BANK002,Andhra Pradesh,Visakhapatnam,Gajuwaka,AREA0152,17.695324,83.218162,PETROL_STATION_ATM,1
ATM02313,BANK008,Karnataka,Tumakuru,Ashok Nagar,AREA0083,13.342,77.118455,SHOPPING_MALL_ATM,1
ATM02314,BANK001,Tamil Nadu,Madurai,KK Nagar,AREA0011,9.906963,78.111734,BANK_BRANCH_ATM,1
ATM02315,BANK004,Karnataka,Mysuru,Nazarbad,AREA0060,12.299891,76.648325,TRANSIT_ATM,1
ATM02316,BANK002,Kerala,Ernakulam,Kaloor,AREA0108,9.976117,76.288293,SHOPPING_MALL_ATM,1
ATM02317,BANK006,Tamil Nadu,Coimbatore,Saibaba Colony,AREA0009,11.029596,76.959343,PETROL_STATION_ATM,1
ATM02318,BANK005,Kerala,Malappuram,Perinthalmanna,AREA0148,11.033995,76.088563,STANDALONE_ATM,0
ATM02319,BANK005,Kerala,Kottayam,Kodimatha,AREA0143,9.596854,76.532223,STANDALONE_ATM,0
ATM02320,BANK005,Tamil Nadu,Thanjavur,Karanthai,AREA0043,10.78843,79.129052,TRANSIT_ATM,1
ATM02321,BANK006,Tamil Nadu,Salem,Ammapet,AREA0023,11.666687,78.160547,SHOPPING_MALL_ATM,1
ATM02322,BANK003,Andhra Pradesh,Kadapa,RTC Colony,AREA0194,14.464089,78.812535,TRANSIT_ATM,1
ATM02323,BANK007,Andhra Pradesh,Rajamahendravaram,Morampudi,AREA0182,17.020025,81.786094,STANDALONE_ATM,1
ATM02324,BANK007,Andhra Pradesh,Tirupati,Alipiri,AREA0167,13.631039,79.416467,SHOPPING_MALL_ATM,1
ATM02325,BANK006,Karnataka,Kalaburagi,Shah Bazar,AREA0090,17.333649,76.801672,TRANSIT_ATM,1
ATM02326,BANK005,Kerala,Ernakulam,Vyttila,AREA0109,9.991599,76.307078,TRANSIT_ATM,1
ATM02327,BANK003,Kerala,Kollam,Karunagappally,AREA0122,8.906353,76.616462,PETROL_STATION_ATM,1
ATM02328,BANK003,Tamil Nadu,Salem,Alagapuram,AREA0025,11.660994,78.159411,PETROL_STATION_ATM,1
ATM02329,BANK004,Andhra Pradesh,Nellore,Stonehousepet,AREA0175,14.458489,79.982997,BANK_BRANCH_ATM,1
ATM02330,BANK005,Tamil Nadu,Chennai,Anna Nagar,AREA0001,13.071351,80.270571,STANDALONE_ATM,1
ATM02331,BANK007,Karnataka,Bengaluru Urban,Electronic City,AREA0054,12.961455,77.593216,TRANSIT_ATM,1
ATM02332,BANK004,Andhra Pradesh,Vijayawada,Benz Circle,AREA0156,16.511134,80.636319,STANDALONE_ATM,1
ATM02333,BANK003,Kerala,Palakkad,Kalmandapam,AREA0137,10.786194,76.655202,TRANSIT_ATM,1
ATM02334,BANK001,Andhra Pradesh,Kurnool,Joharapuram,AREA0180,15.838775,78.053754,STANDALONE_ATM,1
ATM02335,BANK007,Karnataka,Tumakuru,Ashok Nagar,AREA0083,13.335558,77.124932,TRANSIT_ATM,1
ATM02336,BANK003,Karnataka,Hubballi,Vidya Nagar,AREA0066,15.373124,75.119352,PETROL_STATION_ATM,1
ATM02337,BANK006,Kerala,Thiruvananthapuram,Vazhuthacaud,AREA0103,8.520234,76.931589,TRANSIT_ATM,1
ATM02338,BANK005,Karnataka,Shivamogga,Vinoba Nagar,AREA0077,13.924131,75.5825,SHOPPING_MALL_ATM,1
ATM02339,BANK001,Karnataka,Hubballi,Navanagar,AREA0070,15.37438,75.121259,TRANSIT_ATM,0
ATM02340,BANK002,Tamil Nadu,Thanjavur,Medical College Road,AREA0041,10.77901,79.150582,STANDALONE_ATM,0
ATM02341,BANK001,Andhra Pradesh,Rajamahendravaram,Dowleswaram,AREA0184,16.991023,81.770619,STANDALONE_ATM,1
ATM02342,BANK005,Tamil Nadu,Madurai,Mattuthavani,AREA0013,9.899532,78.117442,TRANSIT_ATM,1
ATM02343,BANK002,Andhra Pradesh,Kakinada,Sarpavaram,AREA0186,16.992153,82.253314,TRANSIT_ATM,1
ATM02344,BANK006,Karnataka,Mangaluru,Kottara,AREA0063,12.93159,74.837714,SHOPPING_MALL_ATM,1
ATM02345,BANK006,Karnataka,Ballari,Gandhinagar,AREA0096,15.141447,76.920982,SHOPPING_MALL_ATM,1
ATM02346,BANK005,Karnataka,Kalaburagi,Super Market,AREA0087,17.318432,76.845414,SHOPPING_MALL_ATM,0
ATM02347,BANK001,Karnataka,Hubballi,Navanagar,AREA0070,15.361927,75.123443,TRANSIT_ATM,1
ATM02348,BANK002,Karnataka,Belagavi,Tilakwadi,AREA0071,15.840795,74.499381,SHOPPING_MALL_ATM,0
ATM02349,BANK004,Andhra Pradesh,Kurnool,Bellary Road,AREA0179,15.834549,78.038857,PETROL_STATION_ATM,1
ATM02350,BANK003,Karnataka,Belagavi,Udyambag,AREA0074,15.858967,74.492497,SHOPPING_MALL_ATM,1
ATM02351,BANK006,Kerala,Alappuzha,Mullakkal,AREA0126,9.505572,76.346627,SHOPPING_MALL_ATM,1
ATM02352,BANK008,Kerala,Kozhikode,West Hill,AREA0114,11.264909,75.791215,TRANSIT_ATM,0
ATM02353,BANK002,Karnataka,Hubballi,Vidya Nagar,AREA0066,15.359762,75.117426,TRANSIT_ATM,1
ATM02354,BANK005,Tamil Nadu,Coimbatore,Peelamedu,AREA0008,11.008383,76.943416,TRANSIT_ATM,1
ATM02355,BANK003,Kerala,Ernakulam,Kakkanad,AREA0106,9.974928,76.294301,STANDALONE_ATM,0
ATM02356,BANK006,Kerala,Thiruvananthapuram,Pattom,AREA0101,8.515753,76.935916,TRANSIT_ATM,1
ATM02357,BANK007,Karnataka,Mangaluru,Surathkal,AREA0065,12.898574,74.866812,BANK_BRANCH_ATM,1
ATM02358,BANK002,Andhra Pradesh,Visakhapatnam,MVP Colony,AREA0154,17.685151,83.221455,STANDALONE_ATM,1
ATM02359,BANK006,Karnataka,Udupi,Kinnimulki,AREA0093,13.329149,74.741966,STANDALONE_ATM,1
ATM02360,BANK006,Tamil Nadu,Tirunelveli,Maharaja Nagar,AREA0030,8.71965,77.75844,SHOPPING_MALL_ATM,1
ATM02361,BANK005,Karnataka,Belagavi,Udyambag,AREA0074,15.862402,74.50123,SHOPPING_MALL_ATM,0
ATM02362,BANK007,Kerala,Palakkad,Shoranur Road,AREA0139,10.770727,76.649845,SHOPPING_MALL_ATM,1
ATM02363,BANK008,Tamil Nadu,Tiruchirappalli,Srirangam,AREA0016,10.777708,78.71481,SHOPPING_MALL_ATM,1
ATM02364,BANK008,Tamil Nadu,Salem,Alagapuram,AREA0025,11.664058,78.159478,TRANSIT_ATM,1
ATM02365,BANK003,Kerala,Kozhikode,Kallai,AREA0113,11.243418,75.775922,STANDALONE_ATM,1
ATM02366,BANK001,Tamil Nadu,Tirunelveli,Palayamkottai,AREA0026,8.717611,77.749704,STANDALONE_ATM,0
ATM02367,BANK004,Karnataka,Mysuru,Nazarbad,AREA0060,12.26395,76.623822,SHOPPING_MALL_ATM,1
ATM02368,BANK002,Kerala,Kollam,Asramam,AREA0125,8.909374,76.625011,STANDALONE_ATM,1
ATM02369,BANK003,Karnataka,Mangaluru,Bejai,AREA0064,12.892368,74.849002,TRANSIT_ATM,1
ATM02370,BANK002,Andhra Pradesh,Guntur,Lakshmipuram,AREA0163,16.307745,80.424407,BANK_BRANCH_ATM,1
ATM02371,BANK002,Kerala,Malappuram,Perinthalmanna,AREA0148,11.045306,76.05502,TRANSIT_ATM,1
ATM02372,BANK001,Andhra Pradesh,Guntur,Arundelpet,AREA0162,16.329994,80.437609,BANK_BRANCH_ATM,0
ATM02373,BANK007,Kerala,Kozhikode,Mavoor Road,AREA0112,11.253717,75.761694,PETROL_STATION_ATM,1
ATM02374,BANK002,Karnataka,Bengaluru Urban,Whitefield,AREA0051,12.968209,77.589528,BANK_BRANCH_ATM,0
ATM02375,BANK005,Andhra Pradesh,Anantapur,Ramachandra Nagar,AREA0197,14.673015,77.595974,PETROL_STATION_ATM,1
ATM02376,BANK003,Andhra Pradesh,Nellore,Balaji Nagar,AREA0172,14.42844,79.998865,BANK_BRANCH_ATM,1
ATM02377,BANK007,Kerala,Kottayam,Changanassery,AREA0144,9.602295,76.536849,SHOPPING_MALL_ATM,1
ATM02378,BANK004,Andhra Pradesh,Nellore,Stonehousepet,AREA0175,14.422721,80.008871,STANDALONE_ATM,1
ATM02379,BANK005,Andhra Pradesh,Guntur,Nallapadu,AREA0164,16.305194,80.420453,TRANSIT_ATM,1
ATM02380,BANK003,Tamil Nadu,Thanjavur,Palliagraharam,AREA0044,10.773748,79.136963,STANDALONE_ATM,1
ATM02381,BANK003,Tamil Nadu,Vellore,Katpadi,AREA0036,12.900268,79.115007,BANK_BRANCH_ATM,1
ATM02382,BANK001,Andhra Pradesh,Anantapur,RTC Colony,AREA0199,14.685981,77.593643,SHOPPING_MALL_ATM,0
ATM02383,BANK006,Tamil Nadu,Coimbatore,Gandhipuram,AREA0006,11.010971,76.948199,TRANSIT_ATM,1
ATM02384,BANK008,Kerala,Kozhikode,Kallai,AREA0113,11.267377,75.771095,PETROL_STATION_ATM,1
ATM02385,BANK005,Andhra Pradesh,Rajamahendravaram,Lalacheruvu,AREA0185,16.979699,81.807149,PETROL_STATION_ATM,1
ATM02386,BANK008,Andhra Pradesh,Guntur,Nallapadu,AREA0164,16.295039,80.421257,STANDALONE_ATM,1
ATM02387,BANK003,Tamil Nadu,Erode,Veerappanchatram,AREA0033,11.340309,77.710318,PETROL_STATION_ATM,1
ATM02388,BANK008,Andhra Pradesh,Visakhapatnam,MVP Colony,AREA0154,17.687586,83.228433,PETROL_STATION_ATM,0
ATM02389,BANK007,Kerala,Thrissur,Ayyanthole,AREA0117,10.525221,76.216029,PETROL_STATION_ATM,0
ATM02390,BANK005,Tamil Nadu,Chennai,Velachery,AREA0003,13.093847,80.273399,SHOPPING_MALL_ATM,1
ATM02391,BANK008,Andhra Pradesh,Anantapur,Sapthagiri Circle,AREA0196,14.675043,77.612194,PETROL_STATION_ATM,1
ATM02392,BANK004,Karnataka,Mysuru,Vijayanagar,AREA0056,12.300369,76.657948,BANK_BRANCH_ATM,0
ATM02393,BANK008,Kerala,Thiruvananthapuram,Kesavadasapuram,AREA0105,8.538224,76.929679,SHOPPING_MALL_ATM,1
ATM02394,BANK006,Andhra Pradesh,Rajamahendravaram,Aryapuram,AREA0183,16.989648,81.781962,TRANSIT_ATM,1
ATM02395,BANK005,Andhra Pradesh,Anantapur,Ramachandra Nagar,AREA0197,14.662074,77.588575,STANDALONE_ATM,1
ATM02396,BANK005,Andhra Pradesh,Guntur,Gorantla,AREA0165,16.329612,80.424048,BANK_BRANCH_ATM,1
ATM02397,BANK001,Karnataka,Ballari,Parvathi Nagar,AREA0098,15.13261,76.915576,PETROL_STATION_ATM,0
ATM02398,BANK003,Kerala,Kottayam,Changanassery,AREA0144,9.58808,76.516856,SHOPPING_MALL_ATM,1
ATM02399,BANK005,Kerala,Kozhikode,Nadakkavu,AREA0111,11.278513,75.768884,TRANSIT_ATM,0
ATM02400,BANK001,Tamil Nadu,Salem,Alagapuram,AREA0025,11.638894,78.145877,TRANSIT_ATM,1
ATM02401,BANK008,Tamil Nadu,Madurai,Thirunagar,AREA0014,9.928951,78.127538,SHOPPING_MALL_ATM,0
ATM02402,BANK001,Tamil Nadu,Madurai,Mattuthavani,AREA0013,9.94544,78.111518,TRANSIT_ATM,1
ATM02403,BANK005,Andhra Pradesh,Vijayawada,Benz Circle,AREA0156,16.474511,80.638002,PETROL_STATION_ATM,0
ATM02404,BANK004,Andhra Pradesh,Rajamahendravaram,Lalacheruvu,AREA0185,16.973656,81.789375,BANK_BRANCH_ATM,1
ATM02405,BANK006,Andhra Pradesh,Rajamahendravaram,Dowleswaram,AREA0184,16.993154,81.788295,STANDALONE_ATM,0
ATM02406,BANK007,Tamil Nadu,Tiruchirappalli,KK Nagar,AREA0020,10.790157,78.699887,PETROL_STATION_ATM,0
ATM02407,BANK007,Kerala,Palakkad,Shoranur Road,AREA0139,10.777318,76.656256,TRANSIT_ATM,0
ATM02408,BANK004,Karnataka,Shivamogga,Vinoba Nagar,AREA0077,13.936283,75.561233,STANDALONE_ATM,1
ATM02409,BANK007,Tamil Nadu,Tiruchirappalli,Cantonment,AREA0019,10.779781,78.70429,TRANSIT_ATM,0
ATM02410,BANK004,Tamil Nadu,Dindigul,RM Colony,AREA0048,10.361224,77.992247,SHOPPING_MALL_ATM,1
ATM02411,BANK002,Kerala,Ernakulam,Vyttila,AREA0109,9.992196,76.306099,TRANSIT_ATM,1
ATM02412,BANK004,Kerala,Palakkad,Olavakkode,AREA0136,10.78688,76.662241,PETROL_STATION_ATM,1
ATM02413,BANK005,Andhra Pradesh,Kadapa,Yerramukkapalli,AREA0193,14.461826,78.834271,SHOPPING_MALL_ATM,0
ATM02414,BANK005,Kerala,Ernakulam,Vyttila,AREA0109,9.994037,76.298353,TRANSIT_ATM,0
ATM02415,BANK004,Karnataka,Bengaluru Urban,Whitefield,AREA0051,12.967168,77.597356,BANK_BRANCH_ATM,1
ATM02416,BANK003,Karnataka,Shivamogga,Vinoba Nagar,AREA0077,13.917126,75.572681,STANDALONE_ATM,1
ATM02417,BANK005,Karnataka,Kalaburagi,Station Road,AREA0089,17.328921,76.84441,BANK_BRANCH_ATM,1
ATM02418,BANK008,Tamil Nadu,Tirunelveli,Melapalayam,AREA0029,8.714014,77.754936,PETROL_STATION_ATM,0
ATM02419,BANK008,Karnataka,Shivamogga,Savalanga Road,AREA0078,13.910873,75.575672,SHOPPING_MALL_ATM,0
ATM02420,BANK008,Andhra Pradesh,Visakhapatnam,Seethammadhara,AREA0155,17.691347,83.216503,STANDALONE_ATM,1
ATM02421,BANK006,Kerala,Kannur,Thalassery,AREA0131,11.872979,75.367921,BANK_BRANCH_ATM,1
ATM02422,BANK003,Kerala,Thiruvananthapuram,Kesavadasapuram,AREA0105,8.522615,76.945518,BANK_BRANCH_ATM,1
ATM02423,BANK001,Karnataka,Kalaburagi,Shah Bazar,AREA0090,17.338734,76.8303,STANDALONE_ATM,1
ATM02424,BANK002,Tamil Nadu,Thanjavur,New Bus Stand,AREA0042,10.779135,79.140088,SHOPPING_MALL_ATM,1
ATM02425,BANK005,Tamil Nadu,Erode,Karungalpalayam,AREA0035,11.339068,77.708889,STANDALONE_ATM,1
ATM02426,BANK008,Andhra Pradesh,Nellore,Magunta Layout,AREA0171,14.441957,79.99154,BANK_BRANCH_ATM,0
ATM02427,BANK004,Kerala,Malappuram,Down Hill,AREA0150,11.030946,76.096182,BANK_BRANCH_ATM,1
ATM02428,BANK003,Kerala,Thiruvananthapuram,Pattom,AREA0101,8.538465,76.927583,BANK_BRANCH_ATM,1
ATM02429,BANK008,Andhra Pradesh,Kurnool,Budhwarpet,AREA0176,15.809255,78.040435,STANDALONE_ATM,1
ATM02430,BANK006,Kerala,Kozhikode,Nadakkavu,AREA0111,11.265066,75.765527,TRANSIT_ATM,1
ATM02431,BANK005,Andhra Pradesh,Tirupati,Korlagunta,AREA0170,13.649443,79.414943,TRANSIT_ATM,0
ATM02432,BANK006,Karnataka,Shivamogga,BH Road,AREA0079,13.923917,75.558945,TRANSIT_ATM,1
ATM02433,BANK001,Kerala,Alappuzha,Ambalappuzha,AREA0130,9.507755,76.348744,SHOPPING_MALL_ATM,1
ATM02434,BANK002,Andhra Pradesh,Guntur,Arundelpet,AREA0162,16.29438,80.434439,STANDALONE_ATM,1
ATM02435,BANK001,Andhra Pradesh,Kakinada,Suryaraopeta,AREA0190,16.993501,82.263883,SHOPPING_MALL_ATM,1
ATM02436,BANK007,Andhra Pradesh,Kakinada,Sarpavaram,AREA0186,16.966968,82.238094,BANK_BRANCH_ATM,1
ATM02437,BANK008,Andhra Pradesh,Nellore,Dargamitta,AREA0173,14.437744,79.962775,STANDALONE_ATM,1
ATM02438,BANK004,Tamil Nadu,Tirunelveli,Maharaja Nagar,AREA0030,8.712631,77.76277,SHOPPING_MALL_ATM,1
ATM02439,BANK007,Tamil Nadu,Vellore,Gandhi Nagar,AREA0038,12.911487,79.133004,BANK_BRANCH_ATM,1
ATM02440,BANK002,Kerala,Thrissur,Punkunnam,AREA0116,10.521424,76.21613,STANDALONE_ATM,0
ATM02441,BANK007,Tamil Nadu,Madurai,Tallakulam,AREA0015,9.93563,78.102525,TRANSIT_ATM,1
ATM02442,BANK004,Kerala,Kollam,Chinnakada,AREA0123,8.872662,76.618557,BANK_BRANCH_ATM,0
ATM02443,BANK004,Tamil Nadu,Tirunelveli,Perumalpuram,AREA0028,8.718106,77.769305,TRANSIT_ATM,0
ATM02444,BANK002,Tamil Nadu,Vellore,Katpadi,AREA0036,12.920966,79.139363,PETROL_STATION_ATM,1
ATM02445,BANK004,Karnataka,Tumakuru,Sira Road,AREA0081,13.33148,77.112576,TRANSIT_ATM,1
ATM02446,BANK007,Andhra Pradesh,Visakhapatnam,Gajuwaka,AREA0152,17.679313,83.197814,SHOPPING_MALL_ATM,0
ATM02447,BANK006,Tamil Nadu,Salem,Ammapet,AREA0023,11.652804,78.157015,STANDALONE_ATM,1
ATM02448,BANK001,Andhra Pradesh,Anantapur,RTC Colony,AREA0199,14.681282,77.590891,PETROL_STATION_ATM,1
ATM02449,BANK002,Andhra Pradesh,Vijayawada,Governorpet,AREA0158,16.497604,80.662801,SHOPPING_MALL_ATM,1
ATM02450,BANK008,Kerala,Thrissur,Koorkenchery,AREA0119,10.525396,76.218444,SHOPPING_MALL_ATM,1
ATM02451,BANK004,Kerala,Kannur,Burnassery,AREA0135,11.901863,75.361595,SHOPPING_MALL_ATM,1
ATM02452,BANK001,Karnataka,Bengaluru Urban,Electronic City,AREA0054,12.986257,77.586106,STANDALONE_ATM,1
ATM02453,BANK002,Tamil Nadu,Salem,Fairlands,AREA0021,11.667999,78.158852,STANDALONE_ATM,1
ATM02454,BANK007,Kerala,Kannur,Valapattanam,AREA0134,11.873237,75.354748,SHOPPING_MALL_ATM,1
ATM02455,BANK001,Tamil Nadu,Coimbatore,Gandhipuram,AREA0006,11.011474,76.937027,STANDALONE_ATM,1
ATM02456,BANK005,Tamil Nadu,Tirunelveli,Perumalpuram,AREA0028,8.725093,77.776887,PETROL_STATION_ATM,1
ATM02457,BANK002,Tamil Nadu,Chennai,Velachery,AREA0003,13.080494,80.262098,TRANSIT_ATM,0
ATM02458,BANK004,Karnataka,Belagavi,Angol,AREA0075,15.859153,74.523351,BANK_BRANCH_ATM,0
ATM02459,BANK001,Karnataka,Hubballi,Keshwapur,AREA0068,15.376778,75.127817,PETROL_STATION_ATM,1
ATM02460,BANK008,Kerala,Ernakulam,Aluva,AREA0110,9.965202,76.283167,PETROL_STATION_ATM,1
ATM02461,BANK003,Tamil Nadu,Coimbatore,Peelamedu,AREA0008,11.014859,76.956561,SHOPPING_MALL_ATM,1
ATM02462,BANK002,Karnataka,Ballari,Gandhinagar,AREA0096,15.135677,76.914791,STANDALONE_ATM,1
ATM02463,BANK003,Kerala,Ernakulam,Vyttila,AREA0109,9.972895,76.298136,TRANSIT_ATM,1
ATM02464,BANK002,Kerala,Kottayam,Kumaranalloor,AREA0142,9.594212,76.551221,PETROL_STATION_ATM,1
ATM02465,BANK006,Kerala,Thrissur,Ollur,AREA0118,10.507296,76.223949,BANK_BRANCH_ATM,1
ATM02466,BANK001,Andhra Pradesh,Guntur,Brodipet,AREA0161,16.300674,80.426657,SHOPPING_MALL_ATM,1
ATM02467,BANK003,Karnataka,Mangaluru,Kadri,AREA0062,12.909524,74.859622,PETROL_STATION_ATM,1
ATM02468,BANK002,Tamil Nadu,Madurai,Thirunagar,AREA0014,9.90329,78.131827,STANDALONE_ATM,0
ATM02469,BANK008,Kerala,Kollam,Kadappakada,AREA0124,8.896308,76.614157,STANDALONE_ATM,1
ATM02470,BANK006,Kerala,Alappuzha,Alappuzha Beach,AREA0127,9.492698,76.303965,PETROL_STATION_ATM,1
ATM02471,BANK006,Tamil Nadu,Salem,Fairlands,AREA0021,11.657717,78.14334,TRANSIT_ATM,0
ATM02472,BANK004,Tamil Nadu,Vellore,Bagayam,AREA0039,12.934461,79.13157,BANK_BRANCH_ATM,1
ATM02473,BANK007,Karnataka,Hubballi,Vidya Nagar,AREA0066,15.365893,75.114096,SHOPPING_MALL_ATM,1
ATM02474,BANK003,Kerala,Kollam,Chinnakada,AREA0123,8.891547,76.596415,SHOPPING_MALL_ATM,1
ATM02475,BANK001,Andhra Pradesh,Visakhapatnam,MVP Colony,AREA0154,17.683252,83.226998,TRANSIT_ATM,1
ATM02476,BANK008,Tamil Nadu,Salem,Fairlands,AREA0021,11.66236,78.143359,PETROL_STATION_ATM,1
ATM02477,BANK005,Kerala,Kannur,Valapattanam,AREA0134,11.882825,75.378798,PETROL_STATION_ATM,1
ATM02478,BANK008,Andhra Pradesh,Vijayawada,Poranki,AREA0160,16.486271,80.658295,STANDALONE_ATM,1
ATM02479,BANK003,Kerala,Ernakulam,Kakkanad,AREA0106,9.99902,76.294016,PETROL_STATION_ATM,0
ATM02480,BANK006,Andhra Pradesh,Visakhapatnam,Seethammadhara,AREA0155,17.681922,83.217138,SHOPPING_MALL_ATM,1
ATM02481,BANK008,Kerala,Kollam,Karunagappally,AREA0122,8.881169,76.628734,SHOPPING_MALL_ATM,1
ATM02482,BANK003,Kerala,Malappuram,Perinthalmanna,AREA0148,11.070809,76.082811,BANK_BRANCH_ATM,1
ATM02483,BANK003,Karnataka,Ballari,Cowl Bazaar,AREA0097,15.119384,76.913502,TRANSIT_ATM,1
ATM02484,BANK005,Andhra Pradesh,Visakhapatnam,Dwaraka Nagar,AREA0153,17.681203,83.215725,SHOPPING_MALL_ATM,0
ATM02485,BANK006,Karnataka,Kalaburagi,Sedam Road,AREA0086,17.331664,76.83394,TRANSIT_ATM,1
ATM02486,BANK001,Karnataka,Bengaluru Urban,Whitefield,AREA0051,12.971329,77.606478,PETROL_STATION_ATM,1
ATM02487,BANK007,Tamil Nadu,Tiruchirappalli,KK Nagar,AREA0020,10.797254,78.70292,STANDALONE_ATM,1
ATM02488,BANK001,Karnataka,Hubballi,Keshwapur,AREA0068,15.373666,75.126745,PETROL_STATION_ATM,1
ATM02489,BANK006,Kerala,Thiruvananthapuram,Pattom,AREA0101,8.533396,76.954437,PETROL_STATION_ATM,1
ATM02490,BANK004,Karnataka,Hubballi,Navanagar,AREA0070,15.378277,75.110282,SHOPPING_MALL_ATM,0
ATM02491,BANK002,Karnataka,Tumakuru,Tumkur University Area,AREA0084,13.338418,77.10638,PETROL_STATION_ATM,1
ATM02492,BANK007,Tamil Nadu,Tirunelveli,Perumalpuram,AREA0028,8.698054,77.76133,STANDALONE_ATM,1
ATM02493,BANK008,Andhra Pradesh,Vijayawada,Moghalrajpuram,AREA0157,16.511654,80.633258,PETROL_STATION_ATM,1
ATM02494,BANK003,Andhra Pradesh,Kurnool,Nandyal Road,AREA0177,15.826642,78.041528,PETROL_STATION_ATM,0
ATM02495,BANK005,Tamil Nadu,Vellore,Gandhi Nagar,AREA0038,12.934032,79.13253,SHOPPING_MALL_ATM,0
ATM02496,BANK007,Kerala,Kannur,Pallikkunnu,AREA0132,11.860641,75.355003,SHOPPING_MALL_ATM,1
ATM02497,BANK002,Karnataka,Udupi,Kinnimulki,AREA0093,13.336075,74.746476,BANK_BRANCH_ATM,1
ATM02498,BANK002,Tamil Nadu,Madurai,Mattuthavani,AREA0013,9.931885,78.106702,BANK_BRANCH_ATM,1
ATM02499,BANK003,Tamil Nadu,Dindigul,Natham Road,AREA0050,10.37244,77.956372,STANDALONE_ATM,0
ATM02500,BANK001,Andhra Pradesh,Guntur,Arundelpet,AREA0162,16.300402,80.441358,STANDALONE_ATM,1
ATM02501,BANK002,Andhra Pradesh,Visakhapatnam,Seethammadhara,AREA0155,17.700949,83.201209,TRANSIT_ATM,0
ATM02502,BANK004,Kerala,Kollam,Karunagappally,AREA0122,8.896584,76.610544,BANK_BRANCH_ATM,1
ATM02503,BANK001,Karnataka,Bengaluru Urban,Yelahanka,AREA0055,12.951882,77.578917,PETROL_STATION_ATM,1
ATM02504,BANK007,Andhra Pradesh,Rajamahendravaram,Aryapuram,AREA0183,16.99187,81.805787,TRANSIT_ATM,1
ATM02505,BANK005,Karnataka,Mangaluru,Hampankatta,AREA0061,12.914438,74.889152,BANK_BRANCH_ATM,1
ATM02506,BANK006,Karnataka,Udupi,Manipal,AREA0091,13.348748,74.733065,STANDALONE_ATM,1
ATM02507,BANK002,Andhra Pradesh,Kadapa,Proddatur Road,AREA0191,14.477779,78.810515,BANK_BRANCH_ATM,1
ATM02508,BANK004,Kerala,Kannur,Chovva,AREA0133,11.876081,75.372193,TRANSIT_ATM,1
ATM02509,BANK002,Kerala,Thrissur,West Fort,AREA0120,10.5291,76.19989,TRANSIT_ATM,0
ATM02510,BANK001,Kerala,Malappuram,Tirur,AREA0149,11.021331,76.080478,SHOPPING_MALL_ATM,1
ATM02511,BANK007,Andhra Pradesh,Anantapur,Rudrampeta,AREA0200,14.67868,77.60488,SHOPPING_MALL_ATM,1
ATM02512,BANK001,Tamil Nadu,Tirunelveli,Melapalayam,AREA0029,8.731024,77.761157,PETROL_STATION_ATM,1
ATM02513,BANK005,Andhra Pradesh,Kadapa,Seven Roads,AREA0195,14.453632,78.821517,PETROL_STATION_ATM,1
ATM02514,BANK001,Kerala,Palakkad,Kalmandapam,AREA0137,10.784828,76.669885,BANK_BRANCH_ATM,1
ATM02515,BANK005,Karnataka,Bengaluru Urban,Indiranagar,AREA0052,12.952533,77.59939,BANK_BRANCH_ATM,1
ATM02516,BANK004,Karnataka,Ballari,Gandhinagar,AREA0096,15.12725,76.91498,PETROL_STATION_ATM,0
ATM02517,BANK002,Andhra Pradesh,Tirupati,Alipiri,AREA0167,13.637866,79.42171,BANK_BRANCH_ATM,0
ATM02518,BANK004,Tamil Nadu,Salem,Alagapuram,AREA0025,11.664342,78.143358,PETROL_STATION_ATM,1
ATM02519,BANK007,Kerala,Palakkad,Chandranagar,AREA0140,10.795463,76.650345,STANDALONE_ATM,1
ATM02520,BANK004,Tamil Nadu,Chennai,Velachery,AREA0003,13.075824,80.281623,PETROL_STATION_ATM,0
ATM02521,BANK004,Tamil Nadu,Thanjavur,Old Town,AREA0045,10.757172,79.125326,PETROL_STATION_ATM,1
ATM02522,BANK003,Tamil Nadu,Erode,Karungalpalayam,AREA0035,11.332334,77.728997,PETROL_STATION_ATM,0
ATM02523,BANK007,Tamil Nadu,Thanjavur,Karanthai,AREA0043,10.788868,79.12458,BANK_BRANCH_ATM,1
ATM02524,BANK006,Kerala,Kottayam,Kumaranalloor,AREA0142,9.577583,76.534364,TRANSIT_ATM,1
ATM02525,BANK007,Kerala,Palakkad,Kalmandapam,AREA0137,10.772718,76.647475,BANK_BRANCH_ATM,1
ATM02526,BANK003,Karnataka,Bengaluru Urban,Electronic City,AREA0054,12.966799,77.60065,STANDALONE_ATM,0
ATM02527,BANK007,Kerala,Malappuram,Perinthalmanna,AREA0148,11.045202,76.055405,PETROL_STATION_ATM,0
ATM02528,BANK006,Tamil Nadu,Thanjavur,Old Town,AREA0045,10.794101,79.144632,STANDALONE_ATM,0
ATM02529,BANK008,Karnataka,Hubballi,Vidya Nagar,AREA0066,15.383373,75.126961,SHOPPING_MALL_ATM,1
ATM02530,BANK006,Andhra Pradesh,Guntur,Brodipet,AREA0161,16.29227,80.454491,PETROL_STATION_ATM,1
ATM02531,BANK006,Kerala,Kannur,Chovva,AREA0133,11.869658,75.380265,SHOPPING_MALL_ATM,1
ATM02532,BANK007,Tamil Nadu,Erode,Surampatti,AREA0032,11.358501,77.718177,TRANSIT_ATM,1
ATM02533,BANK006,Karnataka,Udupi,Kinnimulki,AREA0093,13.340439,74.745102,PETROL_STATION_ATM,1
ATM02534,BANK004,Tamil Nadu,Madurai,KK Nagar,AREA0011,9.930364,78.131727,PETROL_STATION_ATM,1
ATM02535,BANK004,Tamil Nadu,Chennai,Velachery,AREA0003,13.080557,80.271103,TRANSIT_ATM,0
ATM02536,BANK005,Kerala,Kollam,Chinnakada,AREA0123,8.887042,76.607884,SHOPPING_MALL_ATM,1
ATM02537,BANK008,Tamil Nadu,Madurai,KK Nagar,AREA0011,9.915032,78.114388,TRANSIT_ATM,1
ATM02538,BANK007,Kerala,Kannur,Chovva,AREA0133,11.863015,75.380776,BANK_BRANCH_ATM,0
ATM02539,BANK001,Tamil Nadu,Tiruchirappalli,Srirangam,AREA0016,10.798029,78.703453,SHOPPING_MALL_ATM,0
ATM02540,BANK001,Karnataka,Bengaluru Urban,Whitefield,AREA0051,12.974286,77.584445,PETROL_STATION_ATM,1
ATM02541,BANK003,Kerala,Alappuzha,Punnamada,AREA0129,9.497586,76.352465,SHOPPING_MALL_ATM,0
ATM02542,BANK001,Karnataka,Mysuru,Hebbal,AREA0057,12.309003,76.658358,SHOPPING_MALL_ATM,1
ATM02543,BANK004,Kerala,Palakkad,Puthur,AREA0138,10.797045,76.658527,STANDALONE_ATM,1
ATM02544,BANK006,Andhra Pradesh,Vijayawada,Benz Circle,AREA0156,16.515861,80.634375,BANK_BRANCH_ATM,1
ATM02545,BANK005,Karnataka,Shivamogga,Vinoba Nagar,AREA0077,13.938588,75.578887,PETROL_STATION_ATM,0
ATM02546,BANK003,Kerala,Thrissur,Punkunnam,AREA0116,10.526893,76.214964,BANK_BRANCH_ATM,0
ATM02547,BANK001,Kerala,Thrissur,Ollur,AREA0118,10.52441,76.213336,TRANSIT_ATM,1
ATM02548,BANK006,Karnataka,Shivamogga,Vinoba Nagar,AREA0077,13.931868,75.571284,STANDALONE_ATM,1
ATM02549,BANK003,Tamil Nadu,Thanjavur,Karanthai,AREA0043,10.777017,79.129702,SHOPPING_MALL_ATM,1
ATM02550,BANK006,Andhra Pradesh,Kakinada,Bhanugudi,AREA0189,16.99664,82.251786,PETROL_STATION_ATM,1
ATM02551,BANK004,Karnataka,Shivamogga,Vinoba Nagar,AREA0077,13.920798,75.566509,STANDALONE_ATM,0
ATM02552,BANK005,Kerala,Palakkad,Chandranagar,AREA0140,10.807661,76.630083,SHOPPING_MALL_ATM,1
ATM02553,BANK002,Karnataka,Bengaluru Urban,Yelahanka,AREA0055,12.941858,77.570078,PETROL_STATION_ATM,1
ATM02554,BANK007,Andhra Pradesh,Guntur,Nallapadu,AREA0164,16.333053,80.424083,PETROL_STATION_ATM,1
ATM02555,BANK004,Andhra Pradesh,Nellore,Vedayapalem,AREA0174,14.438778,79.992988,BANK_BRANCH_ATM,0
ATM02556,BANK006,Karnataka,Bengaluru Urban,Whitefield,AREA0051,12.977258,77.591541,TRANSIT_ATM,1
ATM02557,BANK003,Tamil Nadu,Tiruchirappalli,Thillai Nagar,AREA0017,10.807023,78.713854,TRANSIT_ATM,1
ATM02558,BANK002,Andhra Pradesh,Kakinada,Ramanayyapeta,AREA0188,16.98151,82.235599,PETROL_STATION_ATM,0
ATM02559,BANK005,Karnataka,Belagavi,Tilakwadi,AREA0071,15.851469,74.507465,BANK_BRANCH_ATM,1
ATM02560,BANK007,Karnataka,Ballari,Parvathi Nagar,AREA0098,15.160705,76.925093,BANK_BRANCH_ATM,0
ATM02561,BANK001,Kerala,Kottayam,Ettumanoor,AREA0145,9.58727,76.537467,SHOPPING_MALL_ATM,1
ATM02562,BANK006,Karnataka,Tumakuru,Sira Road,AREA0081,13.352551,77.110019,TRANSIT_ATM,1
ATM02563,BANK007,Karnataka,Hubballi,Keshwapur,AREA0068,15.350628,75.120256,BANK_BRANCH_ATM,0
ATM02564,BANK004,Kerala,Palakkad,Chandranagar,AREA0140,10.784419,76.663826,PETROL_STATION_ATM,0
ATM02565,BANK001,Karnataka,Mysuru,Vijayanagar,AREA0056,12.274191,76.63476,TRANSIT_ATM,0
ATM02566,BANK001,Kerala,Malappuram,Perinthalmanna,AREA0148,11.051214,76.068409,SHOPPING_MALL_ATM,1
ATM02567,BANK001,Karnataka,Bengaluru Urban,Indiranagar,AREA0052,12.991307,77.606652,SHOPPING_MALL_ATM,1
ATM02568,BANK003,Karnataka,Kalaburagi,Station Road,AREA0089,17.341717,76.828812,SHOPPING_MALL_ATM,1
ATM02569,BANK004,Karnataka,Mangaluru,Kottara,AREA0063,12.916185,74.845791,STANDALONE_ATM,0
ATM02570,BANK001,Karnataka,Hubballi,Vidya Nagar,AREA0066,15.354811,75.136175,TRANSIT_ATM,1
ATM02571,BANK008,Kerala,Malappuram,Tirur,AREA0149,11.060896,76.060108,PETROL_STATION_ATM,1
ATM02572,BANK002,Karnataka,Shivamogga,BH Road,AREA0079,13.931196,75.550454,STANDALONE_ATM,1
ATM02573,BANK007,Kerala,Alappuzha,Kalavoor,AREA0128,9.504388,76.327546,SHOPPING_MALL_ATM,1
ATM02574,BANK007,Kerala,Thrissur,Ollur,AREA0118,10.528931,76.235239,STANDALONE_ATM,1
ATM02575,BANK003,Kerala,Kottayam,Ettumanoor,AREA0145,9.578962,76.526365,SHOPPING_MALL_ATM,1
ATM02576,BANK002,Andhra Pradesh,Kakinada,Jagannaickpur,AREA0187,16.988661,82.233939,TRANSIT_ATM,1
ATM02577,BANK001,Andhra Pradesh,Visakhapatnam,Madhurawada,AREA0151,17.678389,83.223691,PETROL_STATION_ATM,1
ATM02578,BANK007,Tamil Nadu,Vellore,Sathuvachari,AREA0037,12.914046,79.149457,SHOPPING_MALL_ATM,1
ATM02579,BANK002,Tamil Nadu,Erode,Surampatti,AREA0032,11.346774,77.705345,TRANSIT_ATM,1
ATM02580,BANK007,Tamil Nadu,Salem,Alagapuram,AREA0025,11.674708,78.157975,STANDALONE_ATM,0
ATM02581,BANK003,Kerala,Kozhikode,Nadakkavu,AREA0111,11.262108,75.787194,TRANSIT_ATM,1
ATM02582,BANK004,Andhra Pradesh,Guntur,Arundelpet,AREA0162,16.309842,80.45131,TRANSIT_ATM,1
ATM02583,BANK007,Tamil Nadu,Thanjavur,Karanthai,AREA0043,10.800144,79.120124,PETROL_STATION_ATM,0
ATM02584,BANK004,Karnataka,Bengaluru Urban,Whitefield,AREA0051,12.95283,77.592354,PETROL_STATION_ATM,1
ATM02585,BANK004,Andhra Pradesh,Rajamahendravaram,Lalacheruvu,AREA0185,16.998695,81.798303,STANDALONE_ATM,1
ATM02586,BANK002,Karnataka,Ballari,Cowl Bazaar,AREA0097,15.135255,76.91885,SHOPPING_MALL_ATM,1
ATM02587,BANK007,Tamil Nadu,Vellore,Katpadi,AREA0036,12.913014,79.131553,SHOPPING_MALL_ATM,0
ATM02588,BANK002,Tamil Nadu,Erode,Karungalpalayam,AREA0035,11.342899,77.711797,BANK_BRANCH_ATM,1
ATM02589,BANK007,Karnataka,Belagavi,Udyambag,AREA0074,15.846178,74.502303,TRANSIT_ATM,1
ATM02590,BANK006,Tamil Nadu,Tirunelveli,Maharaja Nagar,AREA0030,8.699109,77.778953,SHOPPING_MALL_ATM,1
ATM02591,BANK004,Andhra Pradesh,Visakhapatnam,Gajuwaka,AREA0152,17.712613,83.227743,SHOPPING_MALL_ATM,1
ATM02592,BANK006,Karnataka,Mysuru,Saraswathipuram,AREA0059,12.312129,76.628836,PETROL_STATION_ATM,1
ATM02593,BANK001,Tamil Nadu,Vellore,Katpadi,AREA0036,12.909458,79.105381,SHOPPING_MALL_ATM,1
ATM02594,BANK003,Tamil Nadu,Vellore,Katpadi,AREA0036,12.917078,79.133436,SHOPPING_MALL_ATM,1
ATM02595,BANK008,Kerala,Palakkad,Kalmandapam,AREA0137,10.790038,76.635289,PETROL_STATION_ATM,1
ATM02596,BANK003,Tamil Nadu,Coimbatore,RS Puram,AREA0007,11.016426,76.95981,TRANSIT_ATM,1
ATM02597,BANK001,Karnataka,Mysuru,Hebbal,AREA0057,12.30167,76.632844,STANDALONE_ATM,1
ATM02598,BANK004,Karnataka,Tumakuru,Ashok Nagar,AREA0083,13.363642,77.098339,SHOPPING_MALL_ATM,1
ATM02599,BANK003,Kerala,Kozhikode,Nadakkavu,AREA0111,11.26058,75.776391,BANK_BRANCH_ATM,0
ATM02600,BANK002,Andhra Pradesh,Guntur,Lakshmipuram,AREA0163,16.30031,80.444397,BANK_BRANCH_ATM,1
ATM02601,BANK004,Karnataka,Ballari,Gandhinagar,AREA0096,15.12034,76.930064,PETROL_STATION_ATM,1
ATM02602,BANK003,Karnataka,Mysuru,Kuvempunagar,AREA0058,12.297297,76.637357,SHOPPING_MALL_ATM,1
ATM02603,BANK001,Karnataka,Kalaburagi,Sedam Road,AREA0086,17.31557,76.834807,SHOPPING_MALL_ATM,1
ATM02604,BANK002,Tamil Nadu,Tirunelveli,Melapalayam,AREA0029,8.721658,77.758691,SHOPPING_MALL_ATM,0
ATM02605,BANK008,Andhra Pradesh,Visakhapatnam,Dwaraka Nagar,AREA0153,17.686054,83.215644,TRANSIT_ATM,0
ATM02606,BANK001,Karnataka,Hubballi,Navanagar,AREA0070,15.359518,75.110648,SHOPPING_MALL_ATM,1
ATM02607,BANK004,Karnataka,Mysuru,Saraswathipuram,AREA0059,12.303312,76.642209,PETROL_STATION_ATM,1
ATM02608,BANK004,Tamil Nadu,Vellore,Bagayam,AREA0039,12.92481,79.127118,STANDALONE_ATM,1
ATM02609,BANK005,Karnataka,Udupi,Manipal,AREA0091,13.338896,74.728137,PETROL_STATION_ATM,1
ATM02610,BANK008,Andhra Pradesh,Kakinada,Ramanayyapeta,AREA0188,16.970602,82.24862,PETROL_STATION_ATM,1
ATM02611,BANK003,Andhra Pradesh,Kurnool,Budhwarpet,AREA0176,15.803378,78.041403,BANK_BRANCH_ATM,0
ATM02612,BANK007,Andhra Pradesh,Vijayawada,Poranki,AREA0160,16.499251,80.675094,PETROL_STATION_ATM,0
ATM02613,BANK001,Karnataka,Hubballi,Vidya Nagar,AREA0066,15.365001,75.130898,SHOPPING_MALL_ATM,1
ATM02614,BANK003,Kerala,Thiruvananthapuram,Kowdiar,AREA0104,8.516171,76.950435,BANK_BRANCH_ATM,0
ATM02615,BANK005,Kerala,Thrissur,Punkunnam,AREA0116,10.542509,76.225979,STANDALONE_ATM,1
ATM02616,BANK005,Karnataka,Belagavi,Udyambag,AREA0074,15.873697,74.485047,BANK_BRANCH_ATM,1
ATM02617,BANK008,Kerala,Ernakulam,Kaloor,AREA0108,9.989436,76.290847,BANK_BRANCH_ATM,1
ATM02618,BANK002,Kerala,Ernakulam,Aluva,AREA0110,9.969411,76.299539,TRANSIT_ATM,0
ATM02619,BANK005,Karnataka,Hubballi,Gokul Road,AREA0067,15.367599,75.122791,SHOPPING_MALL_ATM,1
ATM02620,BANK002,Kerala,Kannur,Pallikkunnu,AREA0132,11.859226,75.37121,BANK_BRANCH_ATM,1
ATM02621,BANK005,Karnataka,Belagavi,Udyambag,AREA0074,15.849514,74.485932,TRANSIT_ATM,1
ATM02622,BANK004,Andhra Pradesh,Kurnool,Ashok Nagar,AREA0178,15.845557,78.059869,TRANSIT_ATM,1
ATM02623,BANK002,Andhra Pradesh,Vijayawada,Moghalrajpuram,AREA0157,16.507773,80.65963,SHOPPING_MALL_ATM,1
ATM02624,BANK008,Andhra Pradesh,Anantapur,Rudrampeta,AREA0200,14.652582,77.600554,PETROL_STATION_ATM,1
ATM02625,BANK002,Tamil Nadu,Madurai,Anna Nagar,AREA0012,9.938312,78.120028,STANDALONE_ATM,0
ATM02626,BANK004,Karnataka,Kalaburagi,Sedam Road,AREA0086,17.328389,76.842367,PETROL_STATION_ATM,1
ATM02627,BANK008,Karnataka,Kalaburagi,Gulbarga University Area,AREA0088,17.356991,76.838322,PETROL_STATION_ATM,1
ATM02628,BANK001,Karnataka,Kalaburagi,Shah Bazar,AREA0090,17.331398,76.850284,BANK_BRANCH_ATM,1
ATM02629,BANK004,Kerala,Kannur,Pallikkunnu,AREA0132,11.88002,75.391103,PETROL_STATION_ATM,0
ATM02630,BANK005,Tamil Nadu,Erode,Teachers Colony,AREA0034,11.329016,77.705364,SHOPPING_MALL_ATM,1
ATM02631,BANK008,Tamil Nadu,Chennai,Guindy,AREA0004,13.072894,80.281385,TRANSIT_ATM,1
ATM02632,BANK003,Kerala,Thiruvananthapuram,Kesavadasapuram,AREA0105,8.528191,76.933577,BANK_BRANCH_ATM,0
ATM02633,BANK006,Karnataka,Kalaburagi,Station Road,AREA0089,17.333879,76.846905,SHOPPING_MALL_ATM,1
ATM02634,BANK006,Karnataka,Tumakuru,Tumkur University Area,AREA0084,13.335563,77.110075,SHOPPING_MALL_ATM,1
ATM02635,BANK004,Tamil Nadu,Chennai,Anna Nagar,AREA0001,13.077648,80.252729,PETROL_STATION_ATM,1
ATM02636,BANK005,Kerala,Kollam,Asramam,AREA0125,8.89344,76.594831,BANK_BRANCH_ATM,1
ATM02637,BANK005,Andhra Pradesh,Guntur,Lakshmipuram,AREA0163,16.302886,80.438318,TRANSIT_ATM,0
ATM02638,BANK001,Tamil Nadu,Erode,Teachers Colony,AREA0034,11.331283,77.7242,PETROL_STATION_ATM,1
ATM02639,BANK005,Tamil Nadu,Tiruchirappalli,Cantonment,AREA0019,10.78776,78.71209,STANDALONE_ATM,1
ATM02640,BANK003,Andhra Pradesh,Kakinada,Ramanayyapeta,AREA0188,16.988929,82.245142,SHOPPING_MALL_ATM,0
ATM02641,BANK007,Andhra Pradesh,Rajamahendravaram,Morampudi,AREA0182,16.979466,81.784417,STANDALONE_ATM,0
ATM02642,BANK002,Karnataka,Shivamogga,Gandhi Nagar,AREA0076,13.931814,75.572468,TRANSIT_ATM,1
ATM02643,BANK004,Karnataka,Belagavi,Sadashiv Nagar,AREA0073,15.852868,74.482294,TRANSIT_ATM,1
ATM02644,BANK004,Kerala,Malappuram,Perinthalmanna,AREA0148,11.063022,76.075906,PETROL_STATION_ATM,1
ATM02645,BANK003,Karnataka,Tumakuru,Ashok Nagar,AREA0083,13.339929,77.105239,TRANSIT_ATM,1
ATM02646,BANK005,Andhra Pradesh,Kakinada,Suryaraopeta,AREA0190,16.995585,82.270735,PETROL_STATION_ATM,0
ATM02647,BANK006,Tamil Nadu,Coimbatore,Peelamedu,AREA0008,11.010245,76.949555,TRANSIT_ATM,1
ATM02648,BANK003,Karnataka,Mysuru,Nazarbad,AREA0060,12.283182,76.617179,STANDALONE_ATM,0
ATM02649,BANK003,Tamil Nadu,Coimbatore,Saibaba Colony,AREA0009,11.02192,76.979654,PETROL_STATION_ATM,1
ATM02650,BANK004,Kerala,Alappuzha,Alappuzha Beach,AREA0127,9.494834,76.3536,STANDALONE_ATM,1
ATM02651,BANK005,Andhra Pradesh,Kakinada,Suryaraopeta,AREA0190,16.986019,82.26164,PETROL_STATION_ATM,1
ATM02652,BANK003,Tamil Nadu,Vellore,Katpadi,AREA0036,12.920639,79.13302,TRANSIT_ATM,1
ATM02653,BANK003,Andhra Pradesh,Kakinada,Sarpavaram,AREA0186,16.982686,82.24861,PETROL_STATION_ATM,1
ATM02654,BANK003,Karnataka,Bengaluru Urban,Electronic City,AREA0054,12.982019,77.586721,SHOPPING_MALL_ATM,1
ATM02655,BANK002,Tamil Nadu,Vellore,Bagayam,AREA0039,12.915744,79.135091,PETROL_STATION_ATM,1
ATM02656,BANK002,Kerala,Kollam,Karunagappally,AREA0122,8.903179,76.615555,STANDALONE_ATM,1
ATM02657,BANK006,Karnataka,Tumakuru,Sira Road,AREA0081,13.336228,77.104376,STANDALONE_ATM,1
ATM02658,BANK001,Andhra Pradesh,Kakinada,Bhanugudi,AREA0189,17.002913,82.252965,SHOPPING_MALL_ATM,1
ATM02659,BANK007,Andhra Pradesh,Tirupati,Tiruchanur,AREA0168,13.628345,79.42009,TRANSIT_ATM,0
ATM02660,BANK005,Karnataka,Ballari,Gandhinagar,AREA0096,15.12739,76.930287,TRANSIT_ATM,0
ATM02661,BANK005,Karnataka,Hubballi,Keshwapur,AREA0068,15.349588,75.119149,STANDALONE_ATM,1
ATM02662,BANK004,Tamil Nadu,Erode,Teachers Colony,AREA0034,11.339137,77.712325,BANK_BRANCH_ATM,1
ATM02663,BANK003,Tamil Nadu,Thanjavur,Medical College Road,AREA0041,10.775493,79.130161,STANDALONE_ATM,1
ATM02664,BANK001,Kerala,Kottayam,Kodimatha,AREA0143,9.575868,76.541024,PETROL_STATION_ATM,1
ATM02665,BANK005,Andhra Pradesh,Kadapa,RTC Colony,AREA0194,14.461279,78.816888,PETROL_STATION_ATM,1
ATM02666,BANK004,Tamil Nadu,Tiruchirappalli,Cantonment,AREA0019,10.814279,78.686224,PETROL_STATION_ATM,1
ATM02667,BANK004,Karnataka,Mangaluru,Surathkal,AREA0065,12.920932,74.856632,STANDALONE_ATM,0
ATM02668,BANK001,Kerala,Kannur,Thalassery,AREA0131,11.863162,75.371887,SHOPPING_MALL_ATM,0
ATM02669,BANK002,Tamil Nadu,Erode,Karungalpalayam,AREA0035,11.362097,77.723928,TRANSIT_ATM,0
ATM02670,BANK003,Kerala,Kannur,Valapattanam,AREA0134,11.879569,75.356214,PETROL_STATION_ATM,1
ATM02671,BANK008,Kerala,Kannur,Thalassery,AREA0131,11.864942,75.352723,SHOPPING_MALL_ATM,0
ATM02672,BANK003,Tamil Nadu,Salem,Ammapet,AREA0023,11.66533,78.146525,TRANSIT_ATM,1
ATM02673,BANK008,Kerala,Kottayam,Changanassery,AREA0144,9.582111,76.532681,TRANSIT_ATM,0
ATM02674,BANK003,Tamil Nadu,Chennai,Anna Nagar,AREA0001,13.067778,80.26208,STANDALONE_ATM,0
ATM02675,BANK004,Tamil Nadu,Vellore,Katpadi,AREA0036,12.917922,79.118917,STANDALONE_ATM,1
ATM02676,BANK001,Kerala,Ernakulam,Kaloor,AREA0108,9.978066,76.29208,TRANSIT_ATM,0
ATM02677,BANK001,Karnataka,Shivamogga,BH Road,AREA0079,13.933041,75.552231,SHOPPING_MALL_ATM,1
ATM02678,BANK007,Kerala,Ernakulam,Kakkanad,AREA0106,9.957574,76.285876,STANDALONE_ATM,1
ATM02679,BANK004,Tamil Nadu,Thanjavur,Karanthai,AREA0043,10.797685,79.147519,STANDALONE_ATM,1
ATM02680,BANK002,Karnataka,Mysuru,Kuvempunagar,AREA0058,12.284996,76.638618,STANDALONE_ATM,0
ATM02681,BANK008,Tamil Nadu,Salem,Ammapet,AREA0023,11.664519,78.129569,PETROL_STATION_ATM,1
ATM02682,BANK008,Tamil Nadu,Dindigul,Begampur,AREA0047,10.35976,77.977897,SHOPPING_MALL_ATM,1
ATM02683,BANK008,Kerala,Kozhikode,Nadakkavu,AREA0111,11.232864,75.781767,STANDALONE_ATM,0
ATM02684,BANK007,Tamil Nadu,Chennai,Anna Nagar,AREA0001,13.117704,80.276446,TRANSIT_ATM,1
ATM02685,BANK001,Kerala,Thiruvananthapuram,Pattom,AREA0101,8.526717,76.94511,PETROL_STATION_ATM,1
ATM02686,BANK007,Tamil Nadu,Tirunelveli,Maharaja Nagar,AREA0030,8.71902,77.767087,SHOPPING_MALL_ATM,0
ATM02687,BANK007,Tamil Nadu,Vellore,Gandhi Nagar,AREA0038,12.89337,79.127854,PETROL_STATION_ATM,1
ATM02688,BANK001,Andhra Pradesh,Tirupati,Tiruchanur,AREA0168,13.616839,79.396354,PETROL_STATION_ATM,1
ATM02689,BANK002,Andhra Pradesh,Vijayawada,Moghalrajpuram,AREA0157,16.504491,80.659085,TRANSIT_ATM,0
ATM02690,BANK008,Karnataka,Tumakuru,Ashok Nagar,AREA0083,13.332126,77.104914,BANK_BRANCH_ATM,1
ATM02691,BANK004,Tamil Nadu,Coimbatore,Singanallur,AREA0010,11.031709,76.95272,PETROL_STATION_ATM,0
ATM02692,BANK007,Kerala,Palakkad,Olavakkode,AREA0136,10.799359,76.666129,BANK_BRANCH_ATM,1
ATM02693,BANK007,Karnataka,Hubballi,Vidya Nagar,AREA0066,15.368241,75.10952,PETROL_STATION_ATM,1
ATM02694,BANK001,Kerala,Malappuram,Kottakkal,AREA0146,11.027679,76.062625,STANDALONE_ATM,1
ATM02695,BANK005,Tamil Nadu,Thanjavur,New Bus Stand,AREA0042,10.781658,79.134711,TRANSIT_ATM,1
ATM02696,BANK007,Tamil Nadu,Coimbatore,Peelamedu,AREA0008,11.023849,76.946843,SHOPPING_MALL_ATM,1
ATM02697,BANK005,Kerala,Kannur,Valapattanam,AREA0134,11.881881,75.390119,TRANSIT_ATM,1
ATM02698,BANK003,Tamil Nadu,Chennai,Guindy,AREA0004,13.080572,80.273022,TRANSIT_ATM,1
ATM02699,BANK005,Tamil Nadu,Erode,Karungalpalayam,AREA0035,11.359812,77.726182,PETROL_STATION_ATM,1
ATM02700,BANK001,Kerala,Ernakulam,Edappally,AREA0107,9.973002,76.320768,PETROL_STATION_ATM,1
ATM02701,BANK003,Andhra Pradesh,Visakhapatnam,MVP Colony,AREA0154,17.688847,83.211144,TRANSIT_ATM,0
ATM02702,BANK008,Kerala,Kozhikode,Nadakkavu,AREA0111,11.239535,75.771577,BANK_BRANCH_ATM,0
ATM02703,BANK002,Kerala,Ernakulam,Kakkanad,AREA0106,9.983125,76.287965,STANDALONE_ATM,0
ATM02704,BANK003,Karnataka,Mangaluru,Bejai,AREA0064,12.903782,74.871595,TRANSIT_ATM,0
ATM02705,BANK007,Kerala,Thiruvananthapuram,Vazhuthacaud,AREA0103,8.526342,76.918965,SHOPPING_MALL_ATM,1
ATM02706,BANK008,Kerala,Kollam,Chinnakada,AREA0123,8.901141,76.639993,BANK_BRANCH_ATM,1
ATM02707,BANK003,Andhra Pradesh,Kakinada,Sarpavaram,AREA0186,16.965839,82.249024,TRANSIT_ATM,1
ATM02708,BANK004,Tamil Nadu,Vellore,Gandhi Nagar,AREA0038,12.916519,79.159858,TRANSIT_ATM,0
ATM02709,BANK002,Tamil Nadu,Vellore,Bagayam,AREA0039,12.928562,79.131866,SHOPPING_MALL_ATM,1
ATM02710,BANK006,Kerala,Palakkad,Kalmandapam,AREA0137,10.796642,76.632389,STANDALONE_ATM,1
ATM02711,BANK002,Kerala,Kannur,Pallikkunnu,AREA0132,11.874383,75.362568,BANK_BRANCH_ATM,1
ATM02712,BANK002,Karnataka,Mangaluru,Bejai,AREA0064,12.915339,74.832361,TRANSIT_ATM,1
ATM02713,BANK006,Karnataka,Tumakuru,Ashok Nagar,AREA0083,13.346783,77.106189,BANK_BRANCH_ATM,1
ATM02714,BANK007,Karnataka,Shivamogga,Savalanga Road,AREA0078,13.942402,75.562712,PETROL_STATION_ATM,0
ATM02715,BANK003,Karnataka,Mysuru,Nazarbad,AREA0060,12.303869,76.66152,TRANSIT_ATM,1
ATM02716,BANK007,Kerala,Ernakulam,Edappally,AREA0107,9.977898,76.283739,BANK_BRANCH_ATM,1
ATM02717,BANK003,Andhra Pradesh,Rajamahendravaram,Danavaipeta,AREA0181,16.996374,81.779271,SHOPPING_MALL_ATM,1
ATM02718,BANK003,Tamil Nadu,Chennai,Guindy,AREA0004,13.070228,80.260281,STANDALONE_ATM,1
ATM02719,BANK003,Karnataka,Belagavi,Tilakwadi,AREA0071,15.832008,74.485272,STANDALONE_ATM,1
ATM02720,BANK001,Tamil Nadu,Erode,Veerappanchatram,AREA0033,11.345258,77.721916,TRANSIT_ATM,1
ATM02721,BANK005,Andhra Pradesh,Nellore,Magunta Layout,AREA0171,14.43323,80.013037,SHOPPING_MALL_ATM,1
ATM02722,BANK008,Andhra Pradesh,Kurnool,Joharapuram,AREA0180,15.829094,78.040776,SHOPPING_MALL_ATM,1
ATM02723,BANK003,Tamil Nadu,Tiruchirappalli,Woraiyur,AREA0018,10.796493,78.695982,BANK_BRANCH_ATM,1
ATM02724,BANK003,Karnataka,Kalaburagi,Station Road,AREA0089,17.340355,76.815305,STANDALONE_ATM,0
ATM02725,BANK001,Kerala,Alappuzha,Mullakkal,AREA0126,9.484441,76.330182,PETROL_STATION_ATM,1
ATM02726,BANK005,Tamil Nadu,Madurai,KK Nagar,AREA0011,9.92753,78.104337,BANK_BRANCH_ATM,1
ATM02727,BANK008,Tamil Nadu,Coimbatore,Singanallur,AREA0010,11.002277,76.972939,TRANSIT_ATM,1
ATM02728,BANK008,Karnataka,Bengaluru Urban,Indiranagar,AREA0052,12.98687,77.578706,PETROL_STATION_ATM,1
ATM02729,BANK001,Tamil Nadu,Vellore,Sathuvachari,AREA0037,12.906819,79.13157,PETROL_STATION_ATM,1
ATM02730,BANK008,Andhra Pradesh,Kurnool,Budhwarpet,AREA0176,15.834837,78.031694,STANDALONE_ATM,1
ATM02731,BANK004,Andhra Pradesh,Nellore,Stonehousepet,AREA0175,14.435605,80.000029,PETROL_STATION_ATM,1
ATM02732,BANK008,Karnataka,Bengaluru Urban,Indiranagar,AREA0052,12.962924,77.590807,TRANSIT_ATM,1
ATM02733,BANK007,Karnataka,Mysuru,Hebbal,AREA0057,12.266839,76.644896,TRANSIT_ATM,1
ATM02734,BANK002,Karnataka,Hubballi,Vidya Nagar,AREA0066,15.37073,75.128726,PETROL_STATION_ATM,1
ATM02735,BANK001,Karnataka,Belagavi,Angol,AREA0075,15.853694,74.500096,STANDALONE_ATM,1
ATM02736,BANK005,Tamil Nadu,Thanjavur,Old Town,AREA0045,10.783923,79.148429,PETROL_STATION_ATM,1
ATM02737,BANK004,Andhra Pradesh,Tirupati,Renigunta Road,AREA0166,13.635467,79.411898,BANK_BRANCH_ATM,1
ATM02738,BANK003,Andhra Pradesh,Kurnool,Bellary Road,AREA0179,15.824563,78.022674,STANDALONE_ATM,1
ATM02739,BANK001,Tamil Nadu,Chennai,Guindy,AREA0004,13.076875,80.257386,SHOPPING_MALL_ATM,1
ATM02740,BANK001,Kerala,Kannur,Pallikkunnu,AREA0132,11.885495,75.400232,STANDALONE_ATM,1
ATM02741,BANK001,Tamil Nadu,Dindigul,Begampur,AREA0047,10.353124,77.977933,PETROL_STATION_ATM,1
ATM02742,BANK005,Tamil Nadu,Dindigul,Natham Road,AREA0050,10.363034,77.955645,SHOPPING_MALL_ATM,0
ATM02743,BANK002,Tamil Nadu,Tiruchirappalli,Cantonment,AREA0019,10.78228,78.726217,BANK_BRANCH_ATM,1
ATM02744,BANK002,Kerala,Palakkad,Chandranagar,AREA0140,10.788207,76.652621,TRANSIT_ATM,1
ATM02745,BANK003,Kerala,Thiruvananthapuram,Kesavadasapuram,AREA0105,8.51094,76.945757,STANDALONE_ATM,1
ATM02746,BANK005,Andhra Pradesh,Nellore,Balaji Nagar,AREA0172,14.436324,79.977597,PETROL_STATION_ATM,1
ATM02747,BANK003,Kerala,Kottayam,Kodimatha,AREA0143,9.59944,76.519925,TRANSIT_ATM,0
ATM02748,BANK006,Karnataka,Belagavi,Udyambag,AREA0074,15.838056,74.506579,BANK_BRANCH_ATM,1
ATM02749,BANK002,Tamil Nadu,Erode,Veerappanchatram,AREA0033,11.342087,77.726232,SHOPPING_MALL_ATM,1
ATM02750,BANK006,Karnataka,Hubballi,Vidya Nagar,AREA0066,15.363006,75.1551,SHOPPING_MALL_ATM,1
ATM02751,BANK007,Kerala,Malappuram,Down Hill,AREA0150,11.03163,76.100247,BANK_BRANCH_ATM,1
ATM02752,BANK007,Karnataka,Bengaluru Urban,Whitefield,AREA0051,12.964349,77.575773,PETROL_STATION_ATM,0
ATM02753,BANK002,Tamil Nadu,Tirunelveli,Palayamkottai,AREA0026,8.716094,77.770154,SHOPPING_MALL_ATM,1
ATM02754,BANK008,Andhra Pradesh,Tirupati,Renigunta Road,AREA0166,13.633412,79.398141,STANDALONE_ATM,0
ATM02755,BANK002,Andhra Pradesh,Rajamahendravaram,Dowleswaram,AREA0184,16.96915,81.766036,SHOPPING_MALL_ATM,1
ATM02756,BANK006,Karnataka,Udupi,Brahmagiri,AREA0092,13.332623,74.725681,PETROL_STATION_ATM,1
ATM02757,BANK007,Andhra Pradesh,Tirupati,Alipiri,AREA0167,13.625192,79.3964,PETROL_STATION_ATM,1
ATM02758,BANK004,Tamil Nadu,Madurai,KK Nagar,AREA0011,9.922354,78.123744,STANDALONE_ATM,1
ATM02759,BANK001,Kerala,Thrissur,Punkunnam,AREA0116,10.541022,76.216377,BANK_BRANCH_ATM,0
ATM02760,BANK002,Karnataka,Hubballi,Old Hubballi,AREA0069,15.380968,75.125999,TRANSIT_ATM,0
ATM02761,BANK005,Andhra Pradesh,Guntur,Brodipet,AREA0161,16.291809,80.431696,TRANSIT_ATM,1
ATM02762,BANK006,Tamil Nadu,Tiruchirappalli,Cantonment,AREA0019,10.781651,78.705,SHOPPING_MALL_ATM,1
ATM02763,BANK006,Kerala,Thrissur,West Fort,AREA0120,10.502197,76.229351,STANDALONE_ATM,1
ATM02764,BANK008,Tamil Nadu,Thanjavur,Old Town,AREA0045,10.794302,79.137089,PETROL_STATION_ATM,1
ATM02765,BANK008,Tamil Nadu,Tirunelveli,Melapalayam,AREA0029,8.744125,77.778067,TRANSIT_ATM,1
ATM02766,BANK003,Karnataka,Mangaluru,Kadri,AREA0062,12.920166,74.855766,PETROL_STATION_ATM,1
ATM02767,BANK004,Tamil Nadu,Erode,Perundurai Road,AREA0031,11.337327,77.712645,SHOPPING_MALL_ATM,1
ATM02768,BANK004,Karnataka,Mysuru,Kuvempunagar,AREA0058,12.286587,76.63026,BANK_BRANCH_ATM,1
ATM02769,BANK002,Andhra Pradesh,Rajamahendravaram,Dowleswaram,AREA0184,16.987691,81.796395,BANK_BRANCH_ATM,1
ATM02770,BANK008,Kerala,Ernakulam,Aluva,AREA0110,9.980055,76.282977,BANK_BRANCH_ATM,1
ATM02771,BANK004,Tamil Nadu,Chennai,Guindy,AREA0004,13.078442,80.258397,PETROL_STATION_ATM,1
ATM02772,BANK007,Tamil Nadu,Thanjavur,Old Town,AREA0045,10.805418,79.113074,TRANSIT_ATM,1
ATM02773,BANK001,Karnataka,Mangaluru,Bejai,AREA0064,12.913709,74.842636,SHOPPING_MALL_ATM,1
ATM02774,BANK006,Tamil Nadu,Salem,Hasthampatti,AREA0022,11.660614,78.145424,PETROL_STATION_ATM,0
ATM02775,BANK004,Karnataka,Ballari,Gandhinagar,AREA0096,15.149199,76.91567,BANK_BRANCH_ATM,1
ATM02776,BANK004,Karnataka,Kalaburagi,Shah Bazar,AREA0090,17.328766,76.803099,SHOPPING_MALL_ATM,0
ATM02777,BANK005,Andhra Pradesh,Kurnool,Bellary Road,AREA0179,15.843157,78.052318,BANK_BRANCH_ATM,1
ATM02778,BANK005,Kerala,Malappuram,Down Hill,AREA0150,11.076917,76.059546,SHOPPING_MALL_ATM,1
ATM02779,BANK006,Kerala,Thiruvananthapuram,Kazhakootam,AREA0102,8.550279,76.932207,BANK_BRANCH_ATM,1
ATM02780,BANK002,Kerala,Alappuzha,Punnamada,AREA0129,9.516043,76.348038,SHOPPING_MALL_ATM,1
ATM02781,BANK006,Kerala,Thiruvananthapuram,Kowdiar,AREA0104,8.517757,76.959427,TRANSIT_ATM,0
ATM02782,BANK001,Tamil Nadu,Chennai,Anna Nagar,AREA0001,13.107428,80.287057,STANDALONE_ATM,1
ATM02783,BANK004,Karnataka,Belagavi,Shahapur,AREA0072,15.834402,74.492269,SHOPPING_MALL_ATM,0
ATM02784,BANK006,Andhra Pradesh,Visakhapatnam,MVP Colony,AREA0154,17.694249,83.201379,TRANSIT_ATM,1
ATM02785,BANK008,Karnataka,Udupi,Ajjarkad,AREA0094,13.339048,74.754504,BANK_BRANCH_ATM,1
ATM02786,BANK003,Andhra Pradesh,Kurnool,Joharapuram,AREA0180,15.826239,78.039302,TRANSIT_ATM,0
ATM02787,BANK003,Tamil Nadu,Tiruchirappalli,Cantonment,AREA0019,10.765888,78.716064,TRANSIT_ATM,1
ATM02788,BANK006,Karnataka,Kalaburagi,Shah Bazar,AREA0090,17.334358,76.832349,TRANSIT_ATM,1
ATM02789,BANK007,Andhra Pradesh,Tirupati,MR Palli,AREA0169,13.646514,79.419952,BANK_BRANCH_ATM,0
ATM02790,BANK005,Kerala,Kozhikode,West Hill,AREA0114,11.258235,75.797852,PETROL_STATION_ATM,0
ATM02791,BANK006,Andhra Pradesh,Visakhapatnam,Dwaraka Nagar,AREA0153,17.691946,83.205528,PETROL_STATION_ATM,0
ATM02792,BANK001,Andhra Pradesh,Kakinada,Bhanugudi,AREA0189,16.977414,82.238602,STANDALONE_ATM,0
ATM02793,BANK006,Andhra Pradesh,Kakinada,Bhanugudi,AREA0189,17.001096,82.258018,SHOPPING_MALL_ATM,1
ATM02794,BANK002,Karnataka,Udupi,Ajjarkad,AREA0094,13.342672,74.730554,STANDALONE_ATM,0
ATM02795,BANK005,Andhra Pradesh,Kadapa,Seven Roads,AREA0195,14.462714,78.840072,BANK_BRANCH_ATM,0
ATM02796,BANK006,Andhra Pradesh,Vijayawada,Moghalrajpuram,AREA0157,16.503952,80.645266,TRANSIT_ATM,0
ATM02797,BANK003,Kerala,Ernakulam,Aluva,AREA0110,9.973563,76.312325,PETROL_STATION_ATM,0
ATM02798,BANK007,Karnataka,Udupi,Kinnimulki,AREA0093,13.331196,74.75075,STANDALONE_ATM,0
ATM02799,BANK002,Andhra Pradesh,Kakinada,Bhanugudi,AREA0189,16.982886,82.253631,SHOPPING_MALL_ATM,0
ATM02800,BANK006,Karnataka,Hubballi,Gokul Road,AREA0067,15.367633,75.122831,BANK_BRANCH_ATM,1
ATM02801,BANK005,Kerala,Malappuram,Kottakkal,AREA0146,11.046704,76.075287,TRANSIT_ATM,1
ATM02802,BANK002,Karnataka,Bengaluru Urban,Electronic City,AREA0054,12.974401,77.587114,TRANSIT_ATM,1
ATM02803,BANK004,Tamil Nadu,Tiruchirappalli,KK Nagar,AREA0020,10.804446,78.715516,SHOPPING_MALL_ATM,0
ATM02804,BANK008,Tamil Nadu,Tiruchirappalli,Srirangam,AREA0016,10.779184,78.694646,SHOPPING_MALL_ATM,0
ATM02805,BANK004,Tamil Nadu,Vellore,Bagayam,AREA0039,12.8947,79.141981,PETROL_STATION_ATM,1
ATM02806,BANK005,Tamil Nadu,Vellore,Sathuvachari,AREA0037,12.912711,79.132224,STANDALONE_ATM,1
ATM02807,BANK002,Tamil Nadu,Madurai,Anna Nagar,AREA0012,9.914745,78.11955,SHOPPING_MALL_ATM,1
ATM02808,BANK001,Andhra Pradesh,Visakhapatnam,Gajuwaka,AREA0152,17.690293,83.202663,STANDALONE_ATM,1
ATM02809,BANK002,Andhra Pradesh,Visakhapatnam,MVP Colony,AREA0154,17.690019,83.221071,TRANSIT_ATM,1
ATM02810,BANK001,Karnataka,Tumakuru,Sira Road,AREA0081,13.355964,77.104966,TRANSIT_ATM,1
ATM02811,BANK003,Andhra Pradesh,Anantapur,RTC Colony,AREA0199,14.670239,77.589857,STANDALONE_ATM,0
ATM02812,BANK006,Kerala,Kottayam,Kodimatha,AREA0143,9.594013,76.518053,TRANSIT_ATM,1
ATM02813,BANK005,Tamil Nadu,Dindigul,Natham Road,AREA0050,10.375781,77.964032,SHOPPING_MALL_ATM,1
ATM02814,BANK003,Andhra Pradesh,Kurnool,Budhwarpet,AREA0176,15.838149,78.039301,BANK_BRANCH_ATM,1
ATM02815,BANK003,Andhra Pradesh,Kurnool,Joharapuram,AREA0180,15.845222,78.03578,STANDALONE_ATM,0
ATM02816,BANK001,Karnataka,Shivamogga,BH Road,AREA0079,13.918693,75.555806,TRANSIT_ATM,0
ATM02817,BANK007,Andhra Pradesh,Guntur,Brodipet,AREA0161,16.310668,80.421989,PETROL_STATION_ATM,1
ATM02818,BANK002,Karnataka,Bengaluru Urban,Whitefield,AREA0051,12.997631,77.592612,BANK_BRANCH_ATM,0
ATM02819,BANK005,Tamil Nadu,Vellore,Katpadi,AREA0036,12.935134,79.11314,BANK_BRANCH_ATM,0
ATM02820,BANK002,Karnataka,Ballari,Parvathi Nagar,AREA0098,15.110842,76.912589,SHOPPING_MALL_ATM,0
ATM02821,BANK008,Kerala,Palakkad,Shoranur Road,AREA0139,10.791449,76.656078,BANK_BRANCH_ATM,1
ATM02822,BANK002,Karnataka,Udupi,Brahmagiri,AREA0092,13.333748,74.746668,PETROL_STATION_ATM,1
ATM02823,BANK005,Karnataka,Bengaluru Urban,Yelahanka,AREA0055,12.968513,77.580413,BANK_BRANCH_ATM,0
ATM02824,BANK005,Kerala,Kottayam,Kanjikuzhi,AREA0141,9.612386,76.492994,STANDALONE_ATM,0
ATM02825,BANK006,Tamil Nadu,Tirunelveli,Perumalpuram,AREA0028,8.716879,77.757212,STANDALONE_ATM,0
ATM02826,BANK004,Karnataka,Mysuru,Vijayanagar,AREA0056,12.296624,76.652146,SHOPPING_MALL_ATM,1
ATM02827,BANK005,Karnataka,Mangaluru,Hampankatta,AREA0061,12.901496,74.842832,PETROL_STATION_ATM,1
ATM02828,BANK006,Kerala,Malappuram,Kottakkal,AREA0146,11.063781,76.078361,TRANSIT_ATM,1
ATM02829,BANK002,Kerala,Kollam,Kadappakada,AREA0124,8.911003,76.611583,SHOPPING_MALL_ATM,1
ATM02830,BANK003,Kerala,Alappuzha,Punnamada,AREA0129,9.495203,76.350116,STANDALONE_ATM,0
ATM02831,BANK005,Kerala,Thiruvananthapuram,Vazhuthacaud,AREA0103,8.539818,76.922543,BANK_BRANCH_ATM,1
ATM02832,BANK001,Karnataka,Ballari,Cowl Bazaar,AREA0097,15.164548,76.9159,PETROL_STATION_ATM,0
ATM02833,BANK002,Tamil Nadu,Dindigul,Natham Road,AREA0050,10.370162,77.987355,STANDALONE_ATM,0
ATM02834,BANK006,Tamil Nadu,Thanjavur,Medical College Road,AREA0041,10.80012,79.146873,PETROL_STATION_ATM,1
ATM02835,BANK006,Karnataka,Mysuru,Hebbal,AREA0057,12.296899,76.648343,SHOPPING_MALL_ATM,1
ATM02836,BANK003,Kerala,Thrissur,Koorkenchery,AREA0119,10.523345,76.207853,SHOPPING_MALL_ATM,1
ATM02837,BANK004,Kerala,Kollam,Kadappakada,AREA0124,8.893897,76.629073,STANDALONE_ATM,1
ATM02838,BANK002,Andhra Pradesh,Rajamahendravaram,Lalacheruvu,AREA0185,16.99586,81.778782,SHOPPING_MALL_ATM,0
ATM02839,BANK006,Kerala,Thrissur,Punkunnam,AREA0116,10.526782,76.226396,PETROL_STATION_ATM,1
ATM02840,BANK008,Andhra Pradesh,Guntur,Brodipet,AREA0161,16.31015,80.438418,BANK_BRANCH_ATM,1
ATM02841,BANK003,Tamil Nadu,Erode,Karungalpalayam,AREA0035,11.343191,77.703707,BANK_BRANCH_ATM,0
ATM02842,BANK008,Tamil Nadu,Coimbatore,Peelamedu,AREA0008,10.995779,76.969346,BANK_BRANCH_ATM,1
ATM02843,BANK002,Tamil Nadu,Madurai,Thirunagar,AREA0014,9.92581,78.12232,TRANSIT_ATM,0
ATM02844,BANK001,Kerala,Palakkad,Kalmandapam,AREA0137,10.781858,76.672849,BANK_BRANCH_ATM,1
ATM02845,BANK007,Tamil Nadu,Tirunelveli,Maharaja Nagar,AREA0030,8.708036,77.75351,TRANSIT_ATM,0
ATM02846,BANK003,Tamil Nadu,Dindigul,Begampur,AREA0047,10.380566,77.95058,PETROL_STATION_ATM,1
ATM02847,BANK008,Andhra Pradesh,Anantapur,Rudrampeta,AREA0200,14.676416,77.603305,PETROL_STATION_ATM,1
ATM02848,BANK006,Kerala,Alappuzha,Ambalappuzha,AREA0130,9.482432,76.328479,SHOPPING_MALL_ATM,1
ATM02849,BANK006,Andhra Pradesh,Kakinada,Jagannaickpur,AREA0187,16.971788,82.248695,STANDALONE_ATM,1
ATM02850,BANK002,Andhra Pradesh,Visakhapatnam,Dwaraka Nagar,AREA0153,17.688775,83.221197,TRANSIT_ATM,0
ATM02851,BANK003,Kerala,Thrissur,West Fort,AREA0120,10.524817,76.212243,BANK_BRANCH_ATM,1
ATM02852,BANK008,Karnataka,Bengaluru Urban,Whitefield,AREA0051,12.963992,77.59028,BANK_BRANCH_ATM,0
ATM02853,BANK008,Tamil Nadu,Tiruchirappalli,Srirangam,AREA0016,10.775378,78.70924,SHOPPING_MALL_ATM,1
ATM02854,BANK008,Andhra Pradesh,Nellore,Dargamitta,AREA0173,14.452289,79.984737,TRANSIT_ATM,1
ATM02855,BANK004,Karnataka,Shivamogga,Vidya Nagar,AREA0080,13.927793,75.569336,STANDALONE_ATM,0
ATM02856,BANK003,Kerala,Kannur,Thalassery,AREA0131,11.892156,75.369606,PETROL_STATION_ATM,1
ATM02857,BANK005,Karnataka,Shivamogga,Vinoba Nagar,AREA0077,13.930122,75.59889,SHOPPING_MALL_ATM,1
ATM02858,BANK007,Andhra Pradesh,Tirupati,Renigunta Road,AREA0166,13.626281,79.423422,STANDALONE_ATM,1
ATM02859,BANK006,Karnataka,Bengaluru Urban,Indiranagar,AREA0052,12.975305,77.590532,SHOPPING_MALL_ATM,1
ATM02860,BANK008,Karnataka,Hubballi,Navanagar,AREA0070,15.369725,75.107357,TRANSIT_ATM,1
ATM02861,BANK001,Kerala,Kannur,Pallikkunnu,AREA0132,11.87236,75.359822,BANK_BRANCH_ATM,1
ATM02862,BANK008,Andhra Pradesh,Kurnool,Bellary Road,AREA0179,15.833438,78.018985,BANK_BRANCH_ATM,1
ATM02863,BANK006,Karnataka,Mysuru,Vijayanagar,AREA0056,12.303703,76.609406,TRANSIT_ATM,0
ATM02864,BANK008,Tamil Nadu,Chennai,Adyar,AREA0005,13.087227,80.25831,STANDALONE_ATM,0
ATM02865,BANK005,Tamil Nadu,Vellore,Gandhi Nagar,AREA0038,12.909398,79.129772,SHOPPING_MALL_ATM,0
ATM02866,BANK003,Andhra Pradesh,Rajamahendravaram,Aryapuram,AREA0183,17.007789,81.771488,PETROL_STATION_ATM,1
ATM02867,BANK002,Tamil Nadu,Thanjavur,Palliagraharam,AREA0044,10.786664,79.152284,TRANSIT_ATM,1
ATM02868,BANK002,Karnataka,Tumakuru,Sira Road,AREA0081,13.339395,77.107349,SHOPPING_MALL_ATM,1
ATM02869,BANK002,Andhra Pradesh,Visakhapatnam,Madhurawada,AREA0151,17.699336,83.211137,SHOPPING_MALL_ATM,0
ATM02870,BANK008,Kerala,Ernakulam,Kaloor,AREA0108,9.975548,76.287204,TRANSIT_ATM,1
ATM02871,BANK007,Tamil Nadu,Tirunelveli,Maharaja Nagar,AREA0030,8.728549,77.777566,STANDALONE_ATM,0
ATM02872,BANK004,Karnataka,Mangaluru,Bejai,AREA0064,12.898333,74.859174,PETROL_STATION_ATM,1
ATM02873,BANK003,Andhra Pradesh,Kadapa,RTC Colony,AREA0194,14.460173,78.817515,TRANSIT_ATM,1
ATM02874,BANK007,Kerala,Malappuram,Down Hill,AREA0150,11.05804,76.071736,BANK_BRANCH_ATM,1
ATM02875,BANK006,Karnataka,Tumakuru,Tumkur University Area,AREA0084,13.34505,77.121449,STANDALONE_ATM,1
ATM02876,BANK007,Kerala,Palakkad,Shoranur Road,AREA0139,10.79048,76.662289,TRANSIT_ATM,1
ATM02877,BANK006,Karnataka,Mysuru,Hebbal,AREA0057,12.30783,76.631046,PETROL_STATION_ATM,1
ATM02878,BANK004,Kerala,Kozhikode,Mavoor Road,AREA0112,11.267487,75.773531,STANDALONE_ATM,0
ATM02879,BANK002,Andhra Pradesh,Tirupati,Renigunta Road,AREA0166,13.614074,79.424032,PETROL_STATION_ATM,1
ATM02880,BANK008,Karnataka,Bengaluru Urban,Yelahanka,AREA0055,12.958013,77.578445,BANK_BRANCH_ATM,0
ATM02881,BANK008,Andhra Pradesh,Anantapur,Ramachandra Nagar,AREA0197,14.682618,77.598529,SHOPPING_MALL_ATM,1
ATM02882,BANK002,Kerala,Alappuzha,Ambalappuzha,AREA0130,9.514601,76.325148,TRANSIT_ATM,1
ATM02883,BANK003,Kerala,Palakkad,Shoranur Road,AREA0139,10.790558,76.645309,SHOPPING_MALL_ATM,1
ATM02884,BANK007,Tamil Nadu,Coimbatore,Gandhipuram,AREA0006,10.998525,76.932379,BANK_BRANCH_ATM,1
ATM02885,BANK002,Kerala,Kottayam,Kumaranalloor,AREA0142,9.578344,76.508482,PETROL_STATION_ATM,0
ATM02886,BANK007,Kerala,Palakkad,Puthur,AREA0138,10.763668,76.665174,SHOPPING_MALL_ATM,1
ATM02887,BANK008,Kerala,Ernakulam,Edappally,AREA0107,9.995289,76.262722,BANK_BRANCH_ATM,1
ATM02888,BANK002,Kerala,Kannur,Pallikkunnu,AREA0132,11.865664,75.365209,STANDALONE_ATM,0
ATM02889,BANK003,Kerala,Alappuzha,Kalavoor,AREA0128,9.495187,76.3508,PETROL_STATION_ATM,0
ATM02890,BANK001,Andhra Pradesh,Visakhapatnam,Madhurawada,AREA0151,17.699073,83.222135,STANDALONE_ATM,0
ATM02891,BANK003,Tamil Nadu,Salem,Hasthampatti,AREA0022,11.667524,78.139821,TRANSIT_ATM,0
ATM02892,BANK005,Karnataka,Ballari,Cantonment,AREA0099,15.116113,76.918042,TRANSIT_ATM,1
ATM02893,BANK008,Tamil Nadu,Erode,Karungalpalayam,AREA0035,11.355546,77.709373,STANDALONE_ATM,0
ATM02894,BANK004,Kerala,Kannur,Burnassery,AREA0135,11.870087,75.379594,SHOPPING_MALL_ATM,1
ATM02895,BANK005,Tamil Nadu,Tiruchirappalli,Srirangam,AREA0016,10.785601,78.701777,PETROL_STATION_ATM,1
ATM02896,BANK005,Andhra Pradesh,Kurnool,Budhwarpet,AREA0176,15.837589,78.013871,TRANSIT_ATM,1
ATM02897,BANK006,Karnataka,Udupi,Manipal,AREA0091,13.326911,74.764382,BANK_BRANCH_ATM,0
ATM02898,BANK001,Karnataka,Ballari,Cowl Bazaar,AREA0097,15.148794,76.932488,PETROL_STATION_ATM,1
ATM02899,BANK007,Karnataka,Udupi,Kinnimulki,AREA0093,13.344216,74.746928,STANDALONE_ATM,1
ATM02900,BANK005,Andhra Pradesh,Guntur,Arundelpet,AREA0162,16.299242,80.46185,BANK_BRANCH_ATM,1
ATM02901,BANK006,Andhra Pradesh,Rajamahendravaram,Lalacheruvu,AREA0185,16.985678,81.79549,PETROL_STATION_ATM,0
ATM02902,BANK001,Tamil Nadu,Tiruchirappalli,Thillai Nagar,AREA0017,10.784801,78.696873,BANK_BRANCH_ATM,1
ATM02903,BANK006,Kerala,Kottayam,Kanjikuzhi,AREA0141,9.591191,76.525603,BANK_BRANCH_ATM,1
ATM02904,BANK005,Kerala,Thiruvananthapuram,Kowdiar,AREA0104,8.539505,76.970843,BANK_BRANCH_ATM,0
ATM02905,BANK004,Tamil Nadu,Chennai,Anna Nagar,AREA0001,13.071365,80.278571,TRANSIT_ATM,1
ATM02906,BANK007,Andhra Pradesh,Kakinada,Sarpavaram,AREA0186,16.99001,82.226271,SHOPPING_MALL_ATM,0
ATM02907,BANK007,Andhra Pradesh,Guntur,Brodipet,AREA0161,16.325102,80.43176,TRANSIT_ATM,0
ATM02908,BANK007,Tamil Nadu,Coimbatore,Peelamedu,AREA0008,11.011377,76.974197,TRANSIT_ATM,1
ATM02909,BANK004,Tamil Nadu,Tiruchirappalli,KK Nagar,AREA0020,10.789715,78.718655,STANDALONE_ATM,1
ATM02910,BANK008,Andhra Pradesh,Guntur,Lakshmipuram,AREA0163,16.303771,80.442527,STANDALONE_ATM,1
ATM02911,BANK004,Tamil Nadu,Erode,Perundurai Road,AREA0031,11.339422,77.707554,PETROL_STATION_ATM,1
ATM02912,BANK007,Karnataka,Udupi,Ajjarkad,AREA0094,13.347332,74.751321,SHOPPING_MALL_ATM,0
ATM02913,BANK007,Andhra Pradesh,Kakinada,Bhanugudi,AREA0189,16.989118,82.224247,STANDALONE_ATM,1
ATM02914,BANK005,Tamil Nadu,Erode,Karungalpalayam,AREA0035,11.327379,77.710908,STANDALONE_ATM,0
ATM02915,BANK003,Tamil Nadu,Vellore,Gandhi Nagar,AREA0038,12.933746,79.131864,BANK_BRANCH_ATM,1
ATM02916,BANK002,Andhra Pradesh,Kurnool,Bellary Road,AREA0179,15.845089,78.049552,BANK_BRANCH_ATM,1
ATM02917,BANK003,Karnataka,Kalaburagi,Shah Bazar,AREA0090,17.324246,76.8367,TRANSIT_ATM,1
ATM02918,BANK007,Andhra Pradesh,Vijayawada,Benz Circle,AREA0156,16.515754,80.638919,STANDALONE_ATM,0
ATM02919,BANK002,Tamil Nadu,Thanjavur,Karanthai,AREA0043,10.795548,79.144774,STANDALONE_ATM,0
ATM02920,BANK007,Karnataka,Ballari,Infantry Road,AREA0100,15.129703,76.927164,TRANSIT_ATM,1
ATM02921,BANK007,Tamil Nadu,Tiruchirappalli,Woraiyur,AREA0018,10.789284,78.68869,PETROL_STATION_ATM,1
ATM02922,BANK003,Tamil Nadu,Tirunelveli,Maharaja Nagar,AREA0030,8.707608,77.749999,TRANSIT_ATM,0
ATM02923,BANK007,Tamil Nadu,Thanjavur,Old Town,AREA0045,10.806712,79.124361,PETROL_STATION_ATM,1
ATM02924,BANK008,Andhra Pradesh,Visakhapatnam,Seethammadhara,AREA0155,17.678955,83.223106,TRANSIT_ATM,0
ATM02925,BANK006,Andhra Pradesh,Kurnool,Budhwarpet,AREA0176,15.828736,78.03493,STANDALONE_ATM,1
ATM02926,BANK003,Andhra Pradesh,Anantapur,Ramachandra Nagar,AREA0197,14.679313,77.611828,TRANSIT_ATM,1
ATM02927,BANK001,Karnataka,Mysuru,Kuvempunagar,AREA0058,12.286341,76.626705,PETROL_STATION_ATM,1
ATM02928,BANK008,Kerala,Kozhikode,Kottooli,AREA0115,11.23525,75.774711,STANDALONE_ATM,0
ATM02929,BANK005,Tamil Nadu,Tirunelveli,Melapalayam,AREA0029,8.698479,77.75294,TRANSIT_ATM,1
ATM02930,BANK006,Tamil Nadu,Tirunelveli,Palayamkottai,AREA0026,8.693264,77.752769,BANK_BRANCH_ATM,1
ATM02931,BANK001,Tamil Nadu,Tiruchirappalli,Cantonment,AREA0019,10.79411,78.704163,PETROL_STATION_ATM,1
ATM02932,BANK008,Andhra Pradesh,Kurnool,Budhwarpet,AREA0176,15.835527,78.0508,SHOPPING_MALL_ATM,1
ATM02933,BANK002,Tamil Nadu,Tiruchirappalli,Srirangam,AREA0016,10.793785,78.70445,PETROL_STATION_ATM,1
ATM02934,BANK008,Andhra Pradesh,Kadapa,Nagarajupet,AREA0192,14.472372,78.827809,BANK_BRANCH_ATM,1
ATM02935,BANK003,Andhra Pradesh,Visakhapatnam,Gajuwaka,AREA0152,17.69647,83.219028,PETROL_STATION_ATM,1
ATM02936,BANK005,Andhra Pradesh,Tirupati,MR Palli,AREA0169,13.614311,79.432027,TRANSIT_ATM,0
ATM02937,BANK002,Andhra Pradesh,Kakinada,Jagannaickpur,AREA0187,16.969069,82.256046,PETROL_STATION_ATM,0
ATM02938,BANK002,Andhra Pradesh,Tirupati,Renigunta Road,AREA0166,13.633494,79.424223,STANDALONE_ATM,1
ATM02939,BANK008,Karnataka,Belagavi,Sadashiv Nagar,AREA0073,15.850566,74.525477,BANK_BRANCH_ATM,1
ATM02940,BANK005,Andhra Pradesh,Rajamahendravaram,Lalacheruvu,AREA0185,16.98082,81.78267,PETROL_STATION_ATM,1
ATM02941,BANK001,Kerala,Thiruvananthapuram,Kesavadasapuram,AREA0105,8.53882,76.942018,SHOPPING_MALL_ATM,1
ATM02942,BANK001,Kerala,Ernakulam,Aluva,AREA0110,9.987153,76.314968,TRANSIT_ATM,0
ATM02943,BANK008,Kerala,Kollam,Chinnakada,AREA0123,8.909873,76.623236,PETROL_STATION_ATM,1
ATM02944,BANK008,Andhra Pradesh,Kadapa,Yerramukkapalli,AREA0193,14.491324,78.829434,PETROL_STATION_ATM,0
ATM02945,BANK006,Karnataka,Shivamogga,Gandhi Nagar,AREA0076,13.93899,75.579935,TRANSIT_ATM,0
ATM02946,BANK006,Kerala,Ernakulam,Kaloor,AREA0108,9.997561,76.289251,SHOPPING_MALL_ATM,1
ATM02947,BANK005,Kerala,Kannur,Thalassery,AREA0131,11.85916,75.356596,STANDALONE_ATM,1
ATM02948,BANK001,Tamil Nadu,Tirunelveli,Melapalayam,AREA0029,8.708282,77.768996,PETROL_STATION_ATM,1
ATM02949,BANK005,Andhra Pradesh,Kurnool,Bellary Road,AREA0179,15.865341,78.034459,PETROL_STATION_ATM,1
ATM02950,BANK005,Andhra Pradesh,Kurnool,Ashok Nagar,AREA0178,15.826858,78.021971,BANK_BRANCH_ATM,1
ATM02951,BANK008,Karnataka,Belagavi,Udyambag,AREA0074,15.835489,74.491716,PETROL_STATION_ATM,0
ATM02952,BANK003,Kerala,Malappuram,Perinthalmanna,AREA0148,11.04219,76.080486,PETROL_STATION_ATM,0
ATM02953,BANK001,Andhra Pradesh,Anantapur,Ramachandra Nagar,AREA0197,14.666515,77.587545,SHOPPING_MALL_ATM,1
ATM02954,BANK001,Kerala,Thrissur,Punkunnam,AREA0116,10.531266,76.211713,SHOPPING_MALL_ATM,1
ATM02955,BANK008,Tamil Nadu,Tiruchirappalli,Woraiyur,AREA0018,10.786835,78.716825,BANK_BRANCH_ATM,1
ATM02956,BANK003,Andhra Pradesh,Rajamahendravaram,Dowleswaram,AREA0184,16.985769,81.784423,PETROL_STATION_ATM,1
ATM02957,BANK002,Tamil Nadu,Madurai,Tallakulam,AREA0015,9.919326,78.11859,SHOPPING_MALL_ATM,1
ATM02958,BANK005,Tamil Nadu,Thanjavur,New Bus Stand,AREA0042,10.796821,79.133243,STANDALONE_ATM,1
ATM02959,BANK005,Tamil Nadu,Thanjavur,Karanthai,AREA0043,10.789217,79.133399,SHOPPING_MALL_ATM,1
ATM02960,BANK005,Andhra Pradesh,Visakhapatnam,Dwaraka Nagar,AREA0153,17.662885,83.210004,BANK_BRANCH_ATM,1
ATM02961,BANK002,Kerala,Malappuram,Down Hill,AREA0150,11.044815,76.071419,PETROL_STATION_ATM,1
ATM02962,BANK003,Andhra Pradesh,Kurnool,Ashok Nagar,AREA0178,15.835196,78.035029,PETROL_STATION_ATM,1
ATM02963,BANK003,Andhra Pradesh,Kakinada,Jagannaickpur,AREA0187,16.984324,82.250597,TRANSIT_ATM,0
ATM02964,BANK006,Karnataka,Shivamogga,BH Road,AREA0079,13.929661,75.552628,STANDALONE_ATM,1
ATM02965,BANK005,Andhra Pradesh,Kakinada,Suryaraopeta,AREA0190,17.00618,82.243537,STANDALONE_ATM,1
ATM02966,BANK008,Andhra Pradesh,Kurnool,Budhwarpet,AREA0176,15.82786,78.019664,STANDALONE_ATM,1
ATM02967,BANK001,Karnataka,Shivamogga,Vidya Nagar,AREA0080,13.94283,75.562585,SHOPPING_MALL_ATM,1
ATM02968,BANK002,Kerala,Thiruvananthapuram,Kowdiar,AREA0104,8.542677,76.935784,STANDALONE_ATM,0
ATM02969,BANK003,Kerala,Kollam,Chinnakada,AREA0123,8.899527,76.609613,TRANSIT_ATM,1
ATM02970,BANK007,Karnataka,Mangaluru,Surathkal,AREA0065,12.899396,74.860563,TRANSIT_ATM,1
ATM02971,BANK004,Karnataka,Tumakuru,Ashok Nagar,AREA0083,13.343632,77.074927,TRANSIT_ATM,1
ATM02972,BANK003,Kerala,Kozhikode,Kallai,AREA0113,11.243051,75.793029,STANDALONE_ATM,0
ATM02973,BANK006,Andhra Pradesh,Visakhapatnam,Gajuwaka,AREA0152,17.68136,83.226354,BANK_BRANCH_ATM,1
ATM02974,BANK005,Karnataka,Ballari,Cantonment,AREA0099,15.164276,76.926598,BANK_BRANCH_ATM,0
ATM02975,BANK001,Kerala,Kottayam,Ettumanoor,AREA0145,9.590976,76.513579,STANDALONE_ATM,1
ATM02976,BANK008,Karnataka,Kalaburagi,Shah Bazar,AREA0090,17.332839,76.838804,TRANSIT_ATM,1
ATM02977,BANK008,Tamil Nadu,Vellore,Sathuvachari,AREA0037,12.917113,79.140859,SHOPPING_MALL_ATM,1
ATM02978,BANK008,Karnataka,Hubballi,Keshwapur,AREA0068,15.350968,75.124834,PETROL_STATION_ATM,0
ATM02979,BANK004,Karnataka,Ballari,Gandhinagar,AREA0096,15.138828,76.914409,TRANSIT_ATM,1
ATM02980,BANK007,Andhra Pradesh,Vijayawada,Benz Circle,AREA0156,16.51041,80.633227,TRANSIT_ATM,0
ATM02981,BANK005,Kerala,Malappuram,Manjeri,AREA0147,11.041685,76.105107,STANDALONE_ATM,1
ATM02982,BANK007,Andhra Pradesh,Kakinada,Jagannaickpur,AREA0187,16.984859,82.244957,BANK_BRANCH_ATM,1
ATM02983,BANK005,Andhra Pradesh,Visakhapatnam,MVP Colony,AREA0154,17.691639,83.224624,TRANSIT_ATM,1
ATM02984,BANK007,Kerala,Thiruvananthapuram,Vazhuthacaud,AREA0103,8.514449,76.955051,SHOPPING_MALL_ATM,1
ATM02985,BANK001,Kerala,Palakkad,Olavakkode,AREA0136,10.790795,76.677339,BANK_BRANCH_ATM,1
ATM02986,BANK006,Tamil Nadu,Dindigul,Natham Road,AREA0050,10.382966,77.973594,TRANSIT_ATM,1
ATM02987,BANK005,Andhra Pradesh,Kurnool,Bellary Road,AREA0179,15.813281,78.019881,SHOPPING_MALL_ATM,1
ATM02988,BANK005,Karnataka,Udupi,Kinnimulki,AREA0093,13.315952,74.744505,SHOPPING_MALL_ATM,1
ATM02989,BANK002,Kerala,Kannur,Thalassery,AREA0131,11.866892,75.377268,SHOPPING_MALL_ATM,1
ATM02990,BANK007,Kerala,Thrissur,West Fort,AREA0120,10.520564,76.204613,TRANSIT_ATM,1
ATM02991,BANK004,Kerala,Kottayam,Kanjikuzhi,AREA0141,9.597687,76.548397,PETROL_STATION_ATM,1
ATM02992,BANK004,Andhra Pradesh,Visakhapatnam,Gajuwaka,AREA0152,17.702137,83.224798,PETROL_STATION_ATM,1
ATM02993,BANK006,Andhra Pradesh,Kurnool,Nandyal Road,AREA0177,15.84202,78.042262,STANDALONE_ATM,1
ATM02994,BANK006,Tamil Nadu,Thanjavur,Karanthai,AREA0043,10.760964,79.146367,PETROL_STATION_ATM,1
ATM02995,BANK001,Karnataka,Udupi,Ajjarkad,AREA0094,13.346776,74.75319,BANK_BRANCH_ATM,1
ATM02996,BANK002,Tamil Nadu,Thanjavur,Karanthai,AREA0043,10.779312,79.150886,BANK_BRANCH_ATM,1
ATM02997,BANK007,Tamil Nadu,Tirunelveli,Perumalpuram,AREA0028,8.700005,77.75821,BANK_BRANCH_ATM,1
ATM02998,BANK002,Kerala,Alappuzha,Ambalappuzha,AREA0130,9.497708,76.309254,TRANSIT_ATM,1
ATM02999,BANK006,Tamil Nadu,Salem,Hasthampatti,AREA0022,11.657872,78.151696,STANDALONE_ATM,0
ATM03000,BANK005,Tamil Nadu,Vellore,Sathuvachari,AREA0037,12.91037,79.149626,SHOPPING_MALL_ATM,1
