log_id,alert_id,channel,status,recipient_or_target,simulation,timestamp,extra_info
LOG-000001,ALT-000052,LOG,LOGGED,,False,2026-09-17T08:10:54.608751+00:00,dry_run=False
LOG-000002,ALT-000052,EMAIL,DISABLED,analyst-oncall@cybercrime-analytics.local,False,2026-09-17T08:10:54.608751+00:00,dry_run=False
LOG-000003,ALT-000052,SMS,SIMULATED_DELIVERED,+91-XXXXXXXXXX-LEA,True,2026-09-17T08:10:54.608751+00:00,
LOG-000004,ALT-000052,SMS,SIMULATED_DELIVERED,+91-XXXXXXXXXX-I4C,True,2026-09-17T08:10:54.609390+00:00,
LOG-000005,ALT-000052,WEBHOOK,ERROR,,True,2026-09-17T08:10:54.609915+00:00,Object of type datetime is not JSON serializable
LOG-000006,ALT-000053,LOG,LOGGED,,False,2026-09-17T08:10:54.609915+00:00,dry_run=False
LOG-000007,ALT-000053,EMAIL,DISABLED,analyst-oncall@cybercrime-analytics.local,False,2026-09-17T08:10:54.610439+00:00,dry_run=False
LOG-000008,ALT-000053,SMS,SIMULATED_DELIVERED,+91-XXXXXXXXXX-LEA,True,2026-09-17T08:10:54.610439+00:00,
LOG-000009,ALT-000053,SMS,SIMULATED_DELIVERED,+91-XXXXXXXXXX-I4C,True,2026-09-17T08:10:54.610957+00:00,
LOG-000010,ALT-000053,WEBHOOK,ERROR,,True,2026-09-17T08:10:54.610957+00:00,Object of type datetime is not JSON serializable
LOG-000011,ALT-000054,LOG,LOGGED,,False,2026-09-17T08:10:54.611478+00:00,dry_run=False
LOG-000012,ALT-000054,EMAIL,DISABLED,analyst-oncall@cybercrime-analytics.local,False,2026-09-17T08:10:54.611478+00:00,dry_run=False
LOG-000013,ALT-000054,SMS,SIMULATED_DELIVERED,+91-XXXXXXXXXX-LEA,True,2026-09-17T08:10:54.611997+00:00,
LOG-000014,ALT-000054,SMS,SIMULATED_DELIVERED,+91-XXXXXXXXXX-I4C,True,2026-09-17T08:10:54.611997+00:00,
LOG-000015,ALT-000054,WEBHOOK,ERROR,,True,2026-09-17T08:10:54.611997+00:00,Object of type datetime is not JSON serializable
LOG-000016,ALT-000055,LOG,LOGGED,,False,2026-09-17T08:10:54.612518+00:00,dry_run=False
LOG-000017,ALT-000055,EMAIL,DISABLED,analyst-oncall@cybercrime-analytics.local,False,2026-09-17T08:10:54.613039+00:00,dry_run=False
LOG-000018,ALT-000055,SMS,SIMULATED_DELIVERED,+91-XXXXXXXXXX-LEA,True,2026-09-17T08:10:54.613039+00:00,
LOG-000019,ALT-000055,SMS,SIMULATED_DELIVERED,+91-XXXXXXXXXX-I4C,True,2026-09-17T08:10:54.613039+00:00,
LOG-000020,ALT-000055,WEBHOOK,ERROR,,True,2026-09-17T08:10:54.613562+00:00,Object of type datetime is not JSON serializable
LOG-000021,ALT-000056,LOG,LOGGED,,False,2026-09-17T08:10:54.614085+00:00,dry_run=False
LOG-000022,ALT-000056,EMAIL,DISABLED,analyst-oncall@cybercrime-analytics.local,False,2026-09-17T08:10:54.614085+00:00,dry_run=False
LOG-000023,ALT-000056,SMS,SIMULATED_DELIVERED,+91-XXXXXXXXXX-LEA,True,2026-09-17T08:10:54.614085+00:00,
LOG-000024,ALT-000056,SMS,SIMULATED_DELIVERED,+91-XXXXXXXXXX-I4C,True,2026-09-17T08:10:54.614610+00:00,
LOG-000025,ALT-000056,WEBHOOK,ERROR,,True,2026-09-17T08:10:54.614610+00:00,Object of type datetime is not JSON serializable
LOG-000026,ALT-000057,LOG,LOGGED,,False,2026-09-17T08:10:54.615133+00:00,dry_run=False
LOG-000027,ALT-000057,EMAIL,DISABLED,analyst-oncall@cybercrime-analytics.local,False,2026-09-17T08:10:54.615133+00:00,dry_run=False
LOG-000028,ALT-000057,SMS,SIMULATED_DELIVERED,+91-XXXXXXXXXX-LEA,True,2026-09-17T08:10:54.615718+00:00,
LOG-000029,ALT-000057,SMS,SIMULATED_DELIVERED,+91-XXXXXXXXXX-I4C,True,2026-09-17T08:10:54.615718+00:00,
LOG-000030,ALT-000057,WEBHOOK,ERROR,,True,2026-09-17T08:10:54.615718+00:00,Object of type datetime is not JSON serializable
LOG-000031,ALT-000058,LOG,LOGGED,,False,2026-09-17T08:10:54.616240+00:00,dry_run=False
LOG-000032,ALT-000058,EMAIL,DISABLED,analyst-oncall@cybercrime-analytics.local,False,2026-09-17T08:10:54.616240+00:00,dry_run=False
LOG-000033,ALT-000058,SMS,SIMULATED_DELIVERED,+91-XXXXXXXXXX-LEA,True,2026-09-17T08:10:54.616767+00:00,
LOG-000034,ALT-000058,SMS,SIMULATED_DELIVERED,+91-XXXXXXXXXX-I4C,True,2026-09-17T08:10:54.616767+00:00,
LOG-000035,ALT-000058,WEBHOOK,ERROR,,True,2026-09-17T08:10:54.617292+00:00,Object of type datetime is not JSON serializable
LOG-000036,ALT-000059,LOG,LOGGED,,False,2026-09-17T08:10:54.617292+00:00,dry_run=False
LOG-000037,ALT-000059,EMAIL,DISABLED,analyst-oncall@cybercrime-analytics.local,False,2026-09-17T08:10:54.617814+00:00,dry_run=False
LOG-000038,ALT-000059,SMS,SIMULATED_DELIVERED,+91-XXXXXXXXXX-LEA,True,2026-09-17T08:10:54.617814+00:00,
LOG-000039,ALT-000059,SMS,SIMULATED_DELIVERED,+91-XXXXXXXXXX-I4C,True,2026-09-17T08:10:54.617814+00:00,
LOG-000040,ALT-000059,WEBHOOK,ERROR,,True,2026-09-17T08:10:54.618333+00:00,Object of type datetime is not JSON serializable
LOG-000041,ALT-000060,LOG,LOGGED,,False,2026-09-17T08:10:54.618858+00:00,dry_run=False
LOG-000042,ALT-000060,EMAIL,DISABLED,analyst-oncall@cybercrime-analytics.local,False,2026-09-17T08:10:54.618858+00:00,dry_run=False
LOG-000043,ALT-000060,SMS,SIMULATED_DELIVERED,+91-XXXXXXXXXX-LEA,True,2026-09-17T08:10:54.618858+00:00,
LOG-000044,ALT-000060,SMS,SIMULATED_DELIVERED,+91-XXXXXXXXXX-I4C,True,2026-09-17T08:10:54.619380+00:00,
LOG-000045,ALT-000060,WEBHOOK,ERROR,,True,2026-09-17T08:10:54.619380+00:00,Object of type datetime is not JSON serializable
LOG-000046,ALT-000061,LOG,LOGGED,,False,2026-09-17T08:10:54.619901+00:00,dry_run=False
LOG-000047,ALT-000061,EMAIL,DISABLED,analyst-oncall@cybercrime-analytics.local,False,2026-09-17T08:10:54.619901+00:00,dry_run=False
LOG-000048,ALT-000061,SMS,SIMULATED_DELIVERED,+91-XXXXXXXXXX-LEA,True,2026-09-17T08:10:54.620437+00:00,
LOG-000049,ALT-000061,SMS,SIMULATED_DELIVERED,+91-XXXXXXXXXX-I4C,True,2026-09-17T08:10:54.620437+00:00,
LOG-000050,ALT-000061,WEBHOOK,ERROR,,True,2026-09-17T08:10:54.620437+00:00,Object of type datetime is not JSON serializable
LOG-000051,ALT-000062,LOG,LOGGED,,False,2026-09-17T08:10:54.620963+00:00,dry_run=False
LOG-000052,ALT-000062,EMAIL,DISABLED,analyst-oncall@cybercrime-analytics.local,False,2026-09-17T08:10:54.620963+00:00,dry_run=False
LOG-000053,ALT-000062,SMS,SIMULATED_DELIVERED,+91-XXXXXXXXXX-LEA,True,2026-09-17T08:10:54.621486+00:00,
LOG-000054,ALT-000062,SMS,SIMULATED_DELIVERED,+91-XXXXXXXXXX-I4C,True,2026-09-17T08:10:54.621486+00:00,
LOG-000055,ALT-000062,WEBHOOK,ERROR,,True,2026-09-17T08:10:54.622004+00:00,Object of type datetime is not JSON serializable
LOG-000056,ALT-000063,LOG,LOGGED,,False,2026-09-17T08:10:54.622004+00:00,dry_run=False
LOG-000057,ALT-000063,EMAIL,DISABLED,analyst-oncall@cybercrime-analytics.local,False,2026-09-17T08:10:54.622004+00:00,dry_run=False
LOG-000058,ALT-000063,SMS,SIMULATED_DELIVERED,+91-XXXXXXXXXX-LEA,True,2026-09-17T08:10:54.622575+00:00,
LOG-000059,ALT-000063,SMS,SIMULATED_DELIVERED,+91-XXXXXXXXXX-I4C,True,2026-09-17T08:10:54.622575+00:00,
LOG-000060,ALT-000063,WEBHOOK,ERROR,,True,2026-09-17T08:10:54.623147+00:00,Object of type datetime is not JSON serializable
LOG-000061,ALT-000064,LOG,LOGGED,,False,2026-09-17T08:10:54.623147+00:00,dry_run=False
LOG-000062,ALT-000064,EMAIL,DISABLED,analyst-oncall@cybercrime-analytics.local,False,2026-09-17T08:10:54.623677+00:00,dry_run=False
LOG-000063,ALT-000064,SMS,SIMULATED_DELIVERED,+91-XXXXXXXXXX-LEA,True,2026-09-17T08:10:54.623677+00:00,
LOG-000064,ALT-000064,SMS,SIMULATED_DELIVERED,+91-XXXXXXXXXX-I4C,True,2026-09-17T08:10:54.623677+00:00,
LOG-000065,ALT-000064,WEBHOOK,ERROR,,True,2026-09-17T08:10:54.624199+00:00,Object of type datetime is not JSON serializable
LOG-000066,ALT-000065,LOG,LOGGED,,False,2026-09-17T08:10:54.624199+00:00,dry_run=False
LOG-000067,ALT-000065,EMAIL,DISABLED,analyst-oncall@cybercrime-analytics.local,False,2026-09-17T08:10:54.624725+00:00,dry_run=False
LOG-000068,ALT-000065,SMS,SIMULATED_DELIVERED,+91-XXXXXXXXXX-LEA,True,2026-09-17T08:10:54.624725+00:00,
LOG-000069,ALT-000065,SMS,SIMULATED_DELIVERED,+91-XXXXXXXXXX-I4C,True,2026-09-17T08:10:54.624725+00:00,
LOG-000070,ALT-000065,WEBHOOK,ERROR,,True,2026-09-17T08:10:54.625247+00:00,Object of type datetime is not JSON serializable
LOG-000071,ALT-000066,LOG,LOGGED,,False,2026-09-17T08:10:54.625772+00:00,dry_run=False
LOG-000072,ALT-000066,EMAIL,DISABLED,analyst-oncall@cybercrime-analytics.local,False,2026-09-17T08:10:54.625772+00:00,dry_run=False
LOG-000073,ALT-000066,SMS,SIMULATED_DELIVERED,+91-XXXXXXXXXX-LEA,True,2026-09-17T08:10:54.625772+00:00,
LOG-000074,ALT-000066,SMS,SIMULATED_DELIVERED,+91-XXXXXXXXXX-I4C,True,2026-09-17T08:10:54.626300+00:00,
LOG-000075,ALT-000066,WEBHOOK,ERROR,,True,2026-09-17T08:10:54.626300+00:00,Object of type datetime is not JSON serializable
LOG-000076,ALT-000067,LOG,LOGGED,,False,2026-09-17T08:10:54.626829+00:00,dry_run=False
LOG-000077,ALT-000067,EMAIL,DISABLED,analyst-oncall@cybercrime-analytics.local,False,2026-09-17T08:10:54.627361+00:00,dry_run=False
LOG-000078,ALT-000067,SMS,SIMULATED_DELIVERED,+91-XXXXXXXXXX-LEA,True,2026-09-17T08:10:54.627361+00:00,
LOG-000079,ALT-000067,SMS,SIMULATED_DELIVERED,+91-XXXXXXXXXX-I4C,True,2026-09-17T08:10:54.627361+00:00,
LOG-000080,ALT-000067,WEBHOOK,ERROR,,True,2026-09-17T08:10:54.627888+00:00,Object of type datetime is not JSON serializable
LOG-000081,ALT-000068,LOG,LOGGED,,False,2026-09-17T08:10:54.628410+00:00,dry_run=False
LOG-000082,ALT-000068,EMAIL,DISABLED,analyst-oncall@cybercrime-analytics.local,False,2026-09-17T08:10:54.628410+00:00,dry_run=False
LOG-000083,ALT-000068,SMS,SIMULATED_DELIVERED,+91-XXXXXXXXXX-LEA,True,2026-09-17T08:10:54.628410+00:00,
LOG-000084,ALT-000068,SMS,SIMULATED_DELIVERED,+91-XXXXXXXXXX-I4C,True,2026-09-17T08:10:54.628946+00:00,
LOG-000085,ALT-000068,WEBHOOK,ERROR,,True,2026-09-17T08:10:54.628946+00:00,Object of type datetime is not JSON serializable
LOG-000086,ALT-000069,LOG,LOGGED,,False,2026-09-17T08:10:54.629475+00:00,dry_run=False
LOG-000087,ALT-000069,EMAIL,DISABLED,analyst-oncall@cybercrime-analytics.local,False,2026-09-17T08:10:54.629475+00:00,dry_run=False
LOG-000088,ALT-000069,SMS,SIMULATED_DELIVERED,+91-XXXXXXXXXX-LEA,True,2026-09-17T08:10:54.629475+00:00,
LOG-000089,ALT-000069,SMS,SIMULATED_DELIVERED,+91-XXXXXXXXXX-I4C,True,2026-09-17T08:10:54.629993+00:00,
LOG-000090,ALT-000069,WEBHOOK,ERROR,,True,2026-09-17T08:10:54.629993+00:00,Object of type datetime is not JSON serializable
LOG-000091,ALT-000070,LOG,LOGGED,,False,2026-09-17T08:10:54.630515+00:00,dry_run=False
LOG-000092,ALT-000070,EMAIL,DISABLED,analyst-oncall@cybercrime-analytics.local,False,2026-09-17T08:10:54.630515+00:00,dry_run=False
LOG-000093,ALT-000070,SMS,SIMULATED_DELIVERED,+91-XXXXXXXXXX-LEA,True,2026-09-17T08:10:54.630515+00:00,
LOG-000094,ALT-000070,SMS,SIMULATED_DELIVERED,+91-XXXXXXXXXX-I4C,True,2026-09-17T08:10:54.630515+00:00,
LOG-000095,ALT-000070,WEBHOOK,ERROR,,True,2026-09-17T08:10:54.631037+00:00,Object of type datetime is not JSON serializable
LOG-000096,ALT-000071,LOG,LOGGED,,False,2026-09-17T08:10:54.631037+00:00,dry_run=False
LOG-000097,ALT-000071,EMAIL,DISABLED,analyst-oncall@cybercrime-analytics.local,False,2026-09-17T08:10:54.631037+00:00,dry_run=False
LOG-000098,ALT-000071,SMS,SIMULATED_DELIVERED,+91-XXXXXXXXXX-LEA,True,2026-09-17T08:10:54.631559+00:00,
LOG-000099,ALT-000071,SMS,SIMULATED_DELIVERED,+91-XXXXXXXXXX-I4C,True,2026-09-17T08:10:54.631559+00:00,
LOG-000100,ALT-000071,WEBHOOK,ERROR,,True,2026-09-17T08:10:54.631559+00:00,Object of type datetime is not JSON serializable
LOG-000101,ALT-000072,LOG,LOGGED,,False,2026-09-17T08:10:54.632175+00:00,dry_run=False
LOG-000102,ALT-000072,EMAIL,DISABLED,analyst-oncall@cybercrime-analytics.local,False,2026-09-17T08:10:54.632175+00:00,dry_run=False
LOG-000103,ALT-000072,SMS,SIMULATED_DELIVERED,+91-XXXXXXXXXX-LEA,True,2026-09-17T08:10:54.632695+00:00,
LOG-000104,ALT-000072,SMS,SIMULATED_DELIVERED,+91-XXXXXXXXXX-I4C,True,2026-09-17T08:10:54.632695+00:00,
LOG-000105,ALT-000072,WEBHOOK,ERROR,,True,2026-09-17T08:10:54.633221+00:00,Object of type datetime is not JSON serializable
LOG-000106,ALT-000073,LOG,LOGGED,,False,2026-09-17T08:10:54.633221+00:00,dry_run=False
LOG-000107,ALT-000073,EMAIL,DISABLED,analyst-oncall@cybercrime-analytics.local,False,2026-09-17T08:10:54.633742+00:00,dry_run=False
LOG-000108,ALT-000073,SMS,SIMULATED_DELIVERED,+91-XXXXXXXXXX-LEA,True,2026-09-17T08:10:54.633742+00:00,
LOG-000109,ALT-000073,SMS,SIMULATED_DELIVERED,+91-XXXXXXXXXX-I4C,True,2026-09-17T08:10:54.633742+00:00,
LOG-000110,ALT-000073,WEBHOOK,ERROR,,True,2026-09-17T08:10:54.634260+00:00,Object of type datetime is not JSON serializable
LOG-000111,ALT-000074,LOG,LOGGED,,False,2026-09-17T08:10:54.634260+00:00,dry_run=False
LOG-000112,ALT-000074,EMAIL,DISABLED,analyst-oncall@cybercrime-analytics.local,False,2026-09-17T08:10:54.634780+00:00,dry_run=False
LOG-000113,ALT-000074,SMS,SIMULATED_DELIVERED,+91-XXXXXXXXXX-LEA,True,2026-09-17T08:10:54.634780+00:00,
LOG-000114,ALT-000074,SMS,SIMULATED_DELIVERED,+91-XXXXXXXXXX-I4C,True,2026-09-17T08:10:54.634780+00:00,
LOG-000115,ALT-000074,WEBHOOK,ERROR,,True,2026-09-17T08:10:54.635299+00:00,Object of type datetime is not JSON serializable
LOG-000116,ALT-000075,LOG,LOGGED,,False,2026-09-17T08:10:54.635299+00:00,dry_run=False
LOG-000117,ALT-000075,EMAIL,DISABLED,analyst-oncall@cybercrime-analytics.local,False,2026-09-17T08:10:54.635846+00:00,dry_run=False
LOG-000118,ALT-000075,SMS,SIMULATED_DELIVERED,+91-XXXXXXXXXX-LEA,True,2026-09-17T08:10:54.635846+00:00,
LOG-000119,ALT-000075,SMS,SIMULATED_DELIVERED,+91-XXXXXXXXXX-I4C,True,2026-09-17T08:10:54.636365+00:00,
LOG-000120,ALT-000075,WEBHOOK,ERROR,,True,2026-09-17T08:10:54.636365+00:00,Object of type datetime is not JSON serializable
LOG-000121,ALT-000076,LOG,LOGGED,,False,2026-09-17T08:10:54.636888+00:00,dry_run=False
LOG-000122,ALT-000076,EMAIL,DISABLED,analyst-oncall@cybercrime-analytics.local,False,2026-09-17T08:10:54.636888+00:00,dry_run=False
LOG-000123,ALT-000076,SMS,SIMULATED_DELIVERED,+91-XXXXXXXXXX-LEA,True,2026-09-17T08:10:54.637420+00:00,
LOG-000124,ALT-000076,SMS,SIMULATED_DELIVERED,+91-XXXXXXXXXX-I4C,True,2026-09-17T08:10:54.637420+00:00,
LOG-000125,ALT-000076,WEBHOOK,ERROR,,True,2026-09-17T08:10:54.637420+00:00,Object of type datetime is not JSON serializable
LOG-000126,ALT-000077,LOG,LOGGED,,False,2026-09-17T08:10:54.637420+00:00,dry_run=False
LOG-000127,ALT-000077,EMAIL,DISABLED,analyst-oncall@cybercrime-analytics.local,False,2026-09-17T08:10:54.638426+00:00,dry_run=False
LOG-000128,ALT-000077,SMS,SIMULATED_DELIVERED,+91-XXXXXXXXXX-LEA,True,2026-09-17T08:10:54.638426+00:00,
LOG-000129,ALT-000077,SMS,SIMULATED_DELIVERED,+91-XXXXXXXXXX-I4C,True,2026-09-17T08:10:54.638426+00:00,
LOG-000130,ALT-000077,WEBHOOK,ERROR,,True,2026-09-17T08:10:54.638426+00:00,Object of type datetime is not JSON serializable
LOG-000131,ALT-000078,LOG,LOGGED,,False,2026-09-17T08:10:54.638426+00:00,dry_run=False
LOG-000132,ALT-000078,EMAIL,DISABLED,analyst-oncall@cybercrime-analytics.local,False,2026-09-17T08:10:54.638426+00:00,dry_run=False
LOG-000133,ALT-000078,SMS,SIMULATED_DELIVERED,+91-XXXXXXXXXX-LEA,True,2026-09-17T08:10:54.638426+00:00,
LOG-000134,ALT-000078,SMS,SIMULATED_DELIVERED,+91-XXXXXXXXXX-I4C,True,2026-09-17T08:10:54.639975+00:00,
LOG-000135,ALT-000078,WEBHOOK,ERROR,,True,2026-09-17T08:10:54.639975+00:00,Object of type datetime is not JSON serializable
LOG-000136,ALT-000079,LOG,LOGGED,,False,2026-09-17T08:10:54.639975+00:00,dry_run=False
LOG-000137,ALT-000079,EMAIL,DISABLED,analyst-oncall@cybercrime-analytics.local,False,2026-09-17T08:10:54.639975+00:00,dry_run=False
LOG-000138,ALT-000079,SMS,SIMULATED_DELIVERED,+91-XXXXXXXXXX-LEA,True,2026-09-17T08:10:54.639975+00:00,
LOG-000139,ALT-000079,SMS,SIMULATED_DELIVERED,+91-XXXXXXXXXX-I4C,True,2026-09-17T08:10:54.639975+00:00,
LOG-000140,ALT-000079,WEBHOOK,ERROR,,True,2026-09-17T08:10:54.641226+00:00,Object of type datetime is not JSON serializable
LOG-000141,ALT-000080,LOG,LOGGED,,False,2026-09-17T08:10:54.641226+00:00,dry_run=False
LOG-000142,ALT-000080,EMAIL,DISABLED,analyst-oncall@cybercrime-analytics.local,False,2026-09-17T08:10:54.641226+00:00,dry_run=False
LOG-000143,ALT-000080,SMS,SIMULATED_DELIVERED,+91-XXXXXXXXXX-LEA,True,2026-09-17T08:10:54.641226+00:00,
LOG-000144,ALT-000080,SMS,SIMULATED_DELIVERED,+91-XXXXXXXXXX-I4C,True,2026-09-17T08:10:54.641226+00:00,
LOG-000145,ALT-000080,WEBHOOK,ERROR,,True,2026-09-17T08:10:54.641226+00:00,Object of type datetime is not JSON serializable
LOG-000146,ALT-000081,LOG,LOGGED,,False,2026-09-17T08:10:54.642674+00:00,dry_run=False
LOG-000147,ALT-000081,EMAIL,DISABLED,analyst-oncall@cybercrime-analytics.local,False,2026-09-17T08:10:54.642674+00:00,dry_run=False
LOG-000148,ALT-000081,SMS,SIMULATED_DELIVERED,+91-XXXXXXXXXX-LEA,True,2026-09-17T08:10:54.642674+00:00,
LOG-000149,ALT-000081,SMS,SIMULATED_DELIVERED,+91-XXXXXXXXXX-I4C,True,2026-09-17T08:10:54.642674+00:00,
LOG-000150,ALT-000081,WEBHOOK,ERROR,,True,2026-09-17T08:10:54.642674+00:00,Object of type datetime is not JSON serializable
LOG-000151,ALT-000082,LOG,LOGGED,,False,2026-09-17T08:10:54.642674+00:00,dry_run=False
LOG-000152,ALT-000082,EMAIL,DISABLED,analyst-oncall@cybercrime-analytics.local,False,2026-09-17T08:10:54.642674+00:00,dry_run=False
LOG-000153,ALT-000082,SMS,SIMULATED_DELIVERED,+91-XXXXXXXXXX-LEA,True,2026-09-17T08:10:54.642674+00:00,
LOG-000154,ALT-000082,SMS,SIMULATED_DELIVERED,+91-XXXXXXXXXX-I4C,True,2026-09-17T08:10:54.644071+00:00,
LOG-000155,ALT-000082,WEBHOOK,ERROR,,True,2026-09-17T08:10:54.644071+00:00,Object of type datetime is not JSON serializable
LOG-000156,ALT-000083,LOG,LOGGED,,False,2026-09-17T08:10:54.644071+00:00,dry_run=False
LOG-000157,ALT-000083,EMAIL,DISABLED,analyst-oncall@cybercrime-analytics.local,False,2026-09-17T08:10:54.644071+00:00,dry_run=False
LOG-000158,ALT-000083,SMS,SIMULATED_DELIVERED,+91-XXXXXXXXXX-LEA,True,2026-09-17T08:10:54.644071+00:00,
LOG-000159,ALT-000083,SMS,SIMULATED_DELIVERED,+91-XXXXXXXXXX-I4C,True,2026-09-17T08:10:54.644071+00:00,
LOG-000160,ALT-000083,WEBHOOK,ERROR,,True,2026-09-17T08:10:54.645446+00:00,Object of type datetime is not JSON serializable
LOG-000161,ALT-000084,LOG,LOGGED,,False,2026-09-17T08:10:54.645446+00:00,dry_run=False
LOG-000162,ALT-000084,EMAIL,DISABLED,analyst-oncall@cybercrime-analytics.local,False,2026-09-17T08:10:54.645446+00:00,dry_run=False
LOG-000163,ALT-000084,SMS,SIMULATED_DELIVERED,+91-XXXXXXXXXX-LEA,True,2026-09-17T08:10:54.645446+00:00,
LOG-000164,ALT-000084,SMS,SIMULATED_DELIVERED,+91-XXXXXXXXXX-I4C,True,2026-09-17T08:10:54.645446+00:00,
LOG-000165,ALT-000084,WEBHOOK,ERROR,,True,2026-09-17T08:10:54.645446+00:00,Object of type datetime is not JSON serializable
LOG-000166,ALT-000085,LOG,LOGGED,,False,2026-09-17T08:10:54.646937+00:00,dry_run=False
LOG-000167,ALT-000085,EMAIL,DISABLED,analyst-oncall@cybercrime-analytics.local,False,2026-09-17T08:10:54.646937+00:00,dry_run=False
LOG-000168,ALT-000085,SMS,SIMULATED_DELIVERED,+91-XXXXXXXXXX-LEA,True,2026-09-17T08:10:54.646937+00:00,
LOG-000169,ALT-000085,SMS,SIMULATED_DELIVERED,+91-XXXXXXXXXX-I4C,True,2026-09-17T08:10:54.646937+00:00,
LOG-000170,ALT-000085,WEBHOOK,ERROR,,True,2026-09-17T08:10:54.646937+00:00,Object of type datetime is not JSON serializable
LOG-000171,ALT-000086,LOG,LOGGED,,False,2026-09-17T08:10:54.648070+00:00,dry_run=False
LOG-000172,ALT-000086,EMAIL,DISABLED,analyst-oncall@cybercrime-analytics.local,False,2026-09-17T08:10:54.648070+00:00,dry_run=False
LOG-000173,ALT-000086,SMS,SIMULATED_DELIVERED,+91-XXXXXXXXXX-LEA,True,2026-09-17T08:10:54.648070+00:00,
LOG-000174,ALT-000086,SMS,SIMULATED_DELIVERED,+91-XXXXXXXXXX-I4C,True,2026-09-17T08:10:54.648070+00:00,
LOG-000175,ALT-000086,WEBHOOK,ERROR,,True,2026-09-17T08:10:54.648070+00:00,Object of type datetime is not JSON serializable
LOG-000176,ALT-000087,LOG,LOGGED,,False,2026-09-17T08:10:54.648070+00:00,dry_run=False
LOG-000177,ALT-000087,EMAIL,DISABLED,analyst-oncall@cybercrime-analytics.local,False,2026-09-17T08:10:54.648070+00:00,dry_run=False
LOG-000178,ALT-000087,SMS,SIMULATED_DELIVERED,+91-XXXXXXXXXX-LEA,True,2026-09-17T08:10:54.649558+00:00,
LOG-000179,ALT-000087,SMS,SIMULATED_DELIVERED,+91-XXXXXXXXXX-I4C,True,2026-09-17T08:10:54.649558+00:00,
LOG-000180,ALT-000087,WEBHOOK,ERROR,,True,2026-09-17T08:10:54.649558+00:00,Object of type datetime is not JSON serializable
LOG-000181,ALT-000088,LOG,LOGGED,,False,2026-09-17T08:10:54.649558+00:00,dry_run=False
LOG-000182,ALT-000088,EMAIL,DISABLED,analyst-oncall@cybercrime-analytics.local,False,2026-09-17T08:10:54.649558+00:00,dry_run=False
LOG-000183,ALT-000088,SMS,SIMULATED_DELIVERED,+91-XXXXXXXXXX-LEA,True,2026-09-17T08:10:54.649558+00:00,
LOG-000184,ALT-000088,SMS,SIMULATED_DELIVERED,+91-XXXXXXXXXX-I4C,True,2026-09-17T08:10:54.650812+00:00,
LOG-000185,ALT-000088,WEBHOOK,ERROR,,True,2026-09-17T08:10:54.650812+00:00,Object of type datetime is not JSON serializable
LOG-000186,ALT-000089,LOG,LOGGED,,False,2026-09-17T08:10:54.650812+00:00,dry_run=False
LOG-000187,ALT-000089,EMAIL,DISABLED,analyst-oncall@cybercrime-analytics.local,False,2026-09-17T08:10:54.650812+00:00,dry_run=False
LOG-000188,ALT-000089,SMS,SIMULATED_DELIVERED,+91-XXXXXXXXXX-LEA,True,2026-09-17T08:10:54.650812+00:00,
LOG-000189,ALT-000089,SMS,SIMULATED_DELIVERED,+91-XXXXXXXXXX-I4C,True,2026-09-17T08:10:54.651819+00:00,
LOG-000190,ALT-000089,WEBHOOK,ERROR,,True,2026-09-17T08:10:54.651819+00:00,Object of type datetime is not JSON serializable
LOG-000191,ALT-000090,LOG,LOGGED,,False,2026-09-17T08:10:54.651819+00:00,dry_run=False
LOG-000192,ALT-000090,EMAIL,DISABLED,analyst-oncall@cybercrime-analytics.local,False,2026-09-17T08:10:54.651819+00:00,dry_run=False
LOG-000193,ALT-000090,SMS,SIMULATED_DELIVERED,+91-XXXXXXXXXX-LEA,True,2026-09-17T08:10:54.651819+00:00,
LOG-000194,ALT-000090,SMS,SIMULATED_DELIVERED,+91-XXXXXXXXXX-I4C,True,2026-09-17T08:10:54.652968+00:00,
LOG-000195,ALT-000090,WEBHOOK,ERROR,,True,2026-09-17T08:10:54.652968+00:00,Object of type datetime is not JSON serializable
LOG-000196,ALT-000091,LOG,LOGGED,,False,2026-09-17T08:10:54.652968+00:00,dry_run=False
LOG-000197,ALT-000091,EMAIL,DISABLED,analyst-oncall@cybercrime-analytics.local,False,2026-09-17T08:10:54.652968+00:00,dry_run=False
LOG-000198,ALT-000091,SMS,SIMULATED_DELIVERED,+91-XXXXXXXXXX-LEA,True,2026-09-17T08:10:54.652968+00:00,
LOG-000199,ALT-000091,SMS,SIMULATED_DELIVERED,+91-XXXXXXXXXX-I4C,True,2026-09-17T08:10:54.654043+00:00,
LOG-000200,ALT-000091,WEBHOOK,ERROR,,True,2026-09-17T08:10:54.654043+00:00,Object of type datetime is not JSON serializable
LOG-000201,ALT-000092,LOG,LOGGED,,False,2026-09-17T08:10:54.654043+00:00,dry_run=False
LOG-000202,ALT-000092,EMAIL,DISABLED,analyst-oncall@cybercrime-analytics.local,False,2026-09-17T08:10:54.655054+00:00,dry_run=False
LOG-000203,ALT-000092,SMS,SIMULATED_DELIVERED,+91-XXXXXXXXXX-LEA,True,2026-09-17T08:10:54.655054+00:00,
LOG-000204,ALT-000092,SMS,SIMULATED_DELIVERED,+91-XXXXXXXXXX-I4C,True,2026-09-17T08:10:54.655054+00:00,
LOG-000205,ALT-000092,WEBHOOK,ERROR,,True,2026-09-17T08:10:54.655054+00:00,Object of type datetime is not JSON serializable
LOG-000206,ALT-000093,LOG,LOGGED,,False,2026-09-17T08:10:54.656089+00:00,dry_run=False
LOG-000207,ALT-000093,EMAIL,DISABLED,analyst-oncall@cybercrime-analytics.local,False,2026-09-17T08:10:54.656089+00:00,dry_run=False
LOG-000208,ALT-000093,SMS,SIMULATED_DELIVERED,+91-XXXXXXXXXX-LEA,True,2026-09-17T08:10:54.656089+00:00,
LOG-000209,ALT-000093,SMS,SIMULATED_DELIVERED,+91-XXXXXXXXXX-I4C,True,2026-09-17T08:10:54.656089+00:00,
LOG-000210,ALT-000093,WEBHOOK,ERROR,,True,2026-09-17T08:10:54.656089+00:00,Object of type datetime is not JSON serializable
LOG-000211,ALT-000094,LOG,LOGGED,,False,2026-09-17T08:10:54.657343+00:00,dry_run=False
LOG-000212,ALT-000094,EMAIL,DISABLED,analyst-oncall@cybercrime-analytics.local,False,2026-09-17T08:10:54.657343+00:00,dry_run=False
LOG-000213,ALT-000094,SMS,SIMULATED_DELIVERED,+91-XXXXXXXXXX-LEA,True,2026-09-17T08:10:54.657343+00:00,
LOG-000214,ALT-000094,SMS,SIMULATED_DELIVERED,+91-XXXXXXXXXX-I4C,True,2026-09-17T08:10:54.657343+00:00,
LOG-000215,ALT-000094,WEBHOOK,ERROR,,True,2026-09-17T08:10:54.657343+00:00,Object of type datetime is not JSON serializable
LOG-000216,ALT-000095,LOG,LOGGED,,False,2026-09-17T08:10:54.658350+00:00,dry_run=False
LOG-000217,ALT-000095,EMAIL,DISABLED,analyst-oncall@cybercrime-analytics.local,False,2026-09-17T08:10:54.658350+00:00,dry_run=False
LOG-000218,ALT-000095,SMS,SIMULATED_DELIVERED,+91-XXXXXXXXXX-LEA,True,2026-09-17T08:10:54.658884+00:00,
LOG-000219,ALT-000095,SMS,SIMULATED_DELIVERED,+91-XXXXXXXXXX-I4C,True,2026-09-17T08:10:54.658884+00:00,
LOG-000220,ALT-000095,WEBHOOK,ERROR,,True,2026-09-17T08:10:54.659395+00:00,Object of type datetime is not JSON serializable
LOG-000221,ALT-000096,LOG,LOGGED,,False,2026-09-17T08:10:54.659395+00:00,dry_run=False
LOG-000222,ALT-000096,EMAIL,DISABLED,analyst-oncall@cybercrime-analytics.local,False,2026-09-17T08:10:54.659918+00:00,dry_run=False
LOG-000223,ALT-000096,SMS,SIMULATED_DELIVERED,+91-XXXXXXXXXX-LEA,True,2026-09-17T08:10:54.659918+00:00,
LOG-000224,ALT-000096,SMS,SIMULATED_DELIVERED,+91-XXXXXXXXXX-I4C,True,2026-09-17T08:10:54.659918+00:00,
LOG-000225,ALT-000096,WEBHOOK,ERROR,,True,2026-09-17T08:10:54.660433+00:00,Object of type datetime is not JSON serializable
LOG-000226,ALT-000097,LOG,LOGGED,,False,2026-09-17T08:10:54.660433+00:00,dry_run=False
LOG-000227,ALT-000097,EMAIL,DISABLED,analyst-oncall@cybercrime-analytics.local,False,2026-09-17T08:10:54.660433+00:00,dry_run=False
LOG-000228,ALT-000097,SMS,SIMULATED_DELIVERED,+91-XXXXXXXXXX-LEA,True,2026-09-17T08:10:54.660950+00:00,
LOG-000229,ALT-000097,SMS,SIMULATED_DELIVERED,+91-XXXXXXXXXX-I4C,True,2026-09-17T08:10:54.660950+00:00,
LOG-000230,ALT-000097,WEBHOOK,ERROR,,True,2026-09-17T08:10:54.661475+00:00,Object of type datetime is not JSON serializable
LOG-000231,ALT-000098,LOG,LOGGED,,False,2026-09-17T08:10:54.661475+00:00,dry_run=False
LOG-000232,ALT-000098,EMAIL,DISABLED,analyst-oncall@cybercrime-analytics.local,False,2026-09-17T08:10:54.661994+00:00,dry_run=False
LOG-000233,ALT-000098,SMS,SIMULATED_DELIVERED,+91-XXXXXXXXXX-LEA,True,2026-09-17T08:10:54.661994+00:00,
LOG-000234,ALT-000098,SMS,SIMULATED_DELIVERED,+91-XXXXXXXXXX-I4C,True,2026-09-17T08:10:54.662512+00:00,
LOG-000235,ALT-000098,WEBHOOK,ERROR,,True,2026-09-17T08:10:54.662512+00:00,Object of type datetime is not JSON serializable
LOG-000236,ALT-000099,LOG,LOGGED,,False,2026-09-17T08:10:54.663031+00:00,dry_run=False
LOG-000237,ALT-000099,EMAIL,DISABLED,analyst-oncall@cybercrime-analytics.local,False,2026-09-17T08:10:54.663031+00:00,dry_run=False
LOG-000238,ALT-000099,SMS,SIMULATED_DELIVERED,+91-XXXXXXXXXX-LEA,True,2026-09-17T08:10:54.663031+00:00,
LOG-000239,ALT-000099,SMS,SIMULATED_DELIVERED,+91-XXXXXXXXXX-I4C,True,2026-09-17T08:10:54.663550+00:00,
LOG-000240,ALT-000099,WEBHOOK,ERROR,,True,2026-09-17T08:10:54.663550+00:00,Object of type datetime is not JSON serializable
LOG-000241,ALT-000100,LOG,LOGGED,,False,2026-09-17T08:10:54.664071+00:00,dry_run=False
LOG-000242,ALT-000100,EMAIL,DISABLED,analyst-oncall@cybercrime-analytics.local,False,2026-09-17T08:10:54.664071+00:00,dry_run=False
LOG-000243,ALT-000100,SMS,SIMULATED_DELIVERED,+91-XXXXXXXXXX-LEA,True,2026-09-17T08:10:54.664071+00:00,
LOG-000244,ALT-000100,SMS,SIMULATED_DELIVERED,+91-XXXXXXXXXX-I4C,True,2026-09-17T08:10:54.664596+00:00,
LOG-000245,ALT-000100,WEBHOOK,ERROR,,True,2026-09-17T08:10:54.664596+00:00,Object of type datetime is not JSON serializable
LOG-000246,ALT-000101,LOG,LOGGED,,False,2026-09-17T08:10:54.665122+00:00,dry_run=False
LOG-000247,ALT-000101,EMAIL,DISABLED,analyst-oncall@cybercrime-analytics.local,False,2026-09-17T08:10:54.665122+00:00,dry_run=False
LOG-000248,ALT-000101,SMS,SIMULATED_DELIVERED,+91-XXXXXXXXXX-LEA,True,2026-09-17T08:10:54.665647+00:00,
LOG-000249,ALT-000101,SMS,SIMULATED_DELIVERED,+91-XXXXXXXXXX-I4C,True,2026-09-17T08:10:54.665647+00:00,
LOG-000250,ALT-000101,WEBHOOK,ERROR,,True,2026-09-17T08:10:54.666175+00:00,Object of type datetime is not JSON serializable
LOG-000251,ALT-000102,LOG,LOGGED,,False,2026-09-17T08:10:54.666175+00:00,dry_run=False
LOG-000252,ALT-000102,EMAIL,DISABLED,analyst-oncall@cybercrime-analytics.local,False,2026-09-17T08:10:54.666175+00:00,dry_run=False
LOG-000253,ALT-000102,SMS,SIMULATED_DELIVERED,+91-XXXXXXXXXX-LEA,True,2026-09-17T08:10:54.666693+00:00,
LOG-000254,ALT-000102,SMS,SIMULATED_DELIVERED,+91-XXXXXXXXXX-I4C,True,2026-09-17T08:10:54.666693+00:00,
LOG-000255,ALT-000102,WEBHOOK,ERROR,,True,2026-09-17T08:10:54.667217+00:00,Object of type datetime is not JSON serializable
LOG-000256,TEST-DEBUG-001,LOG,LOGGED,,False,2026-09-17T08:12:21.364332+00:00,dry_run=False
LOG-000257,TEST-DEBUG-001,EMAIL,DISABLED,analyst-oncall@cybercrime-analytics.local,False,2026-09-17T08:12:21.364332+00:00,dry_run=False
LOG-000258,TEST-DEBUG-001,SMS,SIMULATED_DELIVERED,+91-XXXXXXXXXX-LEA,True,2026-09-17T08:12:21.364332+00:00,
LOG-000259,TEST-DEBUG-001,SMS,SIMULATED_DELIVERED,+91-XXXXXXXXXX-I4C,True,2026-09-17T08:12:21.364332+00:00,
LOG-000260,TEST-DEBUG-001,WEBHOOK,SIMULATED_SENT,"LEA_PORTAL, BANK_FMS_SIMULATED",True,2026-09-17T08:12:21.365112+00:00,sev=HIGH score=75
LOG-000261,ALT-000052,LOG,LOGGED,,False,2026-09-17T08:18:06.220359+00:00,dry_run=False
LOG-000262,ALT-000052,EMAIL,DISABLED,analyst-oncall@cybercrime-analytics.local,False,2026-09-17T08:18:06.221221+00:00,dry_run=False
LOG-000263,ALT-000052,SMS,SIMULATED_DELIVERED,+91-XXXXXXXXXX-LEA,True,2026-09-17T08:18:06.221221+00:00,
LOG-000264,ALT-000052,SMS,SIMULATED_DELIVERED,+91-XXXXXXXXXX-I4C,True,2026-09-17T08:18:06.221731+00:00,
LOG-000265,ALT-000052,WEBHOOK,SIMULATED_SENT,"LEA_PORTAL, BANK_FMS_SIMULATED",True,2026-09-17T08:18:06.221731+00:00,sev=HIGH score=61
LOG-000266,ALT-000053,LOG,LOGGED,,False,2026-09-17T08:18:06.222489+00:00,dry_run=False
LOG-000267,ALT-000053,EMAIL,DISABLED,analyst-oncall@cybercrime-analytics.local,False,2026-09-17T08:18:06.222489+00:00,dry_run=False
LOG-000268,ALT-000053,SMS,SIMULATED_DELIVERED,+91-XXXXXXXXXX-LEA,True,2026-09-17T08:18:06.223158+00:00,
LOG-000269,ALT-000053,SMS,SIMULATED_DELIVERED,+91-XXXXXXXXXX-I4C,True,2026-09-17T08:18:06.223158+00:00,
LOG-000270,ALT-000053,WEBHOOK,SIMULATED_SENT,"LEA_PORTAL, BANK_FMS_SIMULATED",True,2026-09-17T08:18:06.223711+00:00,sev=HIGH score=63
LOG-000271,ALT-000054,LOG,LOGGED,,False,2026-09-17T08:18:06.224234+00:00,dry_run=False
LOG-000272,ALT-000054,EMAIL,DISABLED,analyst-oncall@cybercrime-analytics.local,False,2026-09-17T08:18:06.224234+00:00,dry_run=False
LOG-000273,ALT-000054,SMS,SIMULATED_DELIVERED,+91-XXXXXXXXXX-LEA,True,2026-09-17T08:18:06.224776+00:00,
LOG-000274,ALT-000054,SMS,SIMULATED_DELIVERED,+91-XXXXXXXXXX-I4C,True,2026-09-17T08:18:06.224776+00:00,
LOG-000275,ALT-000054,WEBHOOK,SIMULATED_SENT,"LEA_PORTAL, BANK_FMS_SIMULATED",True,2026-09-17T08:18:06.224776+00:00,sev=HIGH score=60
LOG-000276,ALT-000055,LOG,LOGGED,,False,2026-09-17T08:18:06.225297+00:00,dry_run=False
LOG-000277,ALT-000055,EMAIL,DISABLED,analyst-oncall@cybercrime-analytics.local,False,2026-09-17T08:18:06.225818+00:00,dry_run=False
LOG-000278,ALT-000055,SMS,SIMULATED_DELIVERED,+91-XXXXXXXXXX-LEA,True,2026-09-17T08:18:06.225818+00:00,
LOG-000279,ALT-000055,SMS,SIMULATED_DELIVERED,+91-XXXXXXXXXX-I4C,True,2026-09-17T08:18:06.226340+00:00,
LOG-000280,ALT-000055,WEBHOOK,SIMULATED_SENT,"LEA_PORTAL, BANK_FMS_SIMULATED",True,2026-09-17T08:18:06.226340+00:00,sev=HIGH score=61
LOG-000281,ALT-000056,LOG,LOGGED,,False,2026-09-17T08:18:06.226869+00:00,dry_run=False
LOG-000282,ALT-000056,EMAIL,DISABLED,analyst-oncall@cybercrime-analytics.local,False,2026-09-17T08:18:06.226869+00:00,dry_run=False
LOG-000283,ALT-000056,SMS,SIMULATED_DELIVERED,+91-XXXXXXXXXX-LEA,True,2026-09-17T08:18:06.227405+00:00,
LOG-000284,ALT-000056,SMS,SIMULATED_DELIVERED,+91-XXXXXXXXXX-I4C,True,2026-09-17T08:18:06.227405+00:00,
LOG-000285,ALT-000056,WEBHOOK,SIMULATED_SENT,"LEA_PORTAL, BANK_FMS_SIMULATED",True,2026-09-17T08:18:06.227944+00:00,sev=HIGH score=60
LOG-000286,ALT-000057,LOG,LOGGED,,False,2026-09-17T08:18:06.227944+00:00,dry_run=False
LOG-000287,ALT-000057,EMAIL,DISABLED,analyst-oncall@cybercrime-analytics.local,False,2026-09-17T08:18:06.227944+00:00,dry_run=False
LOG-000288,ALT-000057,SMS,SIMULATED_DELIVERED,+91-XXXXXXXXXX-LEA,True,2026-09-17T08:18:06.228469+00:00,
LOG-000289,ALT-000057,SMS,SIMULATED_DELIVERED,+91-XXXXXXXXXX-I4C,True,2026-09-17T08:18:06.228469+00:00,
LOG-000290,ALT-000057,WEBHOOK,SIMULATED_SENT,"LEA_PORTAL, BANK_FMS_SIMULATED",True,2026-09-17T08:18:06.229001+00:00,sev=HIGH score=37
LOG-000291,ALT-000058,LOG,LOGGED,,False,2026-09-17T08:18:06.229001+00:00,dry_run=False
LOG-000292,ALT-000058,EMAIL,DISABLED,analyst-oncall@cybercrime-analytics.local,False,2026-09-17T08:18:06.229529+00:00,dry_run=False
LOG-000293,ALT-000058,SMS,SIMULATED_DELIVERED,+91-XXXXXXXXXX-LEA,True,2026-09-17T08:18:06.229529+00:00,
LOG-000294,ALT-000058,SMS,SIMULATED_DELIVERED,+91-XXXXXXXXXX-I4C,True,2026-09-17T08:18:06.230066+00:00,
LOG-000295,ALT-000058,WEBHOOK,SIMULATED_SENT,"LEA_PORTAL, BANK_FMS_SIMULATED",True,2026-09-17T08:18:06.230066+00:00,sev=HIGH score=38
LOG-000296,ALT-000059,LOG,LOGGED,,False,2026-09-17T08:18:06.230613+00:00,dry_run=False
LOG-000297,ALT-000059,EMAIL,DISABLED,analyst-oncall@cybercrime-analytics.local,False,2026-09-17T08:18:06.230613+00:00,dry_run=False
LOG-000298,ALT-000059,SMS,SIMULATED_DELIVERED,+91-XXXXXXXXXX-LEA,True,2026-09-17T08:18:06.231140+00:00,
LOG-000299,ALT-000059,SMS,SIMULATED_DELIVERED,+91-XXXXXXXXXX-I4C,True,2026-09-17T08:18:06.231140+00:00,
LOG-000300,ALT-000059,WEBHOOK,SIMULATED_SENT,"LEA_PORTAL, BANK_FMS_SIMULATED",True,2026-09-17T08:18:06.231668+00:00,sev=HIGH score=36
LOG-000301,ALT-000060,LOG,LOGGED,,False,2026-09-17T08:18:06.231668+00:00,dry_run=False
LOG-000302,ALT-000060,EMAIL,DISABLED,analyst-oncall@cybercrime-analytics.local,False,2026-09-17T08:18:06.232189+00:00,dry_run=False
LOG-000303,ALT-000060,SMS,SIMULATED_DELIVERED,+91-XXXXXXXXXX-LEA,True,2026-09-17T08:18:06.232189+00:00,
LOG-000304,ALT-000060,SMS,SIMULATED_DELIVERED,+91-XXXXXXXXXX-I4C,True,2026-09-17T08:18:06.232189+00:00,
LOG-000305,ALT-000060,WEBHOOK,SIMULATED_SENT,"LEA_PORTAL, BANK_FMS_SIMULATED",True,2026-09-17T08:18:06.232721+00:00,sev=HIGH score=41
LOG-000306,ALT-000061,LOG,LOGGED,,False,2026-09-17T08:18:06.232721+00:00,dry_run=False
LOG-000307,ALT-000061,EMAIL,DISABLED,analyst-oncall@cybercrime-analytics.local,False,2026-09-17T08:18:06.233248+00:00,dry_run=False
LOG-000308,ALT-000061,SMS,SIMULATED_DELIVERED,+91-XXXXXXXXXX-LEA,True,2026-09-17T08:18:06.233248+00:00,
LOG-000309,ALT-000061,SMS,SIMULATED_DELIVERED,+91-XXXXXXXXXX-I4C,True,2026-09-17T08:18:06.233248+00:00,
LOG-000310,ALT-000061,WEBHOOK,SIMULATED_SENT,"LEA_PORTAL, BANK_FMS_SIMULATED",True,2026-09-17T08:18:06.233779+00:00,sev=HIGH score=31
LOG-000311,ALT-000062,LOG,LOGGED,,False,2026-09-17T08:18:06.234313+00:00,dry_run=False
LOG-000312,ALT-000062,EMAIL,DISABLED,analyst-oncall@cybercrime-analytics.local,False,2026-09-17T08:18:06.234313+00:00,dry_run=False
LOG-000313,ALT-000062,SMS,SIMULATED_DELIVERED,+91-XXXXXXXXXX-LEA,True,2026-09-17T08:18:06.234313+00:00,
LOG-000314,ALT-000062,SMS,SIMULATED_DELIVERED,+91-XXXXXXXXXX-I4C,True,2026-09-17T08:18:06.234836+00:00,
LOG-000315,ALT-000062,WEBHOOK,SIMULATED_SENT,"LEA_PORTAL, BANK_FMS_SIMULATED",True,2026-09-17T08:18:06.234836+00:00,sev=HIGH score=31
LOG-000316,ALT-000063,LOG,LOGGED,,False,2026-09-17T08:18:06.235365+00:00,dry_run=False
LOG-000317,ALT-000063,EMAIL,DISABLED,analyst-oncall@cybercrime-analytics.local,False,2026-09-17T08:18:06.235365+00:00,dry_run=False
LOG-000318,ALT-000063,SMS,SIMULATED_DELIVERED,+91-XXXXXXXXXX-LEA,True,2026-09-17T08:18:06.235365+00:00,
LOG-000319,ALT-000063,SMS,SIMULATED_DELIVERED,+91-XXXXXXXXXX-I4C,True,2026-09-17T08:18:06.235365+00:00,
LOG-000320,ALT-000063,WEBHOOK,SIMULATED_SENT,"LEA_PORTAL, BANK_FMS_SIMULATED",True,2026-09-17T08:18:06.235889+00:00,sev=HIGH score=32
LOG-000321,ALT-000064,LOG,LOGGED,,False,2026-09-17T08:18:06.235889+00:00,dry_run=False
LOG-000322,ALT-000064,EMAIL,DISABLED,analyst-oncall@cybercrime-analytics.local,False,2026-09-17T08:18:06.236419+00:00,dry_run=False
LOG-000323,ALT-000064,SMS,SIMULATED_DELIVERED,+91-XXXXXXXXXX-LEA,True,2026-09-17T08:18:06.236419+00:00,
LOG-000324,ALT-000064,SMS,SIMULATED_DELIVERED,+91-XXXXXXXXXX-I4C,True,2026-09-17T08:18:06.236950+00:00,
LOG-000325,ALT-000064,WEBHOOK,SIMULATED_SENT,"LEA_PORTAL, BANK_FMS_SIMULATED",True,2026-09-17T08:18:06.236950+00:00,sev=HIGH score=34
LOG-000326,ALT-000065,LOG,LOGGED,,False,2026-09-17T08:18:06.237522+00:00,dry_run=False
LOG-000327,ALT-000065,EMAIL,DISABLED,analyst-oncall@cybercrime-analytics.local,False,2026-09-17T08:18:06.237522+00:00,dry_run=False
LOG-000328,ALT-000065,SMS,SIMULATED_DELIVERED,+91-XXXXXXXXXX-LEA,True,2026-09-17T08:18:06.238049+00:00,
LOG-000329,ALT-000065,SMS,SIMULATED_DELIVERED,+91-XXXXXXXXXX-I4C,True,2026-09-17T08:18:06.238049+00:00,
LOG-000330,ALT-000065,WEBHOOK,SIMULATED_SENT,"LEA_PORTAL, BANK_FMS_SIMULATED",True,2026-09-17T08:18:06.238049+00:00,sev=HIGH score=38
LOG-000331,ALT-000066,LOG,LOGGED,,False,2026-09-17T08:18:06.238590+00:00,dry_run=False
LOG-000332,ALT-000066,EMAIL,DISABLED,analyst-oncall@cybercrime-analytics.local,False,2026-09-17T08:18:06.238590+00:00,dry_run=False
LOG-000333,ALT-000066,SMS,SIMULATED_DELIVERED,+91-XXXXXXXXXX-LEA,True,2026-09-17T08:18:06.239114+00:00,
LOG-000334,ALT-000066,SMS,SIMULATED_DELIVERED,+91-XXXXXXXXXX-I4C,True,2026-09-17T08:18:06.239114+00:00,
LOG-000335,ALT-000066,WEBHOOK,SIMULATED_SENT,"LEA_PORTAL, BANK_FMS_SIMULATED",True,2026-09-17T08:18:06.239635+00:00,sev=HIGH score=65
LOG-000336,ALT-000067,LOG,LOGGED,,False,2026-09-17T08:18:06.239635+00:00,dry_run=False
LOG-000337,ALT-000067,EMAIL,DISABLED,analyst-oncall@cybercrime-analytics.local,False,2026-09-17T08:18:06.240162+00:00,dry_run=False
LOG-000338,ALT-000067,SMS,SIMULATED_DELIVERED,+91-XXXXXXXXXX-LEA,True,2026-09-17T08:18:06.240162+00:00,
LOG-000339,ALT-000067,SMS,SIMULATED_DELIVERED,+91-XXXXXXXXXX-I4C,True,2026-09-17T08:18:06.240162+00:00,
LOG-000340,ALT-000067,WEBHOOK,SIMULATED_SENT,"LEA_PORTAL, BANK_FMS_SIMULATED",True,2026-09-17T08:18:06.240691+00:00,sev=HIGH score=30
LOG-000341,ALT-000068,LOG,LOGGED,,False,2026-09-17T08:18:06.241223+00:00,dry_run=False
LOG-000342,ALT-000068,EMAIL,DISABLED,analyst-oncall@cybercrime-analytics.local,False,2026-09-17T08:18:06.241223+00:00,dry_run=False
LOG-000343,ALT-000068,SMS,SIMULATED_DELIVERED,+91-XXXXXXXXXX-LEA,True,2026-09-17T08:18:06.241223+00:00,
LOG-000344,ALT-000068,SMS,SIMULATED_DELIVERED,+91-XXXXXXXXXX-I4C,True,2026-09-17T08:18:06.241757+00:00,
LOG-000345,ALT-000068,WEBHOOK,SIMULATED_SENT,"LEA_PORTAL, BANK_FMS_SIMULATED",True,2026-09-17T08:18:06.242286+00:00,sev=HIGH score=34
LOG-000346,ALT-000069,LOG,LOGGED,,False,2026-09-17T08:18:06.242286+00:00,dry_run=False
LOG-000347,ALT-000069,EMAIL,DISABLED,analyst-oncall@cybercrime-analytics.local,False,2026-09-17T08:18:06.242824+00:00,dry_run=False
LOG-000348,ALT-000069,SMS,SIMULATED_DELIVERED,+91-XXXXXXXXXX-LEA,True,2026-09-17T08:18:06.242824+00:00,
LOG-000349,ALT-000069,SMS,SIMULATED_DELIVERED,+91-XXXXXXXXXX-I4C,True,2026-09-17T08:18:06.243353+00:00,
LOG-000350,ALT-000069,WEBHOOK,SIMULATED_SENT,"LEA_PORTAL, BANK_FMS_SIMULATED",True,2026-09-17T08:18:06.243353+00:00,sev=HIGH score=42
LOG-000351,ALT-000070,LOG,LOGGED,,False,2026-09-17T08:18:06.243877+00:00,dry_run=False
LOG-000352,ALT-000070,EMAIL,DISABLED,analyst-oncall@cybercrime-analytics.local,False,2026-09-17T08:18:06.244415+00:00,dry_run=False
LOG-000353,ALT-000070,SMS,SIMULATED_DELIVERED,+91-XXXXXXXXXX-LEA,True,2026-09-17T08:18:06.244415+00:00,
LOG-000354,ALT-000070,SMS,SIMULATED_DELIVERED,+91-XXXXXXXXXX-I4C,True,2026-09-17T08:18:06.244938+00:00,
LOG-000355,ALT-000070,WEBHOOK,SIMULATED_SENT,"LEA_PORTAL, BANK_FMS_SIMULATED",True,2026-09-17T08:18:06.244938+00:00,sev=HIGH score=52
LOG-000356,ALT-000071,LOG,LOGGED,,False,2026-09-17T08:18:06.245468+00:00,dry_run=False
LOG-000357,ALT-000071,EMAIL,DISABLED,analyst-oncall@cybercrime-analytics.local,False,2026-09-17T08:18:06.245468+00:00,dry_run=False
LOG-000358,ALT-000071,SMS,SIMULATED_DELIVERED,+91-XXXXXXXXXX-LEA,True,2026-09-17T08:18:06.245993+00:00,
LOG-000359,ALT-000071,SMS,SIMULATED_DELIVERED,+91-XXXXXXXXXX-I4C,True,2026-09-17T08:18:06.245993+00:00,
LOG-000360,ALT-000071,WEBHOOK,SIMULATED_SENT,"LEA_PORTAL, BANK_FMS_SIMULATED",True,2026-09-17T08:18:06.245993+00:00,sev=HIGH score=39
LOG-000361,ALT-000072,LOG,LOGGED,,False,2026-09-17T08:18:06.246519+00:00,dry_run=False
LOG-000362,ALT-000072,EMAIL,DISABLED,analyst-oncall@cybercrime-analytics.local,False,2026-09-17T08:18:06.246519+00:00,dry_run=False
LOG-000363,ALT-000072,SMS,SIMULATED_DELIVERED,+91-XXXXXXXXXX-LEA,True,2026-09-17T08:18:06.246519+00:00,
LOG-000364,ALT-000072,SMS,SIMULATED_DELIVERED,+91-XXXXXXXXXX-I4C,True,2026-09-17T08:18:06.247049+00:00,
LOG-000365,ALT-000072,WEBHOOK,SIMULATED_SENT,"LEA_PORTAL, BANK_FMS_SIMULATED",True,2026-09-17T08:18:06.247049+00:00,sev=HIGH score=35
LOG-000366,ALT-000073,LOG,LOGGED,,False,2026-09-17T08:18:06.247575+00:00,dry_run=False
LOG-000367,ALT-000073,EMAIL,DISABLED,analyst-oncall@cybercrime-analytics.local,False,2026-09-17T08:18:06.247575+00:00,dry_run=False
LOG-000368,ALT-000073,SMS,SIMULATED_DELIVERED,+91-XXXXXXXXXX-LEA,True,2026-09-17T08:18:06.248098+00:00,
LOG-000369,ALT-000073,SMS,SIMULATED_DELIVERED,+91-XXXXXXXXXX-I4C,True,2026-09-17T08:18:06.248098+00:00,
LOG-000370,ALT-000073,WEBHOOK,SIMULATED_SENT,"LEA_PORTAL, BANK_FMS_SIMULATED",True,2026-09-17T08:18:06.248622+00:00,sev=HIGH score=27
LOG-000371,ALT-000074,LOG,LOGGED,,False,2026-09-17T08:18:06.248622+00:00,dry_run=False
LOG-000372,ALT-000074,EMAIL,DISABLED,analyst-oncall@cybercrime-analytics.local,False,2026-09-17T08:18:06.248622+00:00,dry_run=False
LOG-000373,ALT-000074,SMS,SIMULATED_DELIVERED,+91-XXXXXXXXXX-LEA,True,2026-09-17T08:18:06.249150+00:00,
LOG-000374,ALT-000074,SMS,SIMULATED_DELIVERED,+91-XXXXXXXXXX-I4C,True,2026-09-17T08:18:06.249150+00:00,
LOG-000375,ALT-000074,WEBHOOK,SIMULATED_SENT,"LEA_PORTAL, BANK_FMS_SIMULATED",True,2026-09-17T08:18:06.249676+00:00,sev=HIGH score=23
LOG-000376,ALT-000075,LOG,LOGGED,,False,2026-09-17T08:18:06.250199+00:00,dry_run=False
LOG-000377,ALT-000075,EMAIL,DISABLED,analyst-oncall@cybercrime-analytics.local,False,2026-09-17T08:18:06.250199+00:00,dry_run=False
LOG-000378,ALT-000075,SMS,SIMULATED_DELIVERED,+91-XXXXXXXXXX-LEA,True,2026-09-17T08:18:06.250199+00:00,
LOG-000379,ALT-000075,SMS,SIMULATED_DELIVERED,+91-XXXXXXXXXX-I4C,True,2026-09-17T08:18:06.250199+00:00,
LOG-000380,ALT-000075,WEBHOOK,SIMULATED_SENT,"LEA_PORTAL, BANK_FMS_SIMULATED",True,2026-09-17T08:18:06.251206+00:00,sev=HIGH score=28
LOG-000381,ALT-000076,LOG,LOGGED,,False,2026-09-17T08:18:06.251206+00:00,dry_run=False
LOG-000382,ALT-000076,EMAIL,DISABLED,analyst-oncall@cybercrime-analytics.local,False,2026-09-17T08:18:06.251206+00:00,dry_run=False
LOG-000383,ALT-000076,SMS,SIMULATED_DELIVERED,+91-XXXXXXXXXX-LEA,True,2026-09-17T08:18:06.251206+00:00,
LOG-000384,ALT-000076,SMS,SIMULATED_DELIVERED,+91-XXXXXXXXXX-I4C,True,2026-09-17T08:18:06.251206+00:00,
LOG-000385,ALT-000076,WEBHOOK,SIMULATED_SENT,"LEA_PORTAL, BANK_FMS_SIMULATED",True,2026-09-17T08:18:06.251206+00:00,sev=HIGH score=37
LOG-000386,ALT-000077,LOG,LOGGED,,False,2026-09-17T08:18:06.252531+00:00,dry_run=False
LOG-000387,ALT-000077,EMAIL,DISABLED,analyst-oncall@cybercrime-analytics.local,False,2026-09-17T08:18:06.252531+00:00,dry_run=False
LOG-000388,ALT-000077,SMS,SIMULATED_DELIVERED,+91-XXXXXXXXXX-LEA,True,2026-09-17T08:18:06.252531+00:00,
LOG-000389,ALT-000077,SMS,SIMULATED_DELIVERED,+91-XXXXXXXXXX-I4C,True,2026-09-17T08:18:06.253540+00:00,
LOG-000390,ALT-000077,WEBHOOK,SIMULATED_SENT,"LEA_PORTAL, BANK_FMS_SIMULATED",True,2026-09-17T08:18:06.253540+00:00,sev=HIGH score=36
LOG-000391,ALT-000078,LOG,LOGGED,,False,2026-09-17T08:18:06.253540+00:00,dry_run=False
LOG-000392,ALT-000078,EMAIL,DISABLED,analyst-oncall@cybercrime-analytics.local,False,2026-09-17T08:18:06.253540+00:00,dry_run=False
LOG-000393,ALT-000078,SMS,SIMULATED_DELIVERED,+91-XXXXXXXXXX-LEA,True,2026-09-17T08:18:06.254543+00:00,
LOG-000394,ALT-000078,SMS,SIMULATED_DELIVERED,+91-XXXXXXXXXX-I4C,True,2026-09-17T08:18:06.254543+00:00,
LOG-000395,ALT-000078,WEBHOOK,SIMULATED_SENT,"LEA_PORTAL, BANK_FMS_SIMULATED",True,2026-09-17T08:18:06.254543+00:00,sev=HIGH score=39
LOG-000396,ALT-000079,LOG,LOGGED,,False,2026-09-17T08:18:06.255539+00:00,dry_run=False
LOG-000397,ALT-000079,EMAIL,DISABLED,analyst-oncall@cybercrime-analytics.local,False,2026-09-17T08:18:06.255539+00:00,dry_run=False
LOG-000398,ALT-000079,SMS,SIMULATED_DELIVERED,+91-XXXXXXXXXX-LEA,True,2026-09-17T08:18:06.255539+00:00,
LOG-000399,ALT-000079,SMS,SIMULATED_DELIVERED,+91-XXXXXXXXXX-I4C,True,2026-09-17T08:18:06.256046+00:00,
LOG-000400,ALT-000079,WEBHOOK,SIMULATED_SENT,"LEA_PORTAL, BANK_FMS_SIMULATED",True,2026-09-17T08:18:06.256046+00:00,sev=HIGH score=40
LOG-000401,ALT-000080,LOG,LOGGED,,False,2026-09-17T08:18:06.256046+00:00,dry_run=False
LOG-000402,ALT-000080,EMAIL,DISABLED,analyst-oncall@cybercrime-analytics.local,False,2026-09-17T08:18:06.257052+00:00,dry_run=False
LOG-000403,ALT-000080,SMS,SIMULATED_DELIVERED,+91-XXXXXXXXXX-LEA,True,2026-09-17T08:18:06.257052+00:00,
LOG-000404,ALT-000080,SMS,SIMULATED_DELIVERED,+91-XXXXXXXXXX-I4C,True,2026-09-17T08:18:06.257052+00:00,
LOG-000405,ALT-000080,WEBHOOK,SIMULATED_SENT,"LEA_PORTAL, BANK_FMS_SIMULATED",True,2026-09-17T08:18:06.257052+00:00,sev=HIGH score=34
LOG-000406,ALT-000081,LOG,LOGGED,,False,2026-09-17T08:18:06.258056+00:00,dry_run=False
LOG-000407,ALT-000081,EMAIL,DISABLED,analyst-oncall@cybercrime-analytics.local,False,2026-09-17T08:18:06.258056+00:00,dry_run=False
LOG-000408,ALT-000081,SMS,SIMULATED_DELIVERED,+91-XXXXXXXXXX-LEA,True,2026-09-17T08:18:06.258056+00:00,
LOG-000409,ALT-000081,SMS,SIMULATED_DELIVERED,+91-XXXXXXXXXX-I4C,True,2026-09-17T08:18:06.258056+00:00,
LOG-000410,ALT-000081,WEBHOOK,SIMULATED_SENT,"LEA_PORTAL, BANK_FMS_SIMULATED",True,2026-09-17T08:18:06.258056+00:00,sev=HIGH score=33
LOG-000411,ALT-000082,LOG,LOGGED,,False,2026-09-17T08:18:06.259055+00:00,dry_run=False
LOG-000412,ALT-000082,EMAIL,DISABLED,analyst-oncall@cybercrime-analytics.local,False,2026-09-17T08:18:06.259055+00:00,dry_run=False
LOG-000413,ALT-000082,SMS,SIMULATED_DELIVERED,+91-XXXXXXXXXX-LEA,True,2026-09-17T08:18:06.259055+00:00,
LOG-000414,ALT-000082,SMS,SIMULATED_DELIVERED,+91-XXXXXXXXXX-I4C,True,2026-09-17T08:18:06.259055+00:00,
LOG-000415,ALT-000082,WEBHOOK,SIMULATED_SENT,"LEA_PORTAL, BANK_FMS_SIMULATED",True,2026-09-17T08:18:06.260054+00:00,sev=HIGH score=36
LOG-000416,ALT-000083,LOG,LOGGED,,False,2026-09-17T08:18:06.260054+00:00,dry_run=False
LOG-000417,ALT-000083,EMAIL,DISABLED,analyst-oncall@cybercrime-analytics.local,False,2026-09-17T08:18:06.260054+00:00,dry_run=False
LOG-000418,ALT-000083,SMS,SIMULATED_DELIVERED,+91-XXXXXXXXXX-LEA,True,2026-09-17T08:18:06.260054+00:00,
LOG-000419,ALT-000083,SMS,SIMULATED_DELIVERED,+91-XXXXXXXXXX-I4C,True,2026-09-17T08:18:06.261054+00:00,
LOG-000420,ALT-000083,WEBHOOK,SIMULATED_SENT,"LEA_PORTAL, BANK_FMS_SIMULATED",True,2026-09-17T08:18:06.261054+00:00,sev=HIGH score=26
LOG-000421,ALT-000084,LOG,LOGGED,,False,2026-09-17T08:18:06.261054+00:00,dry_run=False
LOG-000422,ALT-000084,EMAIL,DISABLED,analyst-oncall@cybercrime-analytics.local,False,2026-09-17T08:18:06.262167+00:00,dry_run=False
LOG-000423,ALT-000084,SMS,SIMULATED_DELIVERED,+91-XXXXXXXXXX-LEA,True,2026-09-17T08:18:06.262167+00:00,
LOG-000424,ALT-000084,SMS,SIMULATED_DELIVERED,+91-XXXXXXXXXX-I4C,True,2026-09-17T08:18:06.262167+00:00,
LOG-000425,ALT-000084,WEBHOOK,SIMULATED_SENT,"LEA_PORTAL, BANK_FMS_SIMULATED",True,2026-09-17T08:18:06.262167+00:00,sev=HIGH score=34
LOG-000426,ALT-000085,LOG,LOGGED,,False,2026-09-17T08:18:06.263168+00:00,dry_run=False
LOG-000427,ALT-000085,EMAIL,DISABLED,analyst-oncall@cybercrime-analytics.local,False,2026-09-17T08:18:06.263168+00:00,dry_run=False
LOG-000428,ALT-000085,SMS,SIMULATED_DELIVERED,+91-XXXXXXXXXX-LEA,True,2026-09-17T08:18:06.263168+00:00,
LOG-000429,ALT-000085,SMS,SIMULATED_DELIVERED,+91-XXXXXXXXXX-I4C,True,2026-09-17T08:18:06.263168+00:00,
LOG-000430,ALT-000085,WEBHOOK,SIMULATED_SENT,"LEA_PORTAL, BANK_FMS_SIMULATED",True,2026-09-17T08:18:06.263168+00:00,sev=HIGH score=30
LOG-000431,ALT-000086,LOG,LOGGED,,False,2026-09-17T08:18:06.264164+00:00,dry_run=False
LOG-000432,ALT-000086,EMAIL,DISABLED,analyst-oncall@cybercrime-analytics.local,False,2026-09-17T08:18:06.264164+00:00,dry_run=False
LOG-000433,ALT-000086,SMS,SIMULATED_DELIVERED,+91-XXXXXXXXXX-LEA,True,2026-09-17T08:18:06.264164+00:00,
LOG-000434,ALT-000086,SMS,SIMULATED_DELIVERED,+91-XXXXXXXXXX-I4C,True,2026-09-17T08:18:06.264164+00:00,
LOG-000435,ALT-000086,WEBHOOK,SIMULATED_SENT,"LEA_PORTAL, BANK_FMS_SIMULATED",True,2026-09-17T08:18:06.264164+00:00,sev=HIGH score=37
LOG-000436,ALT-000087,LOG,LOGGED,,False,2026-09-17T08:18:06.265517+00:00,dry_run=False
LOG-000437,ALT-000087,EMAIL,DISABLED,analyst-oncall@cybercrime-analytics.local,False,2026-09-17T08:18:06.265517+00:00,dry_run=False
LOG-000438,ALT-000087,SMS,SIMULATED_DELIVERED,+91-XXXXXXXXXX-LEA,True,2026-09-17T08:18:06.265517+00:00,
LOG-000439,ALT-000087,SMS,SIMULATED_DELIVERED,+91-XXXXXXXXXX-I4C,True,2026-09-17T08:18:06.265517+00:00,
LOG-000440,ALT-000087,WEBHOOK,SIMULATED_SENT,"LEA_PORTAL, BANK_FMS_SIMULATED",True,2026-09-17T08:18:06.265517+00:00,sev=HIGH score=32
LOG-000441,ALT-000088,LOG,LOGGED,,False,2026-09-17T08:18:06.266525+00:00,dry_run=False
LOG-000442,ALT-000088,EMAIL,DISABLED,analyst-oncall@cybercrime-analytics.local,False,2026-09-17T08:18:06.266525+00:00,dry_run=False
LOG-000443,ALT-000088,SMS,SIMULATED_DELIVERED,+91-XXXXXXXXXX-LEA,True,2026-09-17T08:18:06.266525+00:00,
LOG-000444,ALT-000088,SMS,SIMULATED_DELIVERED,+91-XXXXXXXXXX-I4C,True,2026-09-17T08:18:06.266525+00:00,
LOG-000445,ALT-000088,WEBHOOK,SIMULATED_SENT,"LEA_PORTAL, BANK_FMS_SIMULATED",True,2026-09-17T08:18:06.266525+00:00,sev=HIGH score=30
LOG-000446,ALT-000089,LOG,LOGGED,,False,2026-09-17T08:18:06.267530+00:00,dry_run=False
LOG-000447,ALT-000089,EMAIL,DISABLED,analyst-oncall@cybercrime-analytics.local,False,2026-09-17T08:18:06.267530+00:00,dry_run=False
LOG-000448,ALT-000089,SMS,SIMULATED_DELIVERED,+91-XXXXXXXXXX-LEA,True,2026-09-17T08:18:06.267530+00:00,
LOG-000449,ALT-000089,SMS,SIMULATED_DELIVERED,+91-XXXXXXXXXX-I4C,True,2026-09-17T08:18:06.267530+00:00,
LOG-000450,ALT-000089,WEBHOOK,SIMULATED_SENT,"LEA_PORTAL, BANK_FMS_SIMULATED",True,2026-09-17T08:18:06.268525+00:00,sev=HIGH score=40
LOG-000451,ALT-000090,LOG,LOGGED,,False,2026-09-17T08:18:06.268525+00:00,dry_run=False
LOG-000452,ALT-000090,EMAIL,DISABLED,analyst-oncall@cybercrime-analytics.local,False,2026-09-17T08:18:06.269522+00:00,dry_run=False
LOG-000453,ALT-000090,SMS,SIMULATED_DELIVERED,+91-XXXXXXXXXX-LEA,True,2026-09-17T08:18:06.269522+00:00,
LOG-000454,ALT-000090,SMS,SIMULATED_DELIVERED,+91-XXXXXXXXXX-I4C,True,2026-09-17T08:18:06.269522+00:00,
LOG-000455,ALT-000090,WEBHOOK,SIMULATED_SENT,"LEA_PORTAL, BANK_FMS_SIMULATED",True,2026-09-17T08:18:06.270602+00:00,sev=HIGH score=12
LOG-000456,ALT-000091,LOG,LOGGED,,False,2026-09-17T08:18:06.271114+00:00,dry_run=False
LOG-000457,ALT-000091,EMAIL,DISABLED,analyst-oncall@cybercrime-analytics.local,False,2026-09-17T08:18:06.271114+00:00,dry_run=False
LOG-000458,ALT-000091,SMS,SIMULATED_DELIVERED,+91-XXXXXXXXXX-LEA,True,2026-09-17T08:18:06.271114+00:00,
LOG-000459,ALT-000091,SMS,SIMULATED_DELIVERED,+91-XXXXXXXXXX-I4C,True,2026-09-17T08:18:06.271114+00:00,
LOG-000460,ALT-000091,WEBHOOK,SIMULATED_SENT,"LEA_PORTAL, BANK_FMS_SIMULATED",True,2026-09-17T08:18:06.272125+00:00,sev=HIGH score=28
LOG-000461,ALT-000092,LOG,LOGGED,,False,2026-09-17T08:18:06.272125+00:00,dry_run=False
LOG-000462,ALT-000092,EMAIL,DISABLED,analyst-oncall@cybercrime-analytics.local,False,2026-09-17T08:18:06.272125+00:00,dry_run=False
LOG-000463,ALT-000092,SMS,SIMULATED_DELIVERED,+91-XXXXXXXXXX-LEA,True,2026-09-17T08:18:06.272125+00:00,
LOG-000464,ALT-000092,SMS,SIMULATED_DELIVERED,+91-XXXXXXXXXX-I4C,True,2026-09-17T08:18:06.273125+00:00,
LOG-000465,ALT-000092,WEBHOOK,SIMULATED_SENT,"LEA_PORTAL, BANK_FMS_SIMULATED",True,2026-09-17T08:18:06.273125+00:00,sev=HIGH score=36
LOG-000466,ALT-000093,LOG,LOGGED,,False,2026-09-17T08:18:06.273125+00:00,dry_run=False
LOG-000467,ALT-000093,EMAIL,DISABLED,analyst-oncall@cybercrime-analytics.local,False,2026-09-17T08:18:06.273125+00:00,dry_run=False
LOG-000468,ALT-000093,SMS,SIMULATED_DELIVERED,+91-XXXXXXXXXX-LEA,True,2026-09-17T08:18:06.274127+00:00,
LOG-000469,ALT-000093,SMS,SIMULATED_DELIVERED,+91-XXXXXXXXXX-I4C,True,2026-09-17T08:18:06.274127+00:00,
LOG-000470,ALT-000093,WEBHOOK,SIMULATED_SENT,"LEA_PORTAL, BANK_FMS_SIMULATED",True,2026-09-17T08:18:06.274127+00:00,sev=HIGH score=15
LOG-000471,ALT-000094,LOG,LOGGED,,False,2026-09-17T08:18:06.274127+00:00,dry_run=False
LOG-000472,ALT-000094,EMAIL,DISABLED,analyst-oncall@cybercrime-analytics.local,False,2026-09-17T08:18:06.275124+00:00,dry_run=False
LOG-000473,ALT-000094,SMS,SIMULATED_DELIVERED,+91-XXXXXXXXXX-LEA,True,2026-09-17T08:18:06.275124+00:00,
LOG-000474,ALT-000094,SMS,SIMULATED_DELIVERED,+91-XXXXXXXXXX-I4C,True,2026-09-17T08:18:06.275124+00:00,
LOG-000475,ALT-000094,WEBHOOK,SIMULATED_SENT,"LEA_PORTAL, BANK_FMS_SIMULATED",True,2026-09-17T08:18:06.275124+00:00,sev=HIGH score=44
LOG-000476,ALT-000095,LOG,LOGGED,,False,2026-09-17T08:18:06.275124+00:00,dry_run=False
LOG-000477,ALT-000095,EMAIL,DISABLED,analyst-oncall@cybercrime-analytics.local,False,2026-09-17T08:18:06.275124+00:00,dry_run=False
LOG-000478,ALT-000095,SMS,SIMULATED_DELIVERED,+91-XXXXXXXXXX-LEA,True,2026-09-17T08:18:06.276477+00:00,
LOG-000479,ALT-000095,SMS,SIMULATED_DELIVERED,+91-XXXXXXXXXX-I4C,True,2026-09-17T08:18:06.276477+00:00,
LOG-000480,ALT-000095,WEBHOOK,SIMULATED_SENT,"LEA_PORTAL, BANK_FMS_SIMULATED",True,2026-09-17T08:18:06.276477+00:00,sev=HIGH score=20
LOG-000481,ALT-000096,LOG,LOGGED,,False,2026-09-17T08:18:06.277485+00:00,dry_run=False
LOG-000482,ALT-000096,EMAIL,DISABLED,analyst-oncall@cybercrime-analytics.local,False,2026-09-17T08:18:06.277485+00:00,dry_run=False
LOG-000483,ALT-000096,SMS,SIMULATED_DELIVERED,+91-XXXXXXXXXX-LEA,True,2026-09-17T08:18:06.277485+00:00,
LOG-000484,ALT-000096,SMS,SIMULATED_DELIVERED,+91-XXXXXXXXXX-I4C,True,2026-09-17T08:18:06.277485+00:00,
LOG-000485,ALT-000096,WEBHOOK,SIMULATED_SENT,"LEA_PORTAL, BANK_FMS_SIMULATED",True,2026-09-17T08:18:06.277485+00:00,sev=HIGH score=23
LOG-000486,ALT-000097,LOG,LOGGED,,False,2026-09-17T08:18:06.278533+00:00,dry_run=False
LOG-000487,ALT-000097,EMAIL,DISABLED,analyst-oncall@cybercrime-analytics.local,False,2026-09-17T08:18:06.278533+00:00,dry_run=False
LOG-000488,ALT-000097,SMS,SIMULATED_DELIVERED,+91-XXXXXXXXXX-LEA,True,2026-09-17T08:18:06.278533+00:00,
LOG-000489,ALT-000097,SMS,SIMULATED_DELIVERED,+91-XXXXXXXXXX-I4C,True,2026-09-17T08:18:06.278533+00:00,
LOG-000490,ALT-000097,WEBHOOK,SIMULATED_SENT,"LEA_PORTAL, BANK_FMS_SIMULATED",True,2026-09-17T08:18:06.279540+00:00,sev=HIGH score=29
LOG-000491,ALT-000098,LOG,LOGGED,,False,2026-09-17T08:18:06.279540+00:00,dry_run=False
LOG-000492,ALT-000098,EMAIL,DISABLED,analyst-oncall@cybercrime-analytics.local,False,2026-09-17T08:18:06.279540+00:00,dry_run=False
LOG-000493,ALT-000098,SMS,SIMULATED_DELIVERED,+91-XXXXXXXXXX-LEA,True,2026-09-17T08:18:06.279540+00:00,
LOG-000494,ALT-000098,SMS,SIMULATED_DELIVERED,+91-XXXXXXXXXX-I4C,True,2026-09-17T08:18:06.280541+00:00,
LOG-000495,ALT-000098,WEBHOOK,SIMULATED_SENT,"LEA_PORTAL, BANK_FMS_SIMULATED",True,2026-09-17T08:18:06.280541+00:00,sev=HIGH score=33
LOG-000496,ALT-000099,LOG,LOGGED,,False,2026-09-17T08:18:06.280541+00:00,dry_run=False
LOG-000497,ALT-000099,EMAIL,DISABLED,analyst-oncall@cybercrime-analytics.local,False,2026-09-17T08:18:06.280541+00:00,dry_run=False
LOG-000498,ALT-000099,SMS,SIMULATED_DELIVERED,+91-XXXXXXXXXX-LEA,True,2026-09-17T08:18:06.280541+00:00,
LOG-000499,ALT-000099,SMS,SIMULATED_DELIVERED,+91-XXXXXXXXXX-I4C,True,2026-09-17T08:18:06.281541+00:00,
LOG-000500,ALT-000099,WEBHOOK,SIMULATED_SENT,"LEA_PORTAL, BANK_FMS_SIMULATED",True,2026-09-17T08:18:06.281541+00:00,sev=HIGH score=33
LOG-000501,ALT-000100,LOG,LOGGED,,False,2026-09-17T08:18:06.281541+00:00,dry_run=False
LOG-000502,ALT-000100,EMAIL,DISABLED,analyst-oncall@cybercrime-analytics.local,False,2026-09-17T08:18:06.281541+00:00,dry_run=False
LOG-000503,ALT-000100,SMS,SIMULATED_DELIVERED,+91-XXXXXXXXXX-LEA,True,2026-09-17T08:18:06.281541+00:00,
LOG-000504,ALT-000100,SMS,SIMULATED_DELIVERED,+91-XXXXXXXXXX-I4C,True,2026-09-17T08:18:06.283034+00:00,
LOG-000505,ALT-000100,WEBHOOK,SIMULATED_SENT,"LEA_PORTAL, BANK_FMS_SIMULATED",True,2026-09-17T08:18:06.283034+00:00,sev=HIGH score=37
LOG-000506,ALT-000101,LOG,LOGGED,,False,2026-09-17T08:18:06.283034+00:00,dry_run=False
LOG-000507,ALT-000101,EMAIL,DISABLED,analyst-oncall@cybercrime-analytics.local,False,2026-09-17T08:18:06.283034+00:00,dry_run=False
LOG-000508,ALT-000101,SMS,SIMULATED_DELIVERED,+91-XXXXXXXXXX-LEA,True,2026-09-17T08:18:06.284043+00:00,
LOG-000509,ALT-000101,SMS,SIMULATED_DELIVERED,+91-XXXXXXXXXX-I4C,True,2026-09-17T08:18:06.284043+00:00,
LOG-000510,ALT-000101,WEBHOOK,SIMULATED_SENT,"LEA_PORTAL, BANK_FMS_SIMULATED",True,2026-09-17T08:18:06.284043+00:00,sev=CRITICAL score=91
LOG-000511,ALT-000102,LOG,LOGGED,,False,2026-09-17T08:18:06.284043+00:00,dry_run=False
LOG-000512,ALT-000102,EMAIL,DISABLED,analyst-oncall@cybercrime-analytics.local,False,2026-09-17T08:18:06.285433+00:00,dry_run=False
LOG-000513,ALT-000102,SMS,SIMULATED_DELIVERED,+91-XXXXXXXXXX-LEA,True,2026-09-17T08:18:06.285433+00:00,
LOG-000514,ALT-000102,SMS,SIMULATED_DELIVERED,+91-XXXXXXXXXX-I4C,True,2026-09-17T08:18:06.285433+00:00,
LOG-000515,ALT-000102,WEBHOOK,SIMULATED_SENT,"LEA_PORTAL, BANK_FMS_SIMULATED",True,2026-09-17T08:18:06.285433+00:00,sev=CRITICAL score=88
LOG-000516,ALT-000055,LOG,LOGGED,,False,2026-09-17T12:32:58.457617+00:00,dry_run=True
LOG-000517,ALT-000055,EMAIL,DRY_RUN,analyst-oncall@cybercrime-analytics.local,False,2026-09-17T12:32:58.457617+00:00,dry_run=True
LOG-000518,ALT-000055,SMS,SIMULATED_DELIVERED,+91-XXXXXXXXXX-LEA,True,2026-09-17T12:32:58.457617+00:00,
LOG-000519,ALT-000055,SMS,SIMULATED_DELIVERED,+91-XXXXXXXXXX-I4C,True,2026-09-17T12:32:58.458826+00:00,
LOG-000520,ALT-000055,WEBHOOK,SIMULATED_SENT,"LEA_PORTAL, BANK_FMS_SIMULATED",True,2026-09-17T12:32:58.458826+00:00,sev=HIGH score=61
LOG-000521,ALT-000056,LOG,LOGGED,,False,2026-09-17T12:32:58.458826+00:00,dry_run=True
LOG-000522,ALT-000056,EMAIL,DRY_RUN,analyst-oncall@cybercrime-analytics.local,False,2026-09-17T12:32:58.458826+00:00,dry_run=True
LOG-000523,ALT-000056,SMS,SIMULATED_DELIVERED,+91-XXXXXXXXXX-LEA,True,2026-09-17T12:32:58.459836+00:00,
LOG-000524,ALT-000056,SMS,SIMULATED_DELIVERED,+91-XXXXXXXXXX-I4C,True,2026-09-17T12:32:58.459836+00:00,
LOG-000525,ALT-000056,WEBHOOK,SIMULATED_SENT,"LEA_PORTAL, BANK_FMS_SIMULATED",True,2026-09-17T12:32:58.459836+00:00,sev=HIGH score=63
LOG-000526,ALT-000057,LOG,LOGGED,,False,2026-09-17T12:32:58.459836+00:00,dry_run=True
LOG-000527,ALT-000057,EMAIL,DRY_RUN,analyst-oncall@cybercrime-analytics.local,False,2026-09-17T12:32:58.459836+00:00,dry_run=True
LOG-000528,ALT-000057,SMS,SIMULATED_DELIVERED,+91-XXXXXXXXXX-LEA,True,2026-09-17T12:32:58.460838+00:00,
LOG-000529,ALT-000057,SMS,SIMULATED_DELIVERED,+91-XXXXXXXXXX-I4C,True,2026-09-17T12:32:58.460838+00:00,
LOG-000530,ALT-000057,WEBHOOK,SIMULATED_SENT,"LEA_PORTAL, BANK_FMS_SIMULATED",True,2026-09-17T12:32:58.460838+00:00,sev=HIGH score=60
LOG-000531,ALT-000058,LOG,LOGGED,,False,2026-09-17T12:32:58.460838+00:00,dry_run=True
LOG-000532,ALT-000058,EMAIL,DRY_RUN,analyst-oncall@cybercrime-analytics.local,False,2026-09-17T12:32:58.460838+00:00,dry_run=True
LOG-000533,ALT-000058,SMS,SIMULATED_DELIVERED,+91-XXXXXXXXXX-LEA,True,2026-09-17T12:32:58.461835+00:00,
LOG-000534,ALT-000058,SMS,SIMULATED_DELIVERED,+91-XXXXXXXXXX-I4C,True,2026-09-17T12:32:58.461835+00:00,
LOG-000535,ALT-000058,WEBHOOK,SIMULATED_SENT,"LEA_PORTAL, BANK_FMS_SIMULATED",True,2026-09-17T12:32:58.461835+00:00,sev=HIGH score=61
LOG-000536,ALT-000059,LOG,LOGGED,,False,2026-09-17T12:32:58.461835+00:00,dry_run=True
LOG-000537,ALT-000059,EMAIL,DRY_RUN,analyst-oncall@cybercrime-analytics.local,False,2026-09-17T12:32:58.461835+00:00,dry_run=True
LOG-000538,ALT-000059,SMS,SIMULATED_DELIVERED,+91-XXXXXXXXXX-LEA,True,2026-09-17T12:32:58.462834+00:00,
LOG-000539,ALT-000059,SMS,SIMULATED_DELIVERED,+91-XXXXXXXXXX-I4C,True,2026-09-17T12:32:58.462834+00:00,
LOG-000540,ALT-000059,WEBHOOK,SIMULATED_SENT,"LEA_PORTAL, BANK_FMS_SIMULATED",True,2026-09-17T12:32:58.462834+00:00,sev=HIGH score=60
LOG-000541,ALT-000060,LOG,LOGGED,,False,2026-09-17T12:32:58.462834+00:00,dry_run=True
LOG-000542,ALT-000060,EMAIL,DRY_RUN,analyst-oncall@cybercrime-analytics.local,False,2026-09-17T12:32:58.462834+00:00,dry_run=True
LOG-000543,ALT-000060,SMS,SIMULATED_DELIVERED,+91-XXXXXXXXXX-LEA,True,2026-09-17T12:32:58.462834+00:00,
LOG-000544,ALT-000060,SMS,SIMULATED_DELIVERED,+91-XXXXXXXXXX-I4C,True,2026-09-17T12:32:58.463836+00:00,
LOG-000545,ALT-000060,WEBHOOK,SIMULATED_SENT,"LEA_PORTAL, BANK_FMS_SIMULATED",True,2026-09-17T12:32:58.463836+00:00,sev=HIGH score=37
LOG-000546,ALT-000061,LOG,LOGGED,,False,2026-09-17T12:32:58.463836+00:00,dry_run=True
LOG-000547,ALT-000061,EMAIL,DRY_RUN,analyst-oncall@cybercrime-analytics.local,False,2026-09-17T12:32:58.463836+00:00,dry_run=True
LOG-000548,ALT-000061,SMS,SIMULATED_DELIVERED,+91-XXXXXXXXXX-LEA,True,2026-09-17T12:32:58.464839+00:00,
LOG-000549,ALT-000061,SMS,SIMULATED_DELIVERED,+91-XXXXXXXXXX-I4C,True,2026-09-17T12:32:58.464839+00:00,
LOG-000550,ALT-000061,WEBHOOK,SIMULATED_SENT,"LEA_PORTAL, BANK_FMS_SIMULATED",True,2026-09-17T12:32:58.464839+00:00,sev=HIGH score=38
LOG-000551,ALT-000062,LOG,LOGGED,,False,2026-09-17T12:32:58.464839+00:00,dry_run=True
LOG-000552,ALT-000062,EMAIL,DRY_RUN,analyst-oncall@cybercrime-analytics.local,False,2026-09-17T12:32:58.464839+00:00,dry_run=True
LOG-000553,ALT-000062,SMS,SIMULATED_DELIVERED,+91-XXXXXXXXXX-LEA,True,2026-09-17T12:32:58.465834+00:00,
LOG-000554,ALT-000062,SMS,SIMULATED_DELIVERED,+91-XXXXXXXXXX-I4C,True,2026-09-17T12:32:58.465834+00:00,
LOG-000555,ALT-000062,WEBHOOK,SIMULATED_SENT,"LEA_PORTAL, BANK_FMS_SIMULATED",True,2026-09-17T12:32:58.465834+00:00,sev=HIGH score=36
LOG-000556,ALT-000063,LOG,LOGGED,,False,2026-09-17T12:32:58.465834+00:00,dry_run=True
LOG-000557,ALT-000063,EMAIL,DRY_RUN,analyst-oncall@cybercrime-analytics.local,False,2026-09-17T12:32:58.465834+00:00,dry_run=True
LOG-000558,ALT-000063,SMS,SIMULATED_DELIVERED,+91-XXXXXXXXXX-LEA,True,2026-09-17T12:32:58.465834+00:00,
LOG-000559,ALT-000063,SMS,SIMULATED_DELIVERED,+91-XXXXXXXXXX-I4C,True,2026-09-17T12:32:58.466840+00:00,
LOG-000560,ALT-000063,WEBHOOK,SIMULATED_SENT,"LEA_PORTAL, BANK_FMS_SIMULATED",True,2026-09-17T12:32:58.466840+00:00,sev=HIGH score=41
LOG-000561,ALT-000064,LOG,LOGGED,,False,2026-09-17T12:32:58.466840+00:00,dry_run=True
LOG-000562,ALT-000064,EMAIL,DRY_RUN,analyst-oncall@cybercrime-analytics.local,False,2026-09-17T12:32:58.466840+00:00,dry_run=True
LOG-000563,ALT-000064,SMS,SIMULATED_DELIVERED,+91-XXXXXXXXXX-LEA,True,2026-09-17T12:32:58.466840+00:00,
LOG-000564,ALT-000064,SMS,SIMULATED_DELIVERED,+91-XXXXXXXXXX-I4C,True,2026-09-17T12:32:58.466840+00:00,
LOG-000565,ALT-000064,WEBHOOK,SIMULATED_SENT,"LEA_PORTAL, BANK_FMS_SIMULATED",True,2026-09-17T12:32:58.467835+00:00,sev=HIGH score=31
LOG-000566,ALT-000065,LOG,LOGGED,,False,2026-09-17T12:32:58.467835+00:00,dry_run=True
LOG-000567,ALT-000065,EMAIL,DRY_RUN,analyst-oncall@cybercrime-analytics.local,False,2026-09-17T12:32:58.467835+00:00,dry_run=True
LOG-000568,ALT-000065,SMS,SIMULATED_DELIVERED,+91-XXXXXXXXXX-LEA,True,2026-09-17T12:32:58.467835+00:00,
LOG-000569,ALT-000065,SMS,SIMULATED_DELIVERED,+91-XXXXXXXXXX-I4C,True,2026-09-17T12:32:58.467835+00:00,
LOG-000570,ALT-000065,WEBHOOK,SIMULATED_SENT,"LEA_PORTAL, BANK_FMS_SIMULATED",True,2026-09-17T12:32:58.467835+00:00,sev=HIGH score=31
LOG-000571,ALT-000066,LOG,LOGGED,,False,2026-09-17T12:32:58.468844+00:00,dry_run=True
LOG-000572,ALT-000066,EMAIL,DRY_RUN,analyst-oncall@cybercrime-analytics.local,False,2026-09-17T12:32:58.468844+00:00,dry_run=True
LOG-000573,ALT-000066,SMS,SIMULATED_DELIVERED,+91-XXXXXXXXXX-LEA,True,2026-09-17T12:32:58.468844+00:00,
LOG-000574,ALT-000066,SMS,SIMULATED_DELIVERED,+91-XXXXXXXXXX-I4C,True,2026-09-17T12:32:58.468844+00:00,
LOG-000575,ALT-000066,WEBHOOK,SIMULATED_SENT,"LEA_PORTAL, BANK_FMS_SIMULATED",True,2026-09-17T12:32:58.468844+00:00,sev=HIGH score=32
LOG-000576,ALT-000067,LOG,LOGGED,,False,2026-09-17T12:32:58.469840+00:00,dry_run=True
LOG-000577,ALT-000067,EMAIL,DRY_RUN,analyst-oncall@cybercrime-analytics.local,False,2026-09-17T12:32:58.469840+00:00,dry_run=True
LOG-000578,ALT-000067,SMS,SIMULATED_DELIVERED,+91-XXXXXXXXXX-LEA,True,2026-09-17T12:32:58.469840+00:00,
LOG-000579,ALT-000067,SMS,SIMULATED_DELIVERED,+91-XXXXXXXXXX-I4C,True,2026-09-17T12:32:58.469840+00:00,
LOG-000580,ALT-000067,WEBHOOK,SIMULATED_SENT,"LEA_PORTAL, BANK_FMS_SIMULATED",True,2026-09-17T12:32:58.469840+00:00,sev=HIGH score=34
LOG-000581,ALT-000068,LOG,LOGGED,,False,2026-09-17T12:32:58.470841+00:00,dry_run=True
LOG-000582,ALT-000068,EMAIL,DRY_RUN,analyst-oncall@cybercrime-analytics.local,False,2026-09-17T12:32:58.470841+00:00,dry_run=True
LOG-000583,ALT-000068,SMS,SIMULATED_DELIVERED,+91-XXXXXXXXXX-LEA,True,2026-09-17T12:32:58.470841+00:00,
LOG-000584,ALT-000068,SMS,SIMULATED_DELIVERED,+91-XXXXXXXXXX-I4C,True,2026-09-17T12:32:58.470841+00:00,
LOG-000585,ALT-000068,WEBHOOK,SIMULATED_SENT,"LEA_PORTAL, BANK_FMS_SIMULATED",True,2026-09-17T12:32:58.471843+00:00,sev=HIGH score=38
LOG-000586,ALT-000069,LOG,LOGGED,,False,2026-09-17T12:32:58.471843+00:00,dry_run=True
LOG-000587,ALT-000069,EMAIL,DRY_RUN,analyst-oncall@cybercrime-analytics.local,False,2026-09-17T12:32:58.471843+00:00,dry_run=True
LOG-000588,ALT-000069,SMS,SIMULATED_DELIVERED,+91-XXXXXXXXXX-LEA,True,2026-09-17T12:32:58.471843+00:00,
LOG-000589,ALT-000069,SMS,SIMULATED_DELIVERED,+91-XXXXXXXXXX-I4C,True,2026-09-17T12:32:58.471843+00:00,
LOG-000590,ALT-000069,WEBHOOK,SIMULATED_SENT,"LEA_PORTAL, BANK_FMS_SIMULATED",True,2026-09-17T12:32:58.471843+00:00,sev=HIGH score=65
LOG-000591,ALT-000070,LOG,LOGGED,,False,2026-09-17T12:32:58.471843+00:00,dry_run=True
LOG-000592,ALT-000070,EMAIL,DRY_RUN,analyst-oncall@cybercrime-analytics.local,False,2026-09-17T12:32:58.471843+00:00,dry_run=True
LOG-000593,ALT-000070,SMS,SIMULATED_DELIVERED,+91-XXXXXXXXXX-LEA,True,2026-09-17T12:32:58.473093+00:00,
LOG-000594,ALT-000070,SMS,SIMULATED_DELIVERED,+91-XXXXXXXXXX-I4C,True,2026-09-17T12:32:58.473093+00:00,
LOG-000595,ALT-000070,WEBHOOK,SIMULATED_SENT,"LEA_PORTAL, BANK_FMS_SIMULATED",True,2026-09-17T12:32:58.473601+00:00,sev=HIGH score=30
LOG-000596,ALT-000071,LOG,LOGGED,,False,2026-09-17T12:32:58.473601+00:00,dry_run=True
LOG-000597,ALT-000071,EMAIL,DRY_RUN,analyst-oncall@cybercrime-analytics.local,False,2026-09-17T12:32:58.473601+00:00,dry_run=True
LOG-000598,ALT-000071,SMS,SIMULATED_DELIVERED,+91-XXXXXXXXXX-LEA,True,2026-09-17T12:32:58.473601+00:00,
LOG-000599,ALT-000071,SMS,SIMULATED_DELIVERED,+91-XXXXXXXXXX-I4C,True,2026-09-17T12:32:58.473601+00:00,
LOG-000600,ALT-000071,WEBHOOK,SIMULATED_SENT,"LEA_PORTAL, BANK_FMS_SIMULATED",True,2026-09-17T12:32:58.473601+00:00,sev=HIGH score=34
LOG-000601,ALT-000072,LOG,LOGGED,,False,2026-09-17T12:32:58.474610+00:00,dry_run=True
LOG-000602,ALT-000072,EMAIL,DRY_RUN,analyst-oncall@cybercrime-analytics.local,False,2026-09-17T12:32:58.474610+00:00,dry_run=True
LOG-000603,ALT-000072,SMS,SIMULATED_DELIVERED,+91-XXXXXXXXXX-LEA,True,2026-09-17T12:32:58.474610+00:00,
LOG-000604,ALT-000072,SMS,SIMULATED_DELIVERED,+91-XXXXXXXXXX-I4C,True,2026-09-17T12:32:58.474610+00:00,
LOG-000605,ALT-000072,WEBHOOK,SIMULATED_SENT,"LEA_PORTAL, BANK_FMS_SIMULATED",True,2026-09-17T12:32:58.474610+00:00,sev=HIGH score=42
LOG-000606,ALT-000073,LOG,LOGGED,,False,2026-09-17T12:32:58.474610+00:00,dry_run=True
LOG-000607,ALT-000073,EMAIL,DRY_RUN,analyst-oncall@cybercrime-analytics.local,False,2026-09-17T12:32:58.474610+00:00,dry_run=True
LOG-000608,ALT-000073,SMS,SIMULATED_DELIVERED,+91-XXXXXXXXXX-LEA,True,2026-09-17T12:32:58.475629+00:00,
LOG-000609,ALT-000073,SMS,SIMULATED_DELIVERED,+91-XXXXXXXXXX-I4C,True,2026-09-17T12:32:58.475629+00:00,
LOG-000610,ALT-000073,WEBHOOK,SIMULATED_SENT,"LEA_PORTAL, BANK_FMS_SIMULATED",True,2026-09-17T12:32:58.475629+00:00,sev=HIGH score=52
LOG-000611,ALT-000074,LOG,LOGGED,,False,2026-09-17T12:32:58.475629+00:00,dry_run=True
LOG-000612,ALT-000074,EMAIL,DRY_RUN,analyst-oncall@cybercrime-analytics.local,False,2026-09-17T12:32:58.475629+00:00,dry_run=True
LOG-000613,ALT-000074,SMS,SIMULATED_DELIVERED,+91-XXXXXXXXXX-LEA,True,2026-09-17T12:32:58.475629+00:00,
LOG-000614,ALT-000074,SMS,SIMULATED_DELIVERED,+91-XXXXXXXXXX-I4C,True,2026-09-17T12:32:58.475629+00:00,
LOG-000615,ALT-000074,WEBHOOK,SIMULATED_SENT,"LEA_PORTAL, BANK_FMS_SIMULATED",True,2026-09-17T12:32:58.476612+00:00,sev=HIGH score=39
LOG-000616,ALT-000075,LOG,LOGGED,,False,2026-09-17T12:32:58.476612+00:00,dry_run=True
LOG-000617,ALT-000075,EMAIL,DRY_RUN,analyst-oncall@cybercrime-analytics.local,False,2026-09-17T12:32:58.476612+00:00,dry_run=True
LOG-000618,ALT-000075,SMS,SIMULATED_DELIVERED,+91-XXXXXXXXXX-LEA,True,2026-09-17T12:32:58.476612+00:00,
LOG-000619,ALT-000075,SMS,SIMULATED_DELIVERED,+91-XXXXXXXXXX-I4C,True,2026-09-17T12:32:58.476612+00:00,
LOG-000620,ALT-000075,WEBHOOK,SIMULATED_SENT,"LEA_PORTAL, BANK_FMS_SIMULATED",True,2026-09-17T12:32:58.476612+00:00,sev=HIGH score=35
LOG-000621,ALT-000076,LOG,LOGGED,,False,2026-09-17T12:32:58.476612+00:00,dry_run=True
LOG-000622,ALT-000076,EMAIL,DRY_RUN,analyst-oncall@cybercrime-analytics.local,False,2026-09-17T12:32:58.476612+00:00,dry_run=True
LOG-000623,ALT-000076,SMS,SIMULATED_DELIVERED,+91-XXXXXXXXXX-LEA,True,2026-09-17T12:32:58.476612+00:00,
LOG-000624,ALT-000076,SMS,SIMULATED_DELIVERED,+91-XXXXXXXXXX-I4C,True,2026-09-17T12:32:58.477962+00:00,
LOG-000625,ALT-000076,WEBHOOK,SIMULATED_SENT,"LEA_PORTAL, BANK_FMS_SIMULATED",True,2026-09-17T12:32:58.477962+00:00,sev=HIGH score=27
LOG-000626,ALT-000077,LOG,LOGGED,,False,2026-09-17T12:32:58.477962+00:00,dry_run=True
LOG-000627,ALT-000077,EMAIL,DRY_RUN,analyst-oncall@cybercrime-analytics.local,False,2026-09-17T12:32:58.477962+00:00,dry_run=True
LOG-000628,ALT-000077,SMS,SIMULATED_DELIVERED,+91-XXXXXXXXXX-LEA,True,2026-09-17T12:32:58.477962+00:00,
LOG-000629,ALT-000077,SMS,SIMULATED_DELIVERED,+91-XXXXXXXXXX-I4C,True,2026-09-17T12:32:58.477962+00:00,
LOG-000630,ALT-000077,WEBHOOK,SIMULATED_SENT,"LEA_PORTAL, BANK_FMS_SIMULATED",True,2026-09-17T12:32:58.479256+00:00,sev=HIGH score=23
LOG-000631,ALT-000078,LOG,LOGGED,,False,2026-09-17T12:32:58.479256+00:00,dry_run=True
LOG-000632,ALT-000078,EMAIL,DRY_RUN,analyst-oncall@cybercrime-analytics.local,False,2026-09-17T12:32:58.479256+00:00,dry_run=True
LOG-000633,ALT-000078,SMS,SIMULATED_DELIVERED,+91-XXXXXXXXXX-LEA,True,2026-09-17T12:32:58.479256+00:00,
LOG-000634,ALT-000078,SMS,SIMULATED_DELIVERED,+91-XXXXXXXXXX-I4C,True,2026-09-17T12:32:58.479256+00:00,
LOG-000635,ALT-000078,WEBHOOK,SIMULATED_SENT,"LEA_PORTAL, BANK_FMS_SIMULATED",True,2026-09-17T12:32:58.479256+00:00,sev=HIGH score=28
LOG-000636,ALT-000079,LOG,LOGGED,,False,2026-09-17T12:32:58.480270+00:00,dry_run=True
LOG-000637,ALT-000079,EMAIL,DRY_RUN,analyst-oncall@cybercrime-analytics.local,False,2026-09-17T12:32:58.480270+00:00,dry_run=True
LOG-000638,ALT-000079,SMS,SIMULATED_DELIVERED,+91-XXXXXXXXXX-LEA,True,2026-09-17T12:32:58.480270+00:00,
LOG-000639,ALT-000079,SMS,SIMULATED_DELIVERED,+91-XXXXXXXXXX-I4C,True,2026-09-17T12:32:58.480270+00:00,
LOG-000640,ALT-000079,WEBHOOK,SIMULATED_SENT,"LEA_PORTAL, BANK_FMS_SIMULATED",True,2026-09-17T12:32:58.480270+00:00,sev=HIGH score=37
LOG-000641,ALT-000080,LOG,LOGGED,,False,2026-09-17T12:32:58.480270+00:00,dry_run=True
LOG-000642,ALT-000080,EMAIL,DRY_RUN,analyst-oncall@cybercrime-analytics.local,False,2026-09-17T12:32:58.480270+00:00,dry_run=True
LOG-000643,ALT-000080,SMS,SIMULATED_DELIVERED,+91-XXXXXXXXXX-LEA,True,2026-09-17T12:32:58.480270+00:00,
LOG-000644,ALT-000080,SMS,SIMULATED_DELIVERED,+91-XXXXXXXXXX-I4C,True,2026-09-17T12:32:58.481263+00:00,
LOG-000645,ALT-000080,WEBHOOK,SIMULATED_SENT,"LEA_PORTAL, BANK_FMS_SIMULATED",True,2026-09-17T12:32:58.481263+00:00,sev=HIGH score=36
LOG-000646,ALT-000081,LOG,LOGGED,,False,2026-09-17T12:32:58.481263+00:00,dry_run=True
LOG-000647,ALT-000081,EMAIL,DRY_RUN,analyst-oncall@cybercrime-analytics.local,False,2026-09-17T12:32:58.481263+00:00,dry_run=True
LOG-000648,ALT-000081,SMS,SIMULATED_DELIVERED,+91-XXXXXXXXXX-LEA,True,2026-09-17T12:32:58.481263+00:00,
LOG-000649,ALT-000081,SMS,SIMULATED_DELIVERED,+91-XXXXXXXXXX-I4C,True,2026-09-17T12:32:58.481263+00:00,
LOG-000650,ALT-000081,WEBHOOK,SIMULATED_SENT,"LEA_PORTAL, BANK_FMS_SIMULATED",True,2026-09-17T12:32:58.481263+00:00,sev=HIGH score=39
LOG-000651,ALT-000082,LOG,LOGGED,,False,2026-09-17T12:32:58.481263+00:00,dry_run=True
LOG-000652,ALT-000082,EMAIL,DRY_RUN,analyst-oncall@cybercrime-analytics.local,False,2026-09-17T12:32:58.481263+00:00,dry_run=True
LOG-000653,ALT-000082,SMS,SIMULATED_DELIVERED,+91-XXXXXXXXXX-LEA,True,2026-09-17T12:32:58.481263+00:00,
LOG-000654,ALT-000082,SMS,SIMULATED_DELIVERED,+91-XXXXXXXXXX-I4C,True,2026-09-17T12:32:58.482770+00:00,
LOG-000655,ALT-000082,WEBHOOK,SIMULATED_SENT,"LEA_PORTAL, BANK_FMS_SIMULATED",True,2026-09-17T12:32:58.482770+00:00,sev=HIGH score=40
LOG-000656,ALT-000083,LOG,LOGGED,,False,2026-09-17T12:32:58.482770+00:00,dry_run=True
LOG-000657,ALT-000083,EMAIL,DRY_RUN,analyst-oncall@cybercrime-analytics.local,False,2026-09-17T12:32:58.482770+00:00,dry_run=True
LOG-000658,ALT-000083,SMS,SIMULATED_DELIVERED,+91-XXXXXXXXXX-LEA,True,2026-09-17T12:32:58.482770+00:00,
LOG-000659,ALT-000083,SMS,SIMULATED_DELIVERED,+91-XXXXXXXXXX-I4C,True,2026-09-17T12:32:58.482770+00:00,
LOG-000660,ALT-000083,WEBHOOK,SIMULATED_SENT,"LEA_PORTAL, BANK_FMS_SIMULATED",True,2026-09-17T12:32:58.482770+00:00,sev=HIGH score=34
LOG-000661,ALT-000084,LOG,LOGGED,,False,2026-09-17T12:32:58.483991+00:00,dry_run=True
LOG-000662,ALT-000084,EMAIL,DRY_RUN,analyst-oncall@cybercrime-analytics.local,False,2026-09-17T12:32:58.483991+00:00,dry_run=True
LOG-000663,ALT-000084,SMS,SIMULATED_DELIVERED,+91-XXXXXXXXXX-LEA,True,2026-09-17T12:32:58.483991+00:00,
LOG-000664,ALT-000084,SMS,SIMULATED_DELIVERED,+91-XXXXXXXXXX-I4C,True,2026-09-17T12:32:58.483991+00:00,
LOG-000665,ALT-000084,WEBHOOK,SIMULATED_SENT,"LEA_PORTAL, BANK_FMS_SIMULATED",True,2026-09-17T12:32:58.484998+00:00,sev=HIGH score=33
LOG-000666,ALT-000085,LOG,LOGGED,,False,2026-09-17T12:32:58.484998+00:00,dry_run=True
LOG-000667,ALT-000085,EMAIL,DRY_RUN,analyst-oncall@cybercrime-analytics.local,False,2026-09-17T12:32:58.484998+00:00,dry_run=True
LOG-000668,ALT-000085,SMS,SIMULATED_DELIVERED,+91-XXXXXXXXXX-LEA,True,2026-09-17T12:32:58.484998+00:00,
LOG-000669,ALT-000085,SMS,SIMULATED_DELIVERED,+91-XXXXXXXXXX-I4C,True,2026-09-17T12:32:58.484998+00:00,
LOG-000670,ALT-000085,WEBHOOK,SIMULATED_SENT,"LEA_PORTAL, BANK_FMS_SIMULATED",True,2026-09-17T12:32:58.484998+00:00,sev=HIGH score=36
LOG-000671,ALT-000086,LOG,LOGGED,,False,2026-09-17T12:32:58.486000+00:00,dry_run=True
LOG-000672,ALT-000086,EMAIL,DRY_RUN,analyst-oncall@cybercrime-analytics.local,False,2026-09-17T12:32:58.486000+00:00,dry_run=True
LOG-000673,ALT-000086,SMS,SIMULATED_DELIVERED,+91-XXXXXXXXXX-LEA,True,2026-09-17T12:32:58.486000+00:00,
LOG-000674,ALT-000086,SMS,SIMULATED_DELIVERED,+91-XXXXXXXXXX-I4C,True,2026-09-17T12:32:58.486000+00:00,
LOG-000675,ALT-000086,WEBHOOK,SIMULATED_SENT,"LEA_PORTAL, BANK_FMS_SIMULATED",True,2026-09-17T12:32:58.486000+00:00,sev=HIGH score=26
LOG-000676,ALT-000087,LOG,LOGGED,,False,2026-09-17T12:32:58.486000+00:00,dry_run=True
LOG-000677,ALT-000087,EMAIL,DRY_RUN,analyst-oncall@cybercrime-analytics.local,False,2026-09-17T12:32:58.487003+00:00,dry_run=True
LOG-000678,ALT-000087,SMS,SIMULATED_DELIVERED,+91-XXXXXXXXXX-LEA,True,2026-09-17T12:32:58.487003+00:00,
LOG-000679,ALT-000087,SMS,SIMULATED_DELIVERED,+91-XXXXXXXXXX-I4C,True,2026-09-17T12:32:58.487003+00:00,
LOG-000680,ALT-000087,WEBHOOK,SIMULATED_SENT,"LEA_PORTAL, BANK_FMS_SIMULATED",True,2026-09-17T12:32:58.487003+00:00,sev=HIGH score=34
LOG-000681,ALT-000088,LOG,LOGGED,,False,2026-09-17T12:32:58.487003+00:00,dry_run=True
LOG-000682,ALT-000088,EMAIL,DRY_RUN,analyst-oncall@cybercrime-analytics.local,False,2026-09-17T12:32:58.487003+00:00,dry_run=True
LOG-000683,ALT-000088,SMS,SIMULATED_DELIVERED,+91-XXXXXXXXXX-LEA,True,2026-09-17T12:32:58.487003+00:00,
LOG-000684,ALT-000088,SMS,SIMULATED_DELIVERED,+91-XXXXXXXXXX-I4C,True,2026-09-17T12:32:58.487003+00:00,
LOG-000685,ALT-000088,WEBHOOK,SIMULATED_SENT,"LEA_PORTAL, BANK_FMS_SIMULATED",True,2026-09-17T12:32:58.488001+00:00,sev=HIGH score=30
LOG-000686,ALT-000089,LOG,LOGGED,,False,2026-09-17T12:32:58.488001+00:00,dry_run=True
LOG-000687,ALT-000089,EMAIL,DRY_RUN,analyst-oncall@cybercrime-analytics.local,False,2026-09-17T12:32:58.488001+00:00,dry_run=True
LOG-000688,ALT-000089,SMS,SIMULATED_DELIVERED,+91-XXXXXXXXXX-LEA,True,2026-09-17T12:32:58.488001+00:00,
LOG-000689,ALT-000089,SMS,SIMULATED_DELIVERED,+91-XXXXXXXXXX-I4C,True,2026-09-17T12:32:58.488001+00:00,
LOG-000690,ALT-000089,WEBHOOK,SIMULATED_SENT,"LEA_PORTAL, BANK_FMS_SIMULATED",True,2026-09-17T12:32:58.488001+00:00,sev=HIGH score=37
LOG-000691,ALT-000090,LOG,LOGGED,,False,2026-09-17T12:32:58.488001+00:00,dry_run=True
LOG-000692,ALT-000090,EMAIL,DRY_RUN,analyst-oncall@cybercrime-analytics.local,False,2026-09-17T12:32:58.489001+00:00,dry_run=True
LOG-000693,ALT-000090,SMS,SIMULATED_DELIVERED,+91-XXXXXXXXXX-LEA,True,2026-09-17T12:32:58.489001+00:00,
LOG-000694,ALT-000090,SMS,SIMULATED_DELIVERED,+91-XXXXXXXXXX-I4C,True,2026-09-17T12:32:58.489001+00:00,
LOG-000695,ALT-000090,WEBHOOK,SIMULATED_SENT,"LEA_PORTAL, BANK_FMS_SIMULATED",True,2026-09-17T12:32:58.489001+00:00,sev=HIGH score=32
LOG-000696,ALT-000091,LOG,LOGGED,,False,2026-09-17T12:32:58.489001+00:00,dry_run=True
LOG-000697,ALT-000091,EMAIL,DRY_RUN,analyst-oncall@cybercrime-analytics.local,False,2026-09-17T12:32:58.489001+00:00,dry_run=True
LOG-000698,ALT-000091,SMS,SIMULATED_DELIVERED,+91-XXXXXXXXXX-LEA,True,2026-09-17T12:32:58.490001+00:00,
LOG-000699,ALT-000091,SMS,SIMULATED_DELIVERED,+91-XXXXXXXXXX-I4C,True,2026-09-17T12:32:58.490001+00:00,
LOG-000700,ALT-000091,WEBHOOK,SIMULATED_SENT,"LEA_PORTAL, BANK_FMS_SIMULATED",True,2026-09-17T12:32:58.490001+00:00,sev=HIGH score=30
LOG-000701,ALT-000092,LOG,LOGGED,,False,2026-09-17T12:32:58.490001+00:00,dry_run=True
LOG-000702,ALT-000092,EMAIL,DRY_RUN,analyst-oncall@cybercrime-analytics.local,False,2026-09-17T12:32:58.491000+00:00,dry_run=True
LOG-000703,ALT-000092,SMS,SIMULATED_DELIVERED,+91-XXXXXXXXXX-LEA,True,2026-09-17T12:32:58.491000+00:00,
LOG-000704,ALT-000092,SMS,SIMULATED_DELIVERED,+91-XXXXXXXXXX-I4C,True,2026-09-17T12:32:58.491000+00:00,
LOG-000705,ALT-000092,WEBHOOK,SIMULATED_SENT,"LEA_PORTAL, BANK_FMS_SIMULATED",True,2026-09-17T12:32:58.491000+00:00,sev=HIGH score=40
LOG-000706,ALT-000093,LOG,LOGGED,,False,2026-09-17T12:32:58.491000+00:00,dry_run=True
LOG-000707,ALT-000093,EMAIL,DRY_RUN,analyst-oncall@cybercrime-analytics.local,False,2026-09-17T12:32:58.491000+00:00,dry_run=True
LOG-000708,ALT-000093,SMS,SIMULATED_DELIVERED,+91-XXXXXXXXXX-LEA,True,2026-09-17T12:32:58.491000+00:00,
LOG-000709,ALT-000093,SMS,SIMULATED_DELIVERED,+91-XXXXXXXXXX-I4C,True,2026-09-17T12:32:58.491999+00:00,
LOG-000710,ALT-000093,WEBHOOK,SIMULATED_SENT,"LEA_PORTAL, BANK_FMS_SIMULATED",True,2026-09-17T12:32:58.491999+00:00,sev=HIGH score=12
LOG-000711,ALT-000094,LOG,LOGGED,,False,2026-09-17T12:32:58.491999+00:00,dry_run=True
LOG-000712,ALT-000094,EMAIL,DRY_RUN,analyst-oncall@cybercrime-analytics.local,False,2026-09-17T12:32:58.492999+00:00,dry_run=True
LOG-000713,ALT-000094,SMS,SIMULATED_DELIVERED,+91-XXXXXXXXXX-LEA,True,2026-09-17T12:32:58.492999+00:00,
LOG-000714,ALT-000094,SMS,SIMULATED_DELIVERED,+91-XXXXXXXXXX-I4C,True,2026-09-17T12:32:58.492999+00:00,
LOG-000715,ALT-000094,WEBHOOK,SIMULATED_SENT,"LEA_PORTAL, BANK_FMS_SIMULATED",True,2026-09-17T12:32:58.492999+00:00,sev=HIGH score=28
LOG-000716,ALT-000095,LOG,LOGGED,,False,2026-09-17T12:32:58.494002+00:00,dry_run=True
LOG-000717,ALT-000095,EMAIL,DRY_RUN,analyst-oncall@cybercrime-analytics.local,False,2026-09-17T12:32:58.494002+00:00,dry_run=True
LOG-000718,ALT-000095,SMS,SIMULATED_DELIVERED,+91-XXXXXXXXXX-LEA,True,2026-09-17T12:32:58.494002+00:00,
LOG-000719,ALT-000095,SMS,SIMULATED_DELIVERED,+91-XXXXXXXXXX-I4C,True,2026-09-17T12:32:58.494002+00:00,
LOG-000720,ALT-000095,WEBHOOK,SIMULATED_SENT,"LEA_PORTAL, BANK_FMS_SIMULATED",True,2026-09-17T12:32:58.494002+00:00,sev=HIGH score=36
LOG-000721,ALT-000096,LOG,LOGGED,,False,2026-09-17T12:32:58.494999+00:00,dry_run=True
LOG-000722,ALT-000096,EMAIL,DRY_RUN,analyst-oncall@cybercrime-analytics.local,False,2026-09-17T12:32:58.494999+00:00,dry_run=True
LOG-000723,ALT-000096,SMS,SIMULATED_DELIVERED,+91-XXXXXXXXXX-LEA,True,2026-09-17T12:32:58.494999+00:00,
LOG-000724,ALT-000096,SMS,SIMULATED_DELIVERED,+91-XXXXXXXXXX-I4C,True,2026-09-17T12:32:58.494999+00:00,
LOG-000725,ALT-000096,WEBHOOK,SIMULATED_SENT,"LEA_PORTAL, BANK_FMS_SIMULATED",True,2026-09-17T12:32:58.495999+00:00,sev=HIGH score=15
LOG-000726,ALT-000097,LOG,LOGGED,,False,2026-09-17T12:32:58.495999+00:00,dry_run=True
LOG-000727,ALT-000097,EMAIL,DRY_RUN,analyst-oncall@cybercrime-analytics.local,False,2026-09-17T12:32:58.495999+00:00,dry_run=True
LOG-000728,ALT-000097,SMS,SIMULATED_DELIVERED,+91-XXXXXXXXXX-LEA,True,2026-09-17T12:32:58.495999+00:00,
LOG-000729,ALT-000097,SMS,SIMULATED_DELIVERED,+91-XXXXXXXXXX-I4C,True,2026-09-17T12:32:58.496998+00:00,
LOG-000730,ALT-000097,WEBHOOK,SIMULATED_SENT,"LEA_PORTAL, BANK_FMS_SIMULATED",True,2026-09-17T12:32:58.496998+00:00,sev=HIGH score=44
LOG-000731,ALT-000098,LOG,LOGGED,,False,2026-09-17T12:32:58.496998+00:00,dry_run=True
LOG-000732,ALT-000098,EMAIL,DRY_RUN,analyst-oncall@cybercrime-analytics.local,False,2026-09-17T12:32:58.496998+00:00,dry_run=True
LOG-000733,ALT-000098,SMS,SIMULATED_DELIVERED,+91-XXXXXXXXXX-LEA,True,2026-09-17T12:32:58.496998+00:00,
LOG-000734,ALT-000098,SMS,SIMULATED_DELIVERED,+91-XXXXXXXXXX-I4C,True,2026-09-17T12:32:58.496998+00:00,
LOG-000735,ALT-000098,WEBHOOK,SIMULATED_SENT,"LEA_PORTAL, BANK_FMS_SIMULATED",True,2026-09-17T12:32:58.496998+00:00,sev=HIGH score=20
LOG-000736,ALT-000099,LOG,LOGGED,,False,2026-09-17T12:32:58.497998+00:00,dry_run=True
LOG-000737,ALT-000099,EMAIL,DRY_RUN,analyst-oncall@cybercrime-analytics.local,False,2026-09-17T12:32:58.497998+00:00,dry_run=True
LOG-000738,ALT-000099,SMS,SIMULATED_DELIVERED,+91-XXXXXXXXXX-LEA,True,2026-09-17T12:32:58.497998+00:00,
LOG-000739,ALT-000099,SMS,SIMULATED_DELIVERED,+91-XXXXXXXXXX-I4C,True,2026-09-17T12:32:58.497998+00:00,
LOG-000740,ALT-000099,WEBHOOK,SIMULATED_SENT,"LEA_PORTAL, BANK_FMS_SIMULATED",True,2026-09-17T12:32:58.498998+00:00,sev=HIGH score=23
LOG-000741,ALT-000100,LOG,LOGGED,,False,2026-09-17T12:32:58.498998+00:00,dry_run=True
LOG-000742,ALT-000100,EMAIL,DRY_RUN,analyst-oncall@cybercrime-analytics.local,False,2026-09-17T12:32:58.498998+00:00,dry_run=True
LOG-000743,ALT-000100,SMS,SIMULATED_DELIVERED,+91-XXXXXXXXXX-LEA,True,2026-09-17T12:32:58.498998+00:00,
LOG-000744,ALT-000100,SMS,SIMULATED_DELIVERED,+91-XXXXXXXXXX-I4C,True,2026-09-17T12:32:58.498998+00:00,
LOG-000745,ALT-000100,WEBHOOK,SIMULATED_SENT,"LEA_PORTAL, BANK_FMS_SIMULATED",True,2026-09-17T12:32:58.498998+00:00,sev=HIGH score=29
LOG-000746,ALT-000101,LOG,LOGGED,,False,2026-09-17T12:32:58.500006+00:00,dry_run=True
LOG-000747,ALT-000101,EMAIL,DRY_RUN,analyst-oncall@cybercrime-analytics.local,False,2026-09-17T12:32:58.500006+00:00,dry_run=True
LOG-000748,ALT-000101,SMS,SIMULATED_DELIVERED,+91-XXXXXXXXXX-LEA,True,2026-09-17T12:32:58.500006+00:00,
LOG-000749,ALT-000101,SMS,SIMULATED_DELIVERED,+91-XXXXXXXXXX-I4C,True,2026-09-17T12:32:58.500006+00:00,
LOG-000750,ALT-000101,WEBHOOK,SIMULATED_SENT,"LEA_PORTAL, BANK_FMS_SIMULATED",True,2026-09-17T12:32:58.500006+00:00,sev=HIGH score=33
LOG-000751,ALT-000102,LOG,LOGGED,,False,2026-09-17T12:32:58.500006+00:00,dry_run=True
LOG-000752,ALT-000102,EMAIL,DRY_RUN,analyst-oncall@cybercrime-analytics.local,False,2026-09-17T12:32:58.501001+00:00,dry_run=True
LOG-000753,ALT-000102,SMS,SIMULATED_DELIVERED,+91-XXXXXXXXXX-LEA,True,2026-09-17T12:32:58.501001+00:00,
LOG-000754,ALT-000102,SMS,SIMULATED_DELIVERED,+91-XXXXXXXXXX-I4C,True,2026-09-17T12:32:58.501001+00:00,
LOG-000755,ALT-000102,WEBHOOK,SIMULATED_SENT,"LEA_PORTAL, BANK_FMS_SIMULATED",True,2026-09-17T12:32:58.501001+00:00,sev=HIGH score=33
LOG-000756,ALT-000103,LOG,LOGGED,,False,2026-09-17T12:32:58.501001+00:00,dry_run=True
LOG-000757,ALT-000103,EMAIL,DRY_RUN,analyst-oncall@cybercrime-analytics.local,False,2026-09-17T12:32:58.501001+00:00,dry_run=True
LOG-000758,ALT-000103,SMS,SIMULATED_DELIVERED,+91-XXXXXXXXXX-LEA,True,2026-09-17T12:32:58.502000+00:00,
LOG-000759,ALT-000103,SMS,SIMULATED_DELIVERED,+91-XXXXXXXXXX-I4C,True,2026-09-17T12:32:58.502000+00:00,
LOG-000760,ALT-000103,WEBHOOK,SIMULATED_SENT,"LEA_PORTAL, BANK_FMS_SIMULATED",True,2026-09-17T12:32:58.502000+00:00,sev=HIGH score=37
LOG-000761,ALT-000104,LOG,LOGGED,,False,2026-09-17T12:32:58.502000+00:00,dry_run=True
LOG-000762,ALT-000104,EMAIL,DRY_RUN,analyst-oncall@cybercrime-analytics.local,False,2026-09-17T12:32:58.502000+00:00,dry_run=True
LOG-000763,ALT-000104,SMS,SIMULATED_DELIVERED,+91-XXXXXXXXXX-LEA,True,2026-09-17T12:32:58.502000+00:00,
LOG-000764,ALT-000104,SMS,SIMULATED_DELIVERED,+91-XXXXXXXXXX-I4C,True,2026-09-17T12:32:58.502000+00:00,
LOG-000765,ALT-000104,WEBHOOK,SIMULATED_SENT,"LEA_PORTAL, BANK_FMS_SIMULATED",True,2026-09-17T12:32:58.502998+00:00,sev=CRITICAL score=91
LOG-000766,ALT-000105,LOG,LOGGED,,False,2026-09-17T12:32:58.502998+00:00,dry_run=True
LOG-000767,ALT-000105,EMAIL,DRY_RUN,analyst-oncall@cybercrime-analytics.local,False,2026-09-17T12:32:58.502998+00:00,dry_run=True
LOG-000768,ALT-000105,SMS,SIMULATED_DELIVERED,+91-XXXXXXXXXX-LEA,True,2026-09-17T12:32:58.502998+00:00,
LOG-000769,ALT-000105,SMS,SIMULATED_DELIVERED,+91-XXXXXXXXXX-I4C,True,2026-09-17T12:32:58.502998+00:00,
LOG-000770,ALT-000105,WEBHOOK,SIMULATED_SENT,"LEA_PORTAL, BANK_FMS_SIMULATED",True,2026-09-17T12:32:58.502998+00:00,sev=CRITICAL score=88
LOG-000771,ALT-DISP-01,LOG,LOGGED,,False,2026-09-17T12:33:23.382633+00:00,dry_run=True
LOG-000772,ALT-DISP-01,EMAIL,DRY_RUN,analyst-oncall@cybercrime-analytics.local,False,2026-09-17T12:33:23.383734+00:00,dry_run=True
LOG-000773,ALT-DISP-01,SMS,SIMULATED_DELIVERED,+91-XXXXXXXXXX-LEA,True,2026-09-17T12:33:23.383734+00:00,
LOG-000774,ALT-DISP-01,SMS,SIMULATED_DELIVERED,+91-XXXXXXXXXX-I4C,True,2026-09-17T12:33:23.383734+00:00,
LOG-000775,ALT-DISP-01,WEBHOOK,SIMULATED_SENT,"LEA_PORTAL, BANK_FMS_SIMULATED",True,2026-09-17T12:33:23.384594+00:00,sev=HIGH score=68
LOG-000776,ALT-DISP-01,LOG,LOGGED,,False,2026-09-17T12:52:14.584599+00:00,dry_run=True
LOG-000777,ALT-DISP-01,EMAIL,DRY_RUN,analyst-oncall@cybercrime-analytics.local,False,2026-09-17T12:52:14.585135+00:00,dry_run=True
LOG-000778,ALT-DISP-01,SMS,SIMULATED_DELIVERED,+91-XXXXXXXXXX-LEA,True,2026-09-17T12:52:14.585135+00:00,
LOG-000779,ALT-DISP-01,SMS,SIMULATED_DELIVERED,+91-XXXXXXXXXX-I4C,True,2026-09-17T12:52:14.585135+00:00,
LOG-000780,ALT-DISP-01,WEBHOOK,SIMULATED_SENT,"LEA_PORTAL, BANK_FMS_SIMULATED",True,2026-09-17T12:52:14.585662+00:00,sev=HIGH score=68
LOG-000781,ALT-000106,LOG,LOGGED,,False,2026-09-17T13:22:13.349741+00:00,dry_run=True
LOG-000782,ALT-000106,EMAIL,DRY_RUN,analyst-oncall@cybercrime-analytics.local,False,2026-09-17T13:22:13.349741+00:00,dry_run=True
LOG-000783,ALT-000106,SMS,SIMULATED_DELIVERED,+91-XXXXXXXXXX-LEA,True,2026-09-17T13:22:13.349741+00:00,
LOG-000784,ALT-000106,SMS,SIMULATED_DELIVERED,+91-XXXXXXXXXX-I4C,True,2026-09-17T13:22:13.350731+00:00,
LOG-000785,ALT-000106,WEBHOOK,SIMULATED_SENT,"LEA_PORTAL, BANK_FMS_SIMULATED",True,2026-09-17T13:22:13.350731+00:00,sev=HIGH score=61
LOG-000786,ALT-000107,LOG,LOGGED,,False,2026-09-17T13:22:13.350731+00:00,dry_run=True
LOG-000787,ALT-000107,EMAIL,DRY_RUN,analyst-oncall@cybercrime-analytics.local,False,2026-09-17T13:22:13.350731+00:00,dry_run=True
LOG-000788,ALT-000107,SMS,SIMULATED_DELIVERED,+91-XXXXXXXXXX-LEA,True,2026-09-17T13:22:13.350731+00:00,
LOG-000789,ALT-000107,SMS,SIMULATED_DELIVERED,+91-XXXXXXXXXX-I4C,True,2026-09-17T13:22:13.350731+00:00,
LOG-000790,ALT-000107,WEBHOOK,SIMULATED_SENT,"LEA_PORTAL, BANK_FMS_SIMULATED",True,2026-09-17T13:22:13.351725+00:00,sev=HIGH score=63
LOG-000791,ALT-000108,LOG,LOGGED,,False,2026-09-17T13:22:13.351725+00:00,dry_run=True
LOG-000792,ALT-000108,EMAIL,DRY_RUN,analyst-oncall@cybercrime-analytics.local,False,2026-09-17T13:22:13.351725+00:00,dry_run=True
LOG-000793,ALT-000108,SMS,SIMULATED_DELIVERED,+91-XXXXXXXXXX-LEA,True,2026-09-17T13:22:13.351725+00:00,
LOG-000794,ALT-000108,SMS,SIMULATED_DELIVERED,+91-XXXXXXXXXX-I4C,True,2026-09-17T13:22:13.351725+00:00,
LOG-000795,ALT-000108,WEBHOOK,SIMULATED_SENT,"LEA_PORTAL, BANK_FMS_SIMULATED",True,2026-09-17T13:22:13.352724+00:00,sev=HIGH score=60
LOG-000796,ALT-000109,LOG,LOGGED,,False,2026-09-17T13:22:13.352724+00:00,dry_run=True
LOG-000797,ALT-000109,EMAIL,DRY_RUN,analyst-oncall@cybercrime-analytics.local,False,2026-09-17T13:22:13.352724+00:00,dry_run=True
LOG-000798,ALT-000109,SMS,SIMULATED_DELIVERED,+91-XXXXXXXXXX-LEA,True,2026-09-17T13:22:13.352724+00:00,
LOG-000799,ALT-000109,SMS,SIMULATED_DELIVERED,+91-XXXXXXXXXX-I4C,True,2026-09-17T13:22:13.352724+00:00,
LOG-000800,ALT-000109,WEBHOOK,SIMULATED_SENT,"LEA_PORTAL, BANK_FMS_SIMULATED",True,2026-09-17T13:22:13.353722+00:00,sev=HIGH score=61
LOG-000801,ALT-000110,LOG,LOGGED,,False,2026-09-17T13:22:13.353722+00:00,dry_run=True
LOG-000802,ALT-000110,EMAIL,DRY_RUN,analyst-oncall@cybercrime-analytics.local,False,2026-09-17T13:22:13.353722+00:00,dry_run=True
LOG-000803,ALT-000110,SMS,SIMULATED_DELIVERED,+91-XXXXXXXXXX-LEA,True,2026-09-17T13:22:13.353722+00:00,
LOG-000804,ALT-000110,SMS,SIMULATED_DELIVERED,+91-XXXXXXXXXX-I4C,True,2026-09-17T13:22:13.354724+00:00,
LOG-000805,ALT-000110,WEBHOOK,SIMULATED_SENT,"LEA_PORTAL, BANK_FMS_SIMULATED",True,2026-09-17T13:22:13.354724+00:00,sev=HIGH score=60
LOG-000806,ALT-000111,LOG,LOGGED,,False,2026-09-17T13:22:13.354724+00:00,dry_run=True
LOG-000807,ALT-000111,EMAIL,DRY_RUN,analyst-oncall@cybercrime-analytics.local,False,2026-09-17T13:22:13.354724+00:00,dry_run=True
LOG-000808,ALT-000111,SMS,SIMULATED_DELIVERED,+91-XXXXXXXXXX-LEA,True,2026-09-17T13:22:13.354724+00:00,
LOG-000809,ALT-000111,SMS,SIMULATED_DELIVERED,+91-XXXXXXXXXX-I4C,True,2026-09-17T13:22:13.355811+00:00,
LOG-000810,ALT-000111,WEBHOOK,SIMULATED_SENT,"LEA_PORTAL, BANK_FMS_SIMULATED",True,2026-09-17T13:22:13.355811+00:00,sev=HIGH score=37
LOG-000811,ALT-000112,LOG,LOGGED,,False,2026-09-17T13:22:13.355811+00:00,dry_run=True
LOG-000812,ALT-000112,EMAIL,DRY_RUN,analyst-oncall@cybercrime-analytics.local,False,2026-09-17T13:22:13.355811+00:00,dry_run=True
LOG-000813,ALT-000112,SMS,SIMULATED_DELIVERED,+91-XXXXXXXXXX-LEA,True,2026-09-17T13:22:13.355811+00:00,
LOG-000814,ALT-000112,SMS,SIMULATED_DELIVERED,+91-XXXXXXXXXX-I4C,True,2026-09-17T13:22:13.355811+00:00,
LOG-000815,ALT-000112,WEBHOOK,SIMULATED_SENT,"LEA_PORTAL, BANK_FMS_SIMULATED",True,2026-09-17T13:22:13.356818+00:00,sev=HIGH score=38
LOG-000816,ALT-000113,LOG,LOGGED,,False,2026-09-17T13:22:13.356818+00:00,dry_run=True
LOG-000817,ALT-000113,EMAIL,DRY_RUN,analyst-oncall@cybercrime-analytics.local,False,2026-09-17T13:22:13.356818+00:00,dry_run=True
LOG-000818,ALT-000113,SMS,SIMULATED_DELIVERED,+91-XXXXXXXXXX-LEA,True,2026-09-17T13:22:13.356818+00:00,
LOG-000819,ALT-000113,SMS,SIMULATED_DELIVERED,+91-XXXXXXXXXX-I4C,True,2026-09-17T13:22:13.356818+00:00,
LOG-000820,ALT-000113,WEBHOOK,SIMULATED_SENT,"LEA_PORTAL, BANK_FMS_SIMULATED",True,2026-09-17T13:22:13.356818+00:00,sev=HIGH score=36
LOG-000821,ALT-000114,LOG,LOGGED,,False,2026-09-17T13:22:13.357820+00:00,dry_run=True
LOG-000822,ALT-000114,EMAIL,DRY_RUN,analyst-oncall@cybercrime-analytics.local,False,2026-09-17T13:22:13.357820+00:00,dry_run=True
LOG-000823,ALT-000114,SMS,SIMULATED_DELIVERED,+91-XXXXXXXXXX-LEA,True,2026-09-17T13:22:13.357820+00:00,
LOG-000824,ALT-000114,SMS,SIMULATED_DELIVERED,+91-XXXXXXXXXX-I4C,True,2026-09-17T13:22:13.357820+00:00,
LOG-000825,ALT-000114,WEBHOOK,SIMULATED_SENT,"LEA_PORTAL, BANK_FMS_SIMULATED",True,2026-09-17T13:22:13.357820+00:00,sev=HIGH score=41
LOG-000826,ALT-000115,LOG,LOGGED,,False,2026-09-17T13:22:13.357820+00:00,dry_run=True
LOG-000827,ALT-000115,EMAIL,DRY_RUN,analyst-oncall@cybercrime-analytics.local,False,2026-09-17T13:22:13.357820+00:00,dry_run=True
LOG-000828,ALT-000115,SMS,SIMULATED_DELIVERED,+91-XXXXXXXXXX-LEA,True,2026-09-17T13:22:13.357820+00:00,
LOG-000829,ALT-000115,SMS,SIMULATED_DELIVERED,+91-XXXXXXXXXX-I4C,True,2026-09-17T13:22:13.357820+00:00,
LOG-000830,ALT-000115,WEBHOOK,SIMULATED_SENT,"LEA_PORTAL, BANK_FMS_SIMULATED",True,2026-09-17T13:22:13.359054+00:00,sev=HIGH score=31
LOG-000831,ALT-000116,LOG,LOGGED,,False,2026-09-17T13:22:13.359054+00:00,dry_run=True
LOG-000832,ALT-000116,EMAIL,DRY_RUN,analyst-oncall@cybercrime-analytics.local,False,2026-09-17T13:22:13.359054+00:00,dry_run=True
LOG-000833,ALT-000116,SMS,SIMULATED_DELIVERED,+91-XXXXXXXXXX-LEA,True,2026-09-17T13:22:13.359054+00:00,
LOG-000834,ALT-000116,SMS,SIMULATED_DELIVERED,+91-XXXXXXXXXX-I4C,True,2026-09-17T13:22:13.359054+00:00,
LOG-000835,ALT-000116,WEBHOOK,SIMULATED_SENT,"LEA_PORTAL, BANK_FMS_SIMULATED",True,2026-09-17T13:22:13.359054+00:00,sev=HIGH score=31
LOG-000836,ALT-000117,LOG,LOGGED,,False,2026-09-17T13:22:13.360061+00:00,dry_run=True
LOG-000837,ALT-000117,EMAIL,DRY_RUN,analyst-oncall@cybercrime-analytics.local,False,2026-09-17T13:22:13.360061+00:00,dry_run=True
LOG-000838,ALT-000117,SMS,SIMULATED_DELIVERED,+91-XXXXXXXXXX-LEA,True,2026-09-17T13:22:13.360061+00:00,
LOG-000839,ALT-000117,SMS,SIMULATED_DELIVERED,+91-XXXXXXXXXX-I4C,True,2026-09-17T13:22:13.360061+00:00,
LOG-000840,ALT-000117,WEBHOOK,SIMULATED_SENT,"LEA_PORTAL, BANK_FMS_SIMULATED",True,2026-09-17T13:22:13.360061+00:00,sev=HIGH score=32
LOG-000841,ALT-000118,LOG,LOGGED,,False,2026-09-17T13:22:13.360061+00:00,dry_run=True
LOG-000842,ALT-000118,EMAIL,DRY_RUN,analyst-oncall@cybercrime-analytics.local,False,2026-09-17T13:22:13.361365+00:00,dry_run=True
LOG-000843,ALT-000118,SMS,SIMULATED_DELIVERED,+91-XXXXXXXXXX-LEA,True,2026-09-17T13:22:13.361365+00:00,
LOG-000844,ALT-000118,SMS,SIMULATED_DELIVERED,+91-XXXXXXXXXX-I4C,True,2026-09-17T13:22:13.361365+00:00,
LOG-000845,ALT-000118,WEBHOOK,SIMULATED_SENT,"LEA_PORTAL, BANK_FMS_SIMULATED",True,2026-09-17T13:22:13.361365+00:00,sev=HIGH score=34
LOG-000846,ALT-000119,LOG,LOGGED,,False,2026-09-17T13:22:13.362373+00:00,dry_run=True
LOG-000847,ALT-000119,EMAIL,DRY_RUN,analyst-oncall@cybercrime-analytics.local,False,2026-09-17T13:22:13.362373+00:00,dry_run=True
LOG-000848,ALT-000119,SMS,SIMULATED_DELIVERED,+91-XXXXXXXXXX-LEA,True,2026-09-17T13:22:13.362373+00:00,
LOG-000849,ALT-000119,SMS,SIMULATED_DELIVERED,+91-XXXXXXXXXX-I4C,True,2026-09-17T13:22:13.362373+00:00,
LOG-000850,ALT-000119,WEBHOOK,SIMULATED_SENT,"LEA_PORTAL, BANK_FMS_SIMULATED",True,2026-09-17T13:22:13.362373+00:00,sev=HIGH score=38
LOG-000851,ALT-000120,LOG,LOGGED,,False,2026-09-17T13:22:13.362373+00:00,dry_run=True
LOG-000852,ALT-000120,EMAIL,DRY_RUN,analyst-oncall@cybercrime-analytics.local,False,2026-09-17T13:22:13.362373+00:00,dry_run=True
LOG-000853,ALT-000120,SMS,SIMULATED_DELIVERED,+91-XXXXXXXXXX-LEA,True,2026-09-17T13:22:13.363375+00:00,
LOG-000854,ALT-000120,SMS,SIMULATED_DELIVERED,+91-XXXXXXXXXX-I4C,True,2026-09-17T13:22:13.363375+00:00,
LOG-000855,ALT-000120,WEBHOOK,SIMULATED_SENT,"LEA_PORTAL, BANK_FMS_SIMULATED",True,2026-09-17T13:22:13.363375+00:00,sev=HIGH score=65
LOG-000856,ALT-000121,LOG,LOGGED,,False,2026-09-17T13:22:13.363375+00:00,dry_run=True
LOG-000857,ALT-000121,EMAIL,DRY_RUN,analyst-oncall@cybercrime-analytics.local,False,2026-09-17T13:22:13.363375+00:00,dry_run=True
LOG-000858,ALT-000121,SMS,SIMULATED_DELIVERED,+91-XXXXXXXXXX-LEA,True,2026-09-17T13:22:13.363375+00:00,
LOG-000859,ALT-000121,SMS,SIMULATED_DELIVERED,+91-XXXXXXXXXX-I4C,True,2026-09-17T13:22:13.364403+00:00,
LOG-000860,ALT-000121,WEBHOOK,SIMULATED_SENT,"LEA_PORTAL, BANK_FMS_SIMULATED",True,2026-09-17T13:22:13.364403+00:00,sev=HIGH score=30
LOG-000861,ALT-000122,LOG,LOGGED,,False,2026-09-17T13:22:13.364403+00:00,dry_run=True
LOG-000862,ALT-000122,EMAIL,DRY_RUN,analyst-oncall@cybercrime-analytics.local,False,2026-09-17T13:22:13.364403+00:00,dry_run=True
LOG-000863,ALT-000122,SMS,SIMULATED_DELIVERED,+91-XXXXXXXXXX-LEA,True,2026-09-17T13:22:13.364403+00:00,
LOG-000864,ALT-000122,SMS,SIMULATED_DELIVERED,+91-XXXXXXXXXX-I4C,True,2026-09-17T13:22:13.364403+00:00,
LOG-000865,ALT-000122,WEBHOOK,SIMULATED_SENT,"LEA_PORTAL, BANK_FMS_SIMULATED",True,2026-09-17T13:22:13.365410+00:00,sev=HIGH score=34
LOG-000866,ALT-000123,LOG,LOGGED,,False,2026-09-17T13:22:13.365410+00:00,dry_run=True
LOG-000867,ALT-000123,EMAIL,DRY_RUN,analyst-oncall@cybercrime-analytics.local,False,2026-09-17T13:22:13.365410+00:00,dry_run=True
LOG-000868,ALT-000123,SMS,SIMULATED_DELIVERED,+91-XXXXXXXXXX-LEA,True,2026-09-17T13:22:13.365410+00:00,
LOG-000869,ALT-000123,SMS,SIMULATED_DELIVERED,+91-XXXXXXXXXX-I4C,True,2026-09-17T13:22:13.365410+00:00,
LOG-000870,ALT-000123,WEBHOOK,SIMULATED_SENT,"LEA_PORTAL, BANK_FMS_SIMULATED",True,2026-09-17T13:22:13.365410+00:00,sev=HIGH score=42
LOG-000871,ALT-000124,LOG,LOGGED,,False,2026-09-17T13:22:13.366409+00:00,dry_run=True
LOG-000872,ALT-000124,EMAIL,DRY_RUN,analyst-oncall@cybercrime-analytics.local,False,2026-09-17T13:22:13.366409+00:00,dry_run=True
LOG-000873,ALT-000124,SMS,SIMULATED_DELIVERED,+91-XXXXXXXXXX-LEA,True,2026-09-17T13:22:13.366409+00:00,
LOG-000874,ALT-000124,SMS,SIMULATED_DELIVERED,+91-XXXXXXXXXX-I4C,True,2026-09-17T13:22:13.366409+00:00,
LOG-000875,ALT-000124,WEBHOOK,SIMULATED_SENT,"LEA_PORTAL, BANK_FMS_SIMULATED",True,2026-09-17T13:22:13.366409+00:00,sev=HIGH score=52
LOG-000876,ALT-000125,LOG,LOGGED,,False,2026-09-17T13:22:13.367534+00:00,dry_run=True
LOG-000877,ALT-000125,EMAIL,DRY_RUN,analyst-oncall@cybercrime-analytics.local,False,2026-09-17T13:22:13.367534+00:00,dry_run=True
LOG-000878,ALT-000125,SMS,SIMULATED_DELIVERED,+91-XXXXXXXXXX-LEA,True,2026-09-17T13:22:13.367534+00:00,
LOG-000879,ALT-000125,SMS,SIMULATED_DELIVERED,+91-XXXXXXXXXX-I4C,True,2026-09-17T13:22:13.367534+00:00,
LOG-000880,ALT-000125,WEBHOOK,SIMULATED_SENT,"LEA_PORTAL, BANK_FMS_SIMULATED",True,2026-09-17T13:22:13.368790+00:00,sev=HIGH score=39
LOG-000881,ALT-000126,LOG,LOGGED,,False,2026-09-17T13:22:13.368790+00:00,dry_run=True
LOG-000882,ALT-000126,EMAIL,DRY_RUN,analyst-oncall@cybercrime-analytics.local,False,2026-09-17T13:22:13.368790+00:00,dry_run=True
LOG-000883,ALT-000126,SMS,SIMULATED_DELIVERED,+91-XXXXXXXXXX-LEA,True,2026-09-17T13:22:13.368790+00:00,
LOG-000884,ALT-000126,SMS,SIMULATED_DELIVERED,+91-XXXXXXXXXX-I4C,True,2026-09-17T13:22:13.368790+00:00,
LOG-000885,ALT-000126,WEBHOOK,SIMULATED_SENT,"LEA_PORTAL, BANK_FMS_SIMULATED",True,2026-09-17T13:22:13.369889+00:00,sev=HIGH score=35
LOG-000886,ALT-000127,LOG,LOGGED,,False,2026-09-17T13:22:13.369889+00:00,dry_run=True
LOG-000887,ALT-000127,EMAIL,DRY_RUN,analyst-oncall@cybercrime-analytics.local,False,2026-09-17T13:22:13.369889+00:00,dry_run=True
LOG-000888,ALT-000127,SMS,SIMULATED_DELIVERED,+91-XXXXXXXXXX-LEA,True,2026-09-17T13:22:13.369889+00:00,
LOG-000889,ALT-000127,SMS,SIMULATED_DELIVERED,+91-XXXXXXXXXX-I4C,True,2026-09-17T13:22:13.369889+00:00,
LOG-000890,ALT-000127,WEBHOOK,SIMULATED_SENT,"LEA_PORTAL, BANK_FMS_SIMULATED",True,2026-09-17T13:22:13.369889+00:00,sev=HIGH score=27
LOG-000891,ALT-000128,LOG,LOGGED,,False,2026-09-17T13:22:13.371178+00:00,dry_run=True
LOG-000892,ALT-000128,EMAIL,DRY_RUN,analyst-oncall@cybercrime-analytics.local,False,2026-09-17T13:22:13.371178+00:00,dry_run=True
LOG-000893,ALT-000128,SMS,SIMULATED_DELIVERED,+91-XXXXXXXXXX-LEA,True,2026-09-17T13:22:13.371178+00:00,
LOG-000894,ALT-000128,SMS,SIMULATED_DELIVERED,+91-XXXXXXXXXX-I4C,True,2026-09-17T13:22:13.371178+00:00,
LOG-000895,ALT-000128,WEBHOOK,SIMULATED_SENT,"LEA_PORTAL, BANK_FMS_SIMULATED",True,2026-09-17T13:22:13.371178+00:00,sev=HIGH score=23
LOG-000896,ALT-000129,LOG,LOGGED,,False,2026-09-17T13:22:13.371178+00:00,dry_run=True
LOG-000897,ALT-000129,EMAIL,DRY_RUN,analyst-oncall@cybercrime-analytics.local,False,2026-09-17T13:22:13.371178+00:00,dry_run=True
LOG-000898,ALT-000129,SMS,SIMULATED_DELIVERED,+91-XXXXXXXXXX-LEA,True,2026-09-17T13:22:13.372187+00:00,
LOG-000899,ALT-000129,SMS,SIMULATED_DELIVERED,+91-XXXXXXXXXX-I4C,True,2026-09-17T13:22:13.372187+00:00,
LOG-000900,ALT-000129,WEBHOOK,SIMULATED_SENT,"LEA_PORTAL, BANK_FMS_SIMULATED",True,2026-09-17T13:22:13.372187+00:00,sev=HIGH score=28
LOG-000901,ALT-000130,LOG,LOGGED,,False,2026-09-17T13:22:13.372187+00:00,dry_run=True
LOG-000902,ALT-000130,EMAIL,DRY_RUN,analyst-oncall@cybercrime-analytics.local,False,2026-09-17T13:22:13.372187+00:00,dry_run=True
LOG-000903,ALT-000130,SMS,SIMULATED_DELIVERED,+91-XXXXXXXXXX-LEA,True,2026-09-17T13:22:13.372187+00:00,
LOG-000904,ALT-000130,SMS,SIMULATED_DELIVERED,+91-XXXXXXXXXX-I4C,True,2026-09-17T13:22:13.372187+00:00,
LOG-000905,ALT-000130,WEBHOOK,SIMULATED_SENT,"LEA_PORTAL, BANK_FMS_SIMULATED",True,2026-09-17T13:22:13.373188+00:00,sev=HIGH score=37
LOG-000906,ALT-000131,LOG,LOGGED,,False,2026-09-17T13:22:13.373188+00:00,dry_run=True
LOG-000907,ALT-000131,EMAIL,DRY_RUN,analyst-oncall@cybercrime-analytics.local,False,2026-09-17T13:22:13.373188+00:00,dry_run=True
LOG-000908,ALT-000131,SMS,SIMULATED_DELIVERED,+91-XXXXXXXXXX-LEA,True,2026-09-17T13:22:13.373188+00:00,
LOG-000909,ALT-000131,SMS,SIMULATED_DELIVERED,+91-XXXXXXXXXX-I4C,True,2026-09-17T13:22:13.373188+00:00,
LOG-000910,ALT-000131,WEBHOOK,SIMULATED_SENT,"LEA_PORTAL, BANK_FMS_SIMULATED",True,2026-09-17T13:22:13.373188+00:00,sev=HIGH score=36
LOG-000911,ALT-000132,LOG,LOGGED,,False,2026-09-17T13:22:13.374144+00:00,dry_run=True
LOG-000912,ALT-000132,EMAIL,DRY_RUN,analyst-oncall@cybercrime-analytics.local,False,2026-09-17T13:22:13.374144+00:00,dry_run=True
LOG-000913,ALT-000132,SMS,SIMULATED_DELIVERED,+91-XXXXXXXXXX-LEA,True,2026-09-17T13:22:13.374144+00:00,
LOG-000914,ALT-000132,SMS,SIMULATED_DELIVERED,+91-XXXXXXXXXX-I4C,True,2026-09-17T13:22:13.374144+00:00,
LOG-000915,ALT-000132,WEBHOOK,SIMULATED_SENT,"LEA_PORTAL, BANK_FMS_SIMULATED",True,2026-09-17T13:22:13.374144+00:00,sev=HIGH score=39
LOG-000916,ALT-000133,LOG,LOGGED,,False,2026-09-17T13:22:13.375186+00:00,dry_run=True
LOG-000917,ALT-000133,EMAIL,DRY_RUN,analyst-oncall@cybercrime-analytics.local,False,2026-09-17T13:22:13.375186+00:00,dry_run=True
LOG-000918,ALT-000133,SMS,SIMULATED_DELIVERED,+91-XXXXXXXXXX-LEA,True,2026-09-17T13:22:13.375694+00:00,
LOG-000919,ALT-000133,SMS,SIMULATED_DELIVERED,+91-XXXXXXXXXX-I4C,True,2026-09-17T13:22:13.375694+00:00,
LOG-000920,ALT-000133,WEBHOOK,SIMULATED_SENT,"LEA_PORTAL, BANK_FMS_SIMULATED",True,2026-09-17T13:22:13.375694+00:00,sev=HIGH score=40
LOG-000921,ALT-000134,LOG,LOGGED,,False,2026-09-17T13:22:13.375694+00:00,dry_run=True
LOG-000922,ALT-000134,EMAIL,DRY_RUN,analyst-oncall@cybercrime-analytics.local,False,2026-09-17T13:22:13.375694+00:00,dry_run=True
LOG-000923,ALT-000134,SMS,SIMULATED_DELIVERED,+91-XXXXXXXXXX-LEA,True,2026-09-17T13:22:13.376699+00:00,
LOG-000924,ALT-000134,SMS,SIMULATED_DELIVERED,+91-XXXXXXXXXX-I4C,True,2026-09-17T13:22:13.376699+00:00,
LOG-000925,ALT-000134,WEBHOOK,SIMULATED_SENT,"LEA_PORTAL, BANK_FMS_SIMULATED",True,2026-09-17T13:22:13.376699+00:00,sev=HIGH score=34
LOG-000926,ALT-000135,LOG,LOGGED,,False,2026-09-17T13:22:13.376699+00:00,dry_run=True
LOG-000927,ALT-000135,EMAIL,DRY_RUN,analyst-oncall@cybercrime-analytics.local,False,2026-09-17T13:22:13.376699+00:00,dry_run=True
LOG-000928,ALT-000135,SMS,SIMULATED_DELIVERED,+91-XXXXXXXXXX-LEA,True,2026-09-17T13:22:13.376699+00:00,
LOG-000929,ALT-000135,SMS,SIMULATED_DELIVERED,+91-XXXXXXXXXX-I4C,True,2026-09-17T13:22:13.376699+00:00,
LOG-000930,ALT-000135,WEBHOOK,SIMULATED_SENT,"LEA_PORTAL, BANK_FMS_SIMULATED",True,2026-09-17T13:22:13.377823+00:00,sev=HIGH score=33
LOG-000931,ALT-000136,LOG,LOGGED,,False,2026-09-17T13:22:13.377823+00:00,dry_run=True
LOG-000932,ALT-000136,EMAIL,DRY_RUN,analyst-oncall@cybercrime-analytics.local,False,2026-09-17T13:22:13.377823+00:00,dry_run=True
LOG-000933,ALT-000136,SMS,SIMULATED_DELIVERED,+91-XXXXXXXXXX-LEA,True,2026-09-17T13:22:13.377823+00:00,
LOG-000934,ALT-000136,SMS,SIMULATED_DELIVERED,+91-XXXXXXXXXX-I4C,True,2026-09-17T13:22:13.378427+00:00,
LOG-000935,ALT-000136,WEBHOOK,SIMULATED_SENT,"LEA_PORTAL, BANK_FMS_SIMULATED",True,2026-09-17T13:22:13.378427+00:00,sev=HIGH score=36
LOG-000936,ALT-000137,LOG,LOGGED,,False,2026-09-17T13:22:13.378427+00:00,dry_run=True
LOG-000937,ALT-000137,EMAIL,DRY_RUN,analyst-oncall@cybercrime-analytics.local,False,2026-09-17T13:22:13.378933+00:00,dry_run=True
LOG-000938,ALT-000137,SMS,SIMULATED_DELIVERED,+91-XXXXXXXXXX-LEA,True,2026-09-17T13:22:13.378933+00:00,
LOG-000939,ALT-000137,SMS,SIMULATED_DELIVERED,+91-XXXXXXXXXX-I4C,True,2026-09-17T13:22:13.378933+00:00,
LOG-000940,ALT-000137,WEBHOOK,SIMULATED_SENT,"LEA_PORTAL, BANK_FMS_SIMULATED",True,2026-09-17T13:22:13.378933+00:00,sev=HIGH score=26
LOG-000941,ALT-000138,LOG,LOGGED,,False,2026-09-17T13:22:13.379449+00:00,dry_run=True
LOG-000942,ALT-000138,EMAIL,DRY_RUN,analyst-oncall@cybercrime-analytics.local,False,2026-09-17T13:22:13.379449+00:00,dry_run=True
LOG-000943,ALT-000138,SMS,SIMULATED_DELIVERED,+91-XXXXXXXXXX-LEA,True,2026-09-17T13:22:13.379954+00:00,
LOG-000944,ALT-000138,SMS,SIMULATED_DELIVERED,+91-XXXXXXXXXX-I4C,True,2026-09-17T13:22:13.379954+00:00,
LOG-000945,ALT-000138,WEBHOOK,SIMULATED_SENT,"LEA_PORTAL, BANK_FMS_SIMULATED",True,2026-09-17T13:22:13.379954+00:00,sev=HIGH score=34
LOG-000946,ALT-000139,LOG,LOGGED,,False,2026-09-17T13:22:13.379954+00:00,dry_run=True
LOG-000947,ALT-000139,EMAIL,DRY_RUN,analyst-oncall@cybercrime-analytics.local,False,2026-09-17T13:22:13.379954+00:00,dry_run=True
LOG-000948,ALT-000139,SMS,SIMULATED_DELIVERED,+91-XXXXXXXXXX-LEA,True,2026-09-17T13:22:13.379954+00:00,
LOG-000949,ALT-000139,SMS,SIMULATED_DELIVERED,+91-XXXXXXXXXX-I4C,True,2026-09-17T13:22:13.379954+00:00,
LOG-000950,ALT-000139,WEBHOOK,SIMULATED_SENT,"LEA_PORTAL, BANK_FMS_SIMULATED",True,2026-09-17T13:22:13.379954+00:00,sev=HIGH score=30
LOG-000951,ALT-000140,LOG,LOGGED,,False,2026-09-17T13:22:13.381240+00:00,dry_run=True
LOG-000952,ALT-000140,EMAIL,DRY_RUN,analyst-oncall@cybercrime-analytics.local,False,2026-09-17T13:22:13.381240+00:00,dry_run=True
LOG-000953,ALT-000140,SMS,SIMULATED_DELIVERED,+91-XXXXXXXXXX-LEA,True,2026-09-17T13:22:13.381240+00:00,
LOG-000954,ALT-000140,SMS,SIMULATED_DELIVERED,+91-XXXXXXXXXX-I4C,True,2026-09-17T13:22:13.381240+00:00,
LOG-000955,ALT-000140,WEBHOOK,SIMULATED_SENT,"LEA_PORTAL, BANK_FMS_SIMULATED",True,2026-09-17T13:22:13.381240+00:00,sev=HIGH score=37
LOG-000956,ALT-000141,LOG,LOGGED,,False,2026-09-17T13:22:13.382290+00:00,dry_run=True
LOG-000957,ALT-000141,EMAIL,DRY_RUN,analyst-oncall@cybercrime-analytics.local,False,2026-09-17T13:22:13.382290+00:00,dry_run=True
LOG-000958,ALT-000141,SMS,SIMULATED_DELIVERED,+91-XXXXXXXXXX-LEA,True,2026-09-17T13:22:13.382290+00:00,
LOG-000959,ALT-000141,SMS,SIMULATED_DELIVERED,+91-XXXXXXXXXX-I4C,True,2026-09-17T13:22:13.382290+00:00,
LOG-000960,ALT-000141,WEBHOOK,SIMULATED_SENT,"LEA_PORTAL, BANK_FMS_SIMULATED",True,2026-09-17T13:22:13.382290+00:00,sev=HIGH score=32
LOG-000961,ALT-000142,LOG,LOGGED,,False,2026-09-17T13:22:13.383289+00:00,dry_run=True
LOG-000962,ALT-000142,EMAIL,DRY_RUN,analyst-oncall@cybercrime-analytics.local,False,2026-09-17T13:22:13.383289+00:00,dry_run=True
LOG-000963,ALT-000142,SMS,SIMULATED_DELIVERED,+91-XXXXXXXXXX-LEA,True,2026-09-17T13:22:13.383289+00:00,
LOG-000964,ALT-000142,SMS,SIMULATED_DELIVERED,+91-XXXXXXXXXX-I4C,True,2026-09-17T13:22:13.383289+00:00,
LOG-000965,ALT-000142,WEBHOOK,SIMULATED_SENT,"LEA_PORTAL, BANK_FMS_SIMULATED",True,2026-09-17T13:22:13.383289+00:00,sev=HIGH score=30
LOG-000966,ALT-000143,LOG,LOGGED,,False,2026-09-17T13:22:13.384289+00:00,dry_run=True
LOG-000967,ALT-000143,EMAIL,DRY_RUN,analyst-oncall@cybercrime-analytics.local,False,2026-09-17T13:22:13.384289+00:00,dry_run=True
LOG-000968,ALT-000143,SMS,SIMULATED_DELIVERED,+91-XXXXXXXXXX-LEA,True,2026-09-17T13:22:13.384289+00:00,
LOG-000969,ALT-000143,SMS,SIMULATED_DELIVERED,+91-XXXXXXXXXX-I4C,True,2026-09-17T13:22:13.384289+00:00,
LOG-000970,ALT-000143,WEBHOOK,SIMULATED_SENT,"LEA_PORTAL, BANK_FMS_SIMULATED",True,2026-09-17T13:22:13.384289+00:00,sev=HIGH score=40
LOG-000971,ALT-000144,LOG,LOGGED,,False,2026-09-17T13:22:13.384289+00:00,dry_run=True
LOG-000972,ALT-000144,EMAIL,DRY_RUN,analyst-oncall@cybercrime-analytics.local,False,2026-09-17T13:22:13.384289+00:00,dry_run=True
LOG-000973,ALT-000144,SMS,SIMULATED_DELIVERED,+91-XXXXXXXXXX-LEA,True,2026-09-17T13:22:13.385515+00:00,
LOG-000974,ALT-000144,SMS,SIMULATED_DELIVERED,+91-XXXXXXXXXX-I4C,True,2026-09-17T13:22:13.385515+00:00,
LOG-000975,ALT-000144,WEBHOOK,SIMULATED_SENT,"LEA_PORTAL, BANK_FMS_SIMULATED",True,2026-09-17T13:22:13.385515+00:00,sev=HIGH score=12
LOG-000976,ALT-000145,LOG,LOGGED,,False,2026-09-17T13:22:13.386525+00:00,dry_run=True
LOG-000977,ALT-000145,EMAIL,DRY_RUN,analyst-oncall@cybercrime-analytics.local,False,2026-09-17T13:22:13.386525+00:00,dry_run=True
LOG-000978,ALT-000145,SMS,SIMULATED_DELIVERED,+91-XXXXXXXXXX-LEA,True,2026-09-17T13:22:13.387525+00:00,
LOG-000979,ALT-000145,SMS,SIMULATED_DELIVERED,+91-XXXXXXXXXX-I4C,True,2026-09-17T13:22:13.387525+00:00,
LOG-000980,ALT-000145,WEBHOOK,SIMULATED_SENT,"LEA_PORTAL, BANK_FMS_SIMULATED",True,2026-09-17T13:22:13.387525+00:00,sev=HIGH score=28
LOG-000981,ALT-000146,LOG,LOGGED,,False,2026-09-17T13:22:13.387525+00:00,dry_run=True
LOG-000982,ALT-000146,EMAIL,DRY_RUN,analyst-oncall@cybercrime-analytics.local,False,2026-09-17T13:22:13.387525+00:00,dry_run=True
LOG-000983,ALT-000146,SMS,SIMULATED_DELIVERED,+91-XXXXXXXXXX-LEA,True,2026-09-17T13:22:13.387525+00:00,
LOG-000984,ALT-000146,SMS,SIMULATED_DELIVERED,+91-XXXXXXXXXX-I4C,True,2026-09-17T13:22:13.387525+00:00,
LOG-000985,ALT-000146,WEBHOOK,SIMULATED_SENT,"LEA_PORTAL, BANK_FMS_SIMULATED",True,2026-09-17T13:22:13.388705+00:00,sev=HIGH score=36
LOG-000986,ALT-000147,LOG,LOGGED,,False,2026-09-17T13:22:13.388705+00:00,dry_run=True
LOG-000987,ALT-000147,EMAIL,DRY_RUN,analyst-oncall@cybercrime-analytics.local,False,2026-09-17T13:22:13.388705+00:00,dry_run=True
LOG-000988,ALT-000147,SMS,SIMULATED_DELIVERED,+91-XXXXXXXXXX-LEA,True,2026-09-17T13:22:13.388705+00:00,
LOG-000989,ALT-000147,SMS,SIMULATED_DELIVERED,+91-XXXXXXXXXX-I4C,True,2026-09-17T13:22:13.389757+00:00,
LOG-000990,ALT-000147,WEBHOOK,SIMULATED_SENT,"LEA_PORTAL, BANK_FMS_SIMULATED",True,2026-09-17T13:22:13.389757+00:00,sev=HIGH score=15
LOG-000991,ALT-000148,LOG,LOGGED,,False,2026-09-17T13:22:13.389757+00:00,dry_run=True
LOG-000992,ALT-000148,EMAIL,DRY_RUN,analyst-oncall@cybercrime-analytics.local,False,2026-09-17T13:22:13.389757+00:00,dry_run=True
LOG-000993,ALT-000148,SMS,SIMULATED_DELIVERED,+91-XXXXXXXXXX-LEA,True,2026-09-17T13:22:13.389757+00:00,
LOG-000994,ALT-000148,SMS,SIMULATED_DELIVERED,+91-XXXXXXXXXX-I4C,True,2026-09-17T13:22:13.390764+00:00,
LOG-000995,ALT-000148,WEBHOOK,SIMULATED_SENT,"LEA_PORTAL, BANK_FMS_SIMULATED",True,2026-09-17T13:22:13.390764+00:00,sev=HIGH score=44
LOG-000996,ALT-000149,LOG,LOGGED,,False,2026-09-17T13:22:13.390764+00:00,dry_run=True
LOG-000997,ALT-000149,EMAIL,DRY_RUN,analyst-oncall@cybercrime-analytics.local,False,2026-09-17T13:22:13.390764+00:00,dry_run=True
LOG-000998,ALT-000149,SMS,SIMULATED_DELIVERED,+91-XXXXXXXXXX-LEA,True,2026-09-17T13:22:13.390764+00:00,
LOG-000999,ALT-000149,SMS,SIMULATED_DELIVERED,+91-XXXXXXXXXX-I4C,True,2026-09-17T13:22:13.390764+00:00,
LOG-001000,ALT-000149,WEBHOOK,SIMULATED_SENT,"LEA_PORTAL, BANK_FMS_SIMULATED",True,2026-09-17T13:22:13.390764+00:00,sev=HIGH score=20
LOG-001001,ALT-000150,LOG,LOGGED,,False,2026-09-17T13:22:13.391910+00:00,dry_run=True
LOG-001002,ALT-000150,EMAIL,DRY_RUN,analyst-oncall@cybercrime-analytics.local,False,2026-09-17T13:22:13.391910+00:00,dry_run=True
LOG-001003,ALT-000150,SMS,SIMULATED_DELIVERED,+91-XXXXXXXXXX-LEA,True,2026-09-17T13:22:13.391910+00:00,
LOG-001004,ALT-000150,SMS,SIMULATED_DELIVERED,+91-XXXXXXXXXX-I4C,True,2026-09-17T13:22:13.391910+00:00,
LOG-001005,ALT-000150,WEBHOOK,SIMULATED_SENT,"LEA_PORTAL, BANK_FMS_SIMULATED",True,2026-09-17T13:22:13.391910+00:00,sev=HIGH score=23
LOG-001006,ALT-000151,LOG,LOGGED,,False,2026-09-17T13:22:13.391910+00:00,dry_run=True
LOG-001007,ALT-000151,EMAIL,DRY_RUN,analyst-oncall@cybercrime-analytics.local,False,2026-09-17T13:22:13.391910+00:00,dry_run=True
LOG-001008,ALT-000151,SMS,SIMULATED_DELIVERED,+91-XXXXXXXXXX-LEA,True,2026-09-17T13:22:13.393017+00:00,
LOG-001009,ALT-000151,SMS,SIMULATED_DELIVERED,+91-XXXXXXXXXX-I4C,True,2026-09-17T13:22:13.393017+00:00,
LOG-001010,ALT-000151,WEBHOOK,SIMULATED_SENT,"LEA_PORTAL, BANK_FMS_SIMULATED",True,2026-09-17T13:22:13.393017+00:00,sev=HIGH score=29
LOG-001011,ALT-000152,LOG,LOGGED,,False,2026-09-17T13:22:13.393017+00:00,dry_run=True
LOG-001012,ALT-000152,EMAIL,DRY_RUN,analyst-oncall@cybercrime-analytics.local,False,2026-09-17T13:22:13.393017+00:00,dry_run=True
LOG-001013,ALT-000152,SMS,SIMULATED_DELIVERED,+91-XXXXXXXXXX-LEA,True,2026-09-17T13:22:13.393017+00:00,
LOG-001014,ALT-000152,SMS,SIMULATED_DELIVERED,+91-XXXXXXXXXX-I4C,True,2026-09-17T13:22:13.393017+00:00,
LOG-001015,ALT-000152,WEBHOOK,SIMULATED_SENT,"LEA_PORTAL, BANK_FMS_SIMULATED",True,2026-09-17T13:22:13.394025+00:00,sev=HIGH score=33
LOG-001016,ALT-000153,LOG,LOGGED,,False,2026-09-17T13:22:13.394025+00:00,dry_run=True
LOG-001017,ALT-000153,EMAIL,DRY_RUN,analyst-oncall@cybercrime-analytics.local,False,2026-09-17T13:22:13.394025+00:00,dry_run=True
LOG-001018,ALT-000153,SMS,SIMULATED_DELIVERED,+91-XXXXXXXXXX-LEA,True,2026-09-17T13:22:13.394025+00:00,
LOG-001019,ALT-000153,SMS,SIMULATED_DELIVERED,+91-XXXXXXXXXX-I4C,True,2026-09-17T13:22:13.394025+00:00,
LOG-001020,ALT-000153,WEBHOOK,SIMULATED_SENT,"LEA_PORTAL, BANK_FMS_SIMULATED",True,2026-09-17T13:22:13.394025+00:00,sev=HIGH score=33
LOG-001021,ALT-000154,LOG,LOGGED,,False,2026-09-17T13:22:13.394025+00:00,dry_run=True
LOG-001022,ALT-000154,EMAIL,DRY_RUN,analyst-oncall@cybercrime-analytics.local,False,2026-09-17T13:22:13.394025+00:00,dry_run=True
LOG-001023,ALT-000154,SMS,SIMULATED_DELIVERED,+91-XXXXXXXXXX-LEA,True,2026-09-17T13:22:13.395356+00:00,
LOG-001024,ALT-000154,SMS,SIMULATED_DELIVERED,+91-XXXXXXXXXX-I4C,True,2026-09-17T13:22:13.395356+00:00,
LOG-001025,ALT-000154,WEBHOOK,SIMULATED_SENT,"LEA_PORTAL, BANK_FMS_SIMULATED",True,2026-09-17T13:22:13.395356+00:00,sev=HIGH score=37
LOG-001026,ALT-000155,LOG,LOGGED,,False,2026-09-17T13:22:13.395356+00:00,dry_run=True
LOG-001027,ALT-000155,EMAIL,DRY_RUN,analyst-oncall@cybercrime-analytics.local,False,2026-09-17T13:22:13.395356+00:00,dry_run=True
LOG-001028,ALT-000155,SMS,SIMULATED_DELIVERED,+91-XXXXXXXXXX-LEA,True,2026-09-17T13:22:13.395356+00:00,
LOG-001029,ALT-000155,SMS,SIMULATED_DELIVERED,+91-XXXXXXXXXX-I4C,True,2026-09-17T13:22:13.396594+00:00,
LOG-001030,ALT-000155,WEBHOOK,SIMULATED_SENT,"LEA_PORTAL, BANK_FMS_SIMULATED",True,2026-09-17T13:22:13.396594+00:00,sev=CRITICAL score=91
LOG-001031,ALT-000156,LOG,LOGGED,,False,2026-09-17T13:22:13.396594+00:00,dry_run=True
LOG-001032,ALT-000156,EMAIL,DRY_RUN,analyst-oncall@cybercrime-analytics.local,False,2026-09-17T13:22:13.396594+00:00,dry_run=True
LOG-001033,ALT-000156,SMS,SIMULATED_DELIVERED,+91-XXXXXXXXXX-LEA,True,2026-09-17T13:22:13.396594+00:00,
LOG-001034,ALT-000156,SMS,SIMULATED_DELIVERED,+91-XXXXXXXXXX-I4C,True,2026-09-17T13:22:13.396594+00:00,
LOG-001035,ALT-000156,WEBHOOK,SIMULATED_SENT,"LEA_PORTAL, BANK_FMS_SIMULATED",True,2026-09-17T13:22:13.396594+00:00,sev=CRITICAL score=88
LOG-001036,ALT-DISP-01,LOG,LOGGED,,False,2026-09-17T13:23:35.413722+00:00,dry_run=True
LOG-001037,ALT-DISP-01,EMAIL,DRY_RUN,analyst-oncall@cybercrime-analytics.local,False,2026-09-17T13:23:35.414251+00:00,dry_run=True
LOG-001038,ALT-DISP-01,SMS,SIMULATED_DELIVERED,+91-XXXXXXXXXX-LEA,True,2026-09-17T13:23:35.414251+00:00,
LOG-001039,ALT-DISP-01,SMS,SIMULATED_DELIVERED,+91-XXXXXXXXXX-I4C,True,2026-09-17T13:23:35.414251+00:00,
LOG-001040,ALT-DISP-01,WEBHOOK,SIMULATED_SENT,"LEA_PORTAL, BANK_FMS_SIMULATED",True,2026-09-17T13:23:35.414773+00:00,sev=HIGH score=68
LOG-001041,ALT-DISP-01,LOG,LOGGED,,False,2026-09-17T13:49:22.607740+00:00,dry_run=True
LOG-001042,ALT-DISP-01,EMAIL,DRY_RUN,analyst-oncall@cybercrime-analytics.local,False,2026-09-17T13:49:22.607740+00:00,dry_run=True
LOG-001043,ALT-DISP-01,SMS,SIMULATED_DELIVERED,+91-XXXXXXXXXX-LEA,True,2026-09-17T13:49:22.608262+00:00,
LOG-001044,ALT-DISP-01,SMS,SIMULATED_DELIVERED,+91-XXXXXXXXXX-I4C,True,2026-09-17T13:49:22.608262+00:00,
LOG-001045,ALT-DISP-01,WEBHOOK,SIMULATED_SENT,"LEA_PORTAL, BANK_FMS_SIMULATED",True,2026-09-17T13:49:22.608262+00:00,sev=HIGH score=68
LOG-001046,ALT-000158,LOG,LOGGED,,False,2026-09-17T14:19:02.163101+00:00,dry_run=True
LOG-001047,ALT-000158,EMAIL,DRY_RUN,analyst-oncall@cybercrime-analytics.local,False,2026-09-17T14:19:02.164129+00:00,dry_run=True
LOG-001048,ALT-000158,SMS,SIMULATED_DELIVERED,+91-XXXXXXXXXX-LEA,True,2026-09-17T14:19:02.164129+00:00,
LOG-001049,ALT-000158,SMS,SIMULATED_DELIVERED,+91-XXXXXXXXXX-I4C,True,2026-09-17T14:19:02.164129+00:00,
LOG-001050,ALT-000158,WEBHOOK,SIMULATED_SENT,"LEA_PORTAL, BANK_FMS_SIMULATED",True,2026-09-17T14:19:02.164129+00:00,sev=HIGH score=61
LOG-001051,ALT-000159,LOG,LOGGED,,False,2026-09-17T14:19:02.165104+00:00,dry_run=True
LOG-001052,ALT-000159,EMAIL,DRY_RUN,analyst-oncall@cybercrime-analytics.local,False,2026-09-17T14:19:02.165104+00:00,dry_run=True
LOG-001053,ALT-000159,SMS,SIMULATED_DELIVERED,+91-XXXXXXXXXX-LEA,True,2026-09-17T14:19:02.165104+00:00,
LOG-001054,ALT-000159,SMS,SIMULATED_DELIVERED,+91-XXXXXXXXXX-I4C,True,2026-09-17T14:19:02.165104+00:00,
LOG-001055,ALT-000159,WEBHOOK,SIMULATED_SENT,"LEA_PORTAL, BANK_FMS_SIMULATED",True,2026-09-17T14:19:02.165104+00:00,sev=HIGH score=63
LOG-001056,ALT-000160,LOG,LOGGED,,False,2026-09-17T14:19:02.166286+00:00,dry_run=True
LOG-001057,ALT-000160,EMAIL,DRY_RUN,analyst-oncall@cybercrime-analytics.local,False,2026-09-17T14:19:02.166286+00:00,dry_run=True
LOG-001058,ALT-000160,SMS,SIMULATED_DELIVERED,+91-XXXXXXXXXX-LEA,True,2026-09-17T14:19:02.166286+00:00,
LOG-001059,ALT-000160,SMS,SIMULATED_DELIVERED,+91-XXXXXXXXXX-I4C,True,2026-09-17T14:19:02.166286+00:00,
LOG-001060,ALT-000160,WEBHOOK,SIMULATED_SENT,"LEA_PORTAL, BANK_FMS_SIMULATED",True,2026-09-17T14:19:02.166286+00:00,sev=HIGH score=60
LOG-001061,ALT-000161,LOG,LOGGED,,False,2026-09-17T14:19:02.167749+00:00,dry_run=True
LOG-001062,ALT-000161,EMAIL,DRY_RUN,analyst-oncall@cybercrime-analytics.local,False,2026-09-17T14:19:02.167749+00:00,dry_run=True
LOG-001063,ALT-000161,SMS,SIMULATED_DELIVERED,+91-XXXXXXXXXX-LEA,True,2026-09-17T14:19:02.167749+00:00,
LOG-001064,ALT-000161,SMS,SIMULATED_DELIVERED,+91-XXXXXXXXXX-I4C,True,2026-09-17T14:19:02.167749+00:00,
LOG-001065,ALT-000161,WEBHOOK,SIMULATED_SENT,"LEA_PORTAL, BANK_FMS_SIMULATED",True,2026-09-17T14:19:02.169200+00:00,sev=HIGH score=61
LOG-001066,ALT-000162,LOG,LOGGED,,False,2026-09-17T14:19:02.169200+00:00,dry_run=True
LOG-001067,ALT-000162,EMAIL,DRY_RUN,analyst-oncall@cybercrime-analytics.local,False,2026-09-17T14:19:02.170209+00:00,dry_run=True
LOG-001068,ALT-000162,SMS,SIMULATED_DELIVERED,+91-XXXXXXXXXX-LEA,True,2026-09-17T14:19:02.170209+00:00,
LOG-001069,ALT-000162,SMS,SIMULATED_DELIVERED,+91-XXXXXXXXXX-I4C,True,2026-09-17T14:19:02.170209+00:00,
LOG-001070,ALT-000162,WEBHOOK,SIMULATED_SENT,"LEA_PORTAL, BANK_FMS_SIMULATED",True,2026-09-17T14:19:02.170209+00:00,sev=HIGH score=60
LOG-001071,ALT-000163,LOG,LOGGED,,False,2026-09-17T14:19:02.171209+00:00,dry_run=True
LOG-001072,ALT-000163,EMAIL,DRY_RUN,analyst-oncall@cybercrime-analytics.local,False,2026-09-17T14:19:02.171209+00:00,dry_run=True
LOG-001073,ALT-000163,SMS,SIMULATED_DELIVERED,+91-XXXXXXXXXX-LEA,True,2026-09-17T14:19:02.171209+00:00,
LOG-001074,ALT-000163,SMS,SIMULATED_DELIVERED,+91-XXXXXXXXXX-I4C,True,2026-09-17T14:19:02.172211+00:00,
LOG-001075,ALT-000163,WEBHOOK,SIMULATED_SENT,"LEA_PORTAL, BANK_FMS_SIMULATED",True,2026-09-17T14:19:02.172211+00:00,sev=HIGH score=37
LOG-001076,ALT-000164,LOG,LOGGED,,False,2026-09-17T14:19:02.173210+00:00,dry_run=True
LOG-001077,ALT-000164,EMAIL,DRY_RUN,analyst-oncall@cybercrime-analytics.local,False,2026-09-17T14:19:02.173210+00:00,dry_run=True
LOG-001078,ALT-000164,SMS,SIMULATED_DELIVERED,+91-XXXXXXXXXX-LEA,True,2026-09-17T14:19:02.173210+00:00,
LOG-001079,ALT-000164,SMS,SIMULATED_DELIVERED,+91-XXXXXXXXXX-I4C,True,2026-09-17T14:19:02.173210+00:00,
LOG-001080,ALT-000164,WEBHOOK,SIMULATED_SENT,"LEA_PORTAL, BANK_FMS_SIMULATED",True,2026-09-17T14:19:02.173210+00:00,sev=HIGH score=38
LOG-001081,ALT-000165,LOG,LOGGED,,False,2026-09-17T14:19:02.174618+00:00,dry_run=True
LOG-001082,ALT-000165,EMAIL,DRY_RUN,analyst-oncall@cybercrime-analytics.local,False,2026-09-17T14:19:02.174618+00:00,dry_run=True
LOG-001083,ALT-000165,SMS,SIMULATED_DELIVERED,+91-XXXXXXXXXX-LEA,True,2026-09-17T14:19:02.174618+00:00,
LOG-001084,ALT-000165,SMS,SIMULATED_DELIVERED,+91-XXXXXXXXXX-I4C,True,2026-09-17T14:19:02.175883+00:00,
LOG-001085,ALT-000165,WEBHOOK,SIMULATED_SENT,"LEA_PORTAL, BANK_FMS_SIMULATED",True,2026-09-17T14:19:02.175883+00:00,sev=HIGH score=36
LOG-001086,ALT-000166,LOG,LOGGED,,False,2026-09-17T14:19:02.176882+00:00,dry_run=True
LOG-001087,ALT-000166,EMAIL,DRY_RUN,analyst-oncall@cybercrime-analytics.local,False,2026-09-17T14:19:02.176882+00:00,dry_run=True
LOG-001088,ALT-000166,SMS,SIMULATED_DELIVERED,+91-XXXXXXXXXX-LEA,True,2026-09-17T14:19:02.176882+00:00,
LOG-001089,ALT-000166,SMS,SIMULATED_DELIVERED,+91-XXXXXXXXXX-I4C,True,2026-09-17T14:19:02.176882+00:00,
LOG-001090,ALT-000166,WEBHOOK,SIMULATED_SENT,"LEA_PORTAL, BANK_FMS_SIMULATED",True,2026-09-17T14:19:02.177882+00:00,sev=HIGH score=41
LOG-001091,ALT-000167,LOG,LOGGED,,False,2026-09-17T14:19:02.177882+00:00,dry_run=True
LOG-001092,ALT-000167,EMAIL,DRY_RUN,analyst-oncall@cybercrime-analytics.local,False,2026-09-17T14:19:02.178887+00:00,dry_run=True
LOG-001093,ALT-000167,SMS,SIMULATED_DELIVERED,+91-XXXXXXXXXX-LEA,True,2026-09-17T14:19:02.178887+00:00,
LOG-001094,ALT-000167,SMS,SIMULATED_DELIVERED,+91-XXXXXXXXXX-I4C,True,2026-09-17T14:19:02.178887+00:00,
LOG-001095,ALT-000167,WEBHOOK,SIMULATED_SENT,"LEA_PORTAL, BANK_FMS_SIMULATED",True,2026-09-17T14:19:02.178887+00:00,sev=HIGH score=31
LOG-001096,ALT-000168,LOG,LOGGED,,False,2026-09-17T14:19:02.179969+00:00,dry_run=True
LOG-001097,ALT-000168,EMAIL,DRY_RUN,analyst-oncall@cybercrime-analytics.local,False,2026-09-17T14:19:02.179969+00:00,dry_run=True
LOG-001098,ALT-000168,SMS,SIMULATED_DELIVERED,+91-XXXXXXXXXX-LEA,True,2026-09-17T14:19:02.179969+00:00,
LOG-001099,ALT-000168,SMS,SIMULATED_DELIVERED,+91-XXXXXXXXXX-I4C,True,2026-09-17T14:19:02.179969+00:00,
LOG-001100,ALT-000168,WEBHOOK,SIMULATED_SENT,"LEA_PORTAL, BANK_FMS_SIMULATED",True,2026-09-17T14:19:02.180978+00:00,sev=HIGH score=31
LOG-001101,ALT-000169,LOG,LOGGED,,False,2026-09-17T14:19:02.180978+00:00,dry_run=True
LOG-001102,ALT-000169,EMAIL,DRY_RUN,analyst-oncall@cybercrime-analytics.local,False,2026-09-17T14:19:02.182011+00:00,dry_run=True
LOG-001103,ALT-000169,SMS,SIMULATED_DELIVERED,+91-XXXXXXXXXX-LEA,True,2026-09-17T14:19:02.182011+00:00,
LOG-001104,ALT-000169,SMS,SIMULATED_DELIVERED,+91-XXXXXXXXXX-I4C,True,2026-09-17T14:19:02.182011+00:00,
LOG-001105,ALT-000169,WEBHOOK,SIMULATED_SENT,"LEA_PORTAL, BANK_FMS_SIMULATED",True,2026-09-17T14:19:02.183039+00:00,sev=HIGH score=32
LOG-001106,ALT-000170,LOG,LOGGED,,False,2026-09-17T14:19:02.183039+00:00,dry_run=True
LOG-001107,ALT-000170,EMAIL,DRY_RUN,analyst-oncall@cybercrime-analytics.local,False,2026-09-17T14:19:02.183039+00:00,dry_run=True
LOG-001108,ALT-000170,SMS,SIMULATED_DELIVERED,+91-XXXXXXXXXX-LEA,True,2026-09-17T14:19:02.183039+00:00,
LOG-001109,ALT-000170,SMS,SIMULATED_DELIVERED,+91-XXXXXXXXXX-I4C,True,2026-09-17T14:19:02.184561+00:00,
LOG-001110,ALT-000170,WEBHOOK,SIMULATED_SENT,"LEA_PORTAL, BANK_FMS_SIMULATED",True,2026-09-17T14:19:02.184561+00:00,sev=HIGH score=34
LOG-001111,ALT-000171,LOG,LOGGED,,False,2026-09-17T14:19:02.184561+00:00,dry_run=True
LOG-001112,ALT-000171,EMAIL,DRY_RUN,analyst-oncall@cybercrime-analytics.local,False,2026-09-17T14:19:02.186133+00:00,dry_run=True
LOG-001113,ALT-000171,SMS,SIMULATED_DELIVERED,+91-XXXXXXXXXX-LEA,True,2026-09-17T14:19:02.186133+00:00,
LOG-001114,ALT-000171,SMS,SIMULATED_DELIVERED,+91-XXXXXXXXXX-I4C,True,2026-09-17T14:19:02.186133+00:00,
LOG-001115,ALT-000171,WEBHOOK,SIMULATED_SENT,"LEA_PORTAL, BANK_FMS_SIMULATED",True,2026-09-17T14:19:02.186798+00:00,sev=HIGH score=38
LOG-001116,ALT-000172,LOG,LOGGED,,False,2026-09-17T14:19:02.187305+00:00,dry_run=True
LOG-001117,ALT-000172,EMAIL,DRY_RUN,analyst-oncall@cybercrime-analytics.local,False,2026-09-17T14:19:02.187305+00:00,dry_run=True
LOG-001118,ALT-000172,SMS,SIMULATED_DELIVERED,+91-XXXXXXXXXX-LEA,True,2026-09-17T14:19:02.187305+00:00,
LOG-001119,ALT-000172,SMS,SIMULATED_DELIVERED,+91-XXXXXXXXXX-I4C,True,2026-09-17T14:19:02.187305+00:00,
LOG-001120,ALT-000172,WEBHOOK,SIMULATED_SENT,"LEA_PORTAL, BANK_FMS_SIMULATED",True,2026-09-17T14:19:02.187305+00:00,sev=HIGH score=65
LOG-001121,ALT-000173,LOG,LOGGED,,False,2026-09-17T14:19:02.188572+00:00,dry_run=True
LOG-001122,ALT-000173,EMAIL,DRY_RUN,analyst-oncall@cybercrime-analytics.local,False,2026-09-17T14:19:02.188572+00:00,dry_run=True
LOG-001123,ALT-000173,SMS,SIMULATED_DELIVERED,+91-XXXXXXXXXX-LEA,True,2026-09-17T14:19:02.189584+00:00,
LOG-001124,ALT-000173,SMS,SIMULATED_DELIVERED,+91-XXXXXXXXXX-I4C,True,2026-09-17T14:19:02.189584+00:00,
LOG-001125,ALT-000173,WEBHOOK,SIMULATED_SENT,"LEA_PORTAL, BANK_FMS_SIMULATED",True,2026-09-17T14:19:02.189584+00:00,sev=HIGH score=30
LOG-001126,ALT-000174,LOG,LOGGED,,False,2026-09-17T14:19:02.190725+00:00,dry_run=True
LOG-001127,ALT-000174,EMAIL,DRY_RUN,analyst-oncall@cybercrime-analytics.local,False,2026-09-17T14:19:02.190725+00:00,dry_run=True
LOG-001128,ALT-000174,SMS,SIMULATED_DELIVERED,+91-XXXXXXXXXX-LEA,True,2026-09-17T14:19:02.190725+00:00,
LOG-001129,ALT-000174,SMS,SIMULATED_DELIVERED,+91-XXXXXXXXXX-I4C,True,2026-09-17T14:19:02.190725+00:00,
LOG-001130,ALT-000174,WEBHOOK,SIMULATED_SENT,"LEA_PORTAL, BANK_FMS_SIMULATED",True,2026-09-17T14:19:02.190725+00:00,sev=HIGH score=34
LOG-001131,ALT-000175,LOG,LOGGED,,False,2026-09-17T14:19:02.192078+00:00,dry_run=True
LOG-001132,ALT-000175,EMAIL,DRY_RUN,analyst-oncall@cybercrime-analytics.local,False,2026-09-17T14:19:02.192078+00:00,dry_run=True
LOG-001133,ALT-000175,SMS,SIMULATED_DELIVERED,+91-XXXXXXXXXX-LEA,True,2026-09-17T14:19:02.192078+00:00,
LOG-001134,ALT-000175,SMS,SIMULATED_DELIVERED,+91-XXXXXXXXXX-I4C,True,2026-09-17T14:19:02.192078+00:00,
LOG-001135,ALT-000175,WEBHOOK,SIMULATED_SENT,"LEA_PORTAL, BANK_FMS_SIMULATED",True,2026-09-17T14:19:02.193272+00:00,sev=HIGH score=42
LOG-001136,ALT-000176,LOG,LOGGED,,False,2026-09-17T14:19:02.193272+00:00,dry_run=True
LOG-001137,ALT-000176,EMAIL,DRY_RUN,analyst-oncall@cybercrime-analytics.local,False,2026-09-17T14:19:02.193272+00:00,dry_run=True
LOG-001138,ALT-000176,SMS,SIMULATED_DELIVERED,+91-XXXXXXXXXX-LEA,True,2026-09-17T14:19:02.193272+00:00,
LOG-001139,ALT-000176,SMS,SIMULATED_DELIVERED,+91-XXXXXXXXXX-I4C,True,2026-09-17T14:19:02.193272+00:00,
LOG-001140,ALT-000176,WEBHOOK,SIMULATED_SENT,"LEA_PORTAL, BANK_FMS_SIMULATED",True,2026-09-17T14:19:02.194407+00:00,sev=HIGH score=52
LOG-001141,ALT-000177,LOG,LOGGED,,False,2026-09-17T14:19:02.194407+00:00,dry_run=True
LOG-001142,ALT-000177,EMAIL,DRY_RUN,analyst-oncall@cybercrime-analytics.local,False,2026-09-17T14:19:02.194407+00:00,dry_run=True
LOG-001143,ALT-000177,SMS,SIMULATED_DELIVERED,+91-XXXXXXXXXX-LEA,True,2026-09-17T14:19:02.194407+00:00,
LOG-001144,ALT-000177,SMS,SIMULATED_DELIVERED,+91-XXXXXXXXXX-I4C,True,2026-09-17T14:19:02.195415+00:00,
LOG-001145,ALT-000177,WEBHOOK,SIMULATED_SENT,"LEA_PORTAL, BANK_FMS_SIMULATED",True,2026-09-17T14:19:02.195415+00:00,sev=HIGH score=39
LOG-001146,ALT-000178,LOG,LOGGED,,False,2026-09-17T14:19:02.196417+00:00,dry_run=True
LOG-001147,ALT-000178,EMAIL,DRY_RUN,analyst-oncall@cybercrime-analytics.local,False,2026-09-17T14:19:02.196417+00:00,dry_run=True
LOG-001148,ALT-000178,SMS,SIMULATED_DELIVERED,+91-XXXXXXXXXX-LEA,True,2026-09-17T14:19:02.196417+00:00,
LOG-001149,ALT-000178,SMS,SIMULATED_DELIVERED,+91-XXXXXXXXXX-I4C,True,2026-09-17T14:19:02.196417+00:00,
LOG-001150,ALT-000178,WEBHOOK,SIMULATED_SENT,"LEA_PORTAL, BANK_FMS_SIMULATED",True,2026-09-17T14:19:02.197417+00:00,sev=HIGH score=35
LOG-001151,ALT-000179,LOG,LOGGED,,False,2026-09-17T14:19:02.197417+00:00,dry_run=True
LOG-001152,ALT-000179,EMAIL,DRY_RUN,analyst-oncall@cybercrime-analytics.local,False,2026-09-17T14:19:02.197417+00:00,dry_run=True
LOG-001153,ALT-000179,SMS,SIMULATED_DELIVERED,+91-XXXXXXXXXX-LEA,True,2026-09-17T14:19:02.198423+00:00,
LOG-001154,ALT-000179,SMS,SIMULATED_DELIVERED,+91-XXXXXXXXXX-I4C,True,2026-09-17T14:19:02.198423+00:00,
LOG-001155,ALT-000179,WEBHOOK,SIMULATED_SENT,"LEA_PORTAL, BANK_FMS_SIMULATED",True,2026-09-17T14:19:02.198423+00:00,sev=HIGH score=27
LOG-001156,ALT-000180,LOG,LOGGED,,False,2026-09-17T14:19:02.198423+00:00,dry_run=True
LOG-001157,ALT-000180,EMAIL,DRY_RUN,analyst-oncall@cybercrime-analytics.local,False,2026-09-17T14:19:02.199414+00:00,dry_run=True
LOG-001158,ALT-000180,SMS,SIMULATED_DELIVERED,+91-XXXXXXXXXX-LEA,True,2026-09-17T14:19:02.199414+00:00,
LOG-001159,ALT-000180,SMS,SIMULATED_DELIVERED,+91-XXXXXXXXXX-I4C,True,2026-09-17T14:19:02.199414+00:00,
LOG-001160,ALT-000180,WEBHOOK,SIMULATED_SENT,"LEA_PORTAL, BANK_FMS_SIMULATED",True,2026-09-17T14:19:02.199414+00:00,sev=HIGH score=23
LOG-001161,ALT-000181,LOG,LOGGED,,False,2026-09-17T14:19:02.200415+00:00,dry_run=True
LOG-001162,ALT-000181,EMAIL,DRY_RUN,analyst-oncall@cybercrime-analytics.local,False,2026-09-17T14:19:02.200415+00:00,dry_run=True
LOG-001163,ALT-000181,SMS,SIMULATED_DELIVERED,+91-XXXXXXXXXX-LEA,True,2026-09-17T14:19:02.201415+00:00,
LOG-001164,ALT-000181,SMS,SIMULATED_DELIVERED,+91-XXXXXXXXXX-I4C,True,2026-09-17T14:19:02.201415+00:00,
LOG-001165,ALT-000181,WEBHOOK,SIMULATED_SENT,"LEA_PORTAL, BANK_FMS_SIMULATED",True,2026-09-17T14:19:02.201415+00:00,sev=HIGH score=28
LOG-001166,ALT-000182,LOG,LOGGED,,False,2026-09-17T14:19:02.201415+00:00,dry_run=True
LOG-001167,ALT-000182,EMAIL,DRY_RUN,analyst-oncall@cybercrime-analytics.local,False,2026-09-17T14:19:02.202498+00:00,dry_run=True
LOG-001168,ALT-000182,SMS,SIMULATED_DELIVERED,+91-XXXXXXXXXX-LEA,True,2026-09-17T14:19:02.202498+00:00,
LOG-001169,ALT-000182,SMS,SIMULATED_DELIVERED,+91-XXXXXXXXXX-I4C,True,2026-09-17T14:19:02.202498+00:00,
LOG-001170,ALT-000182,WEBHOOK,SIMULATED_SENT,"LEA_PORTAL, BANK_FMS_SIMULATED",True,2026-09-17T14:19:02.202498+00:00,sev=HIGH score=37
LOG-001171,ALT-000183,LOG,LOGGED,,False,2026-09-17T14:19:02.203932+00:00,dry_run=True
LOG-001172,ALT-000183,EMAIL,DRY_RUN,analyst-oncall@cybercrime-analytics.local,False,2026-09-17T14:19:02.203932+00:00,dry_run=True
LOG-001173,ALT-000183,SMS,SIMULATED_DELIVERED,+91-XXXXXXXXXX-LEA,True,2026-09-17T14:19:02.203932+00:00,
LOG-001174,ALT-000183,SMS,SIMULATED_DELIVERED,+91-XXXXXXXXXX-I4C,True,2026-09-17T14:19:02.203932+00:00,
LOG-001175,ALT-000183,WEBHOOK,SIMULATED_SENT,"LEA_PORTAL, BANK_FMS_SIMULATED",True,2026-09-17T14:19:02.204942+00:00,sev=HIGH score=36
LOG-001176,ALT-000184,LOG,LOGGED,,False,2026-09-17T14:19:02.204942+00:00,dry_run=True
LOG-001177,ALT-000184,EMAIL,DRY_RUN,analyst-oncall@cybercrime-analytics.local,False,2026-09-17T14:19:02.205940+00:00,dry_run=True
LOG-001178,ALT-000184,SMS,SIMULATED_DELIVERED,+91-XXXXXXXXXX-LEA,True,2026-09-17T14:19:02.205940+00:00,
LOG-001179,ALT-000184,SMS,SIMULATED_DELIVERED,+91-XXXXXXXXXX-I4C,True,2026-09-17T14:19:02.205940+00:00,
LOG-001180,ALT-000184,WEBHOOK,SIMULATED_SENT,"LEA_PORTAL, BANK_FMS_SIMULATED",True,2026-09-17T14:19:02.205940+00:00,sev=HIGH score=39
LOG-001181,ALT-000185,LOG,LOGGED,,False,2026-09-17T14:19:02.206941+00:00,dry_run=True
LOG-001182,ALT-000185,EMAIL,DRY_RUN,analyst-oncall@cybercrime-analytics.local,False,2026-09-17T14:19:02.206941+00:00,dry_run=True
LOG-001183,ALT-000185,SMS,SIMULATED_DELIVERED,+91-XXXXXXXXXX-LEA,True,2026-09-17T14:19:02.206941+00:00,
LOG-001184,ALT-000185,SMS,SIMULATED_DELIVERED,+91-XXXXXXXXXX-I4C,True,2026-09-17T14:19:02.206941+00:00,
LOG-001185,ALT-000185,WEBHOOK,SIMULATED_SENT,"LEA_PORTAL, BANK_FMS_SIMULATED",True,2026-09-17T14:19:02.207939+00:00,sev=HIGH score=40
LOG-001186,ALT-000186,LOG,LOGGED,,False,2026-09-17T14:19:02.207939+00:00,dry_run=True
LOG-001187,ALT-000186,EMAIL,DRY_RUN,analyst-oncall@cybercrime-analytics.local,False,2026-09-17T14:19:02.207939+00:00,dry_run=True
LOG-001188,ALT-000186,SMS,SIMULATED_DELIVERED,+91-XXXXXXXXXX-LEA,True,2026-09-17T14:19:02.207939+00:00,
LOG-001189,ALT-000186,SMS,SIMULATED_DELIVERED,+91-XXXXXXXXXX-I4C,True,2026-09-17T14:19:02.208941+00:00,
LOG-001190,ALT-000186,WEBHOOK,SIMULATED_SENT,"LEA_PORTAL, BANK_FMS_SIMULATED",True,2026-09-17T14:19:02.208941+00:00,sev=HIGH score=34
LOG-001191,ALT-000187,LOG,LOGGED,,False,2026-09-17T14:19:02.208941+00:00,dry_run=True
LOG-001192,ALT-000187,EMAIL,DRY_RUN,analyst-oncall@cybercrime-analytics.local,False,2026-09-17T14:19:02.208941+00:00,dry_run=True
LOG-001193,ALT-000187,SMS,SIMULATED_DELIVERED,+91-XXXXXXXXXX-LEA,True,2026-09-17T14:19:02.210331+00:00,
LOG-001194,ALT-000187,SMS,SIMULATED_DELIVERED,+91-XXXXXXXXXX-I4C,True,2026-09-17T14:19:02.210331+00:00,
LOG-001195,ALT-000187,WEBHOOK,SIMULATED_SENT,"LEA_PORTAL, BANK_FMS_SIMULATED",True,2026-09-17T14:19:02.210331+00:00,sev=HIGH score=33
LOG-001196,ALT-000188,LOG,LOGGED,,False,2026-09-17T14:19:02.211342+00:00,dry_run=True
LOG-001197,ALT-000188,EMAIL,DRY_RUN,analyst-oncall@cybercrime-analytics.local,False,2026-09-17T14:19:02.211342+00:00,dry_run=True
LOG-001198,ALT-000188,SMS,SIMULATED_DELIVERED,+91-XXXXXXXXXX-LEA,True,2026-09-17T14:19:02.211342+00:00,
LOG-001199,ALT-000188,SMS,SIMULATED_DELIVERED,+91-XXXXXXXXXX-I4C,True,2026-09-17T14:19:02.211342+00:00,
LOG-001200,ALT-000188,WEBHOOK,SIMULATED_SENT,"LEA_PORTAL, BANK_FMS_SIMULATED",True,2026-09-17T14:19:02.211342+00:00,sev=HIGH score=36
LOG-001201,ALT-000189,LOG,LOGGED,,False,2026-09-17T14:19:02.212340+00:00,dry_run=True
LOG-001202,ALT-000189,EMAIL,DRY_RUN,analyst-oncall@cybercrime-analytics.local,False,2026-09-17T14:19:02.212340+00:00,dry_run=True
LOG-001203,ALT-000189,SMS,SIMULATED_DELIVERED,+91-XXXXXXXXXX-LEA,True,2026-09-17T14:19:02.212340+00:00,
LOG-001204,ALT-000189,SMS,SIMULATED_DELIVERED,+91-XXXXXXXXXX-I4C,True,2026-09-17T14:19:02.213343+00:00,
LOG-001205,ALT-000189,WEBHOOK,SIMULATED_SENT,"LEA_PORTAL, BANK_FMS_SIMULATED",True,2026-09-17T14:19:02.213343+00:00,sev=HIGH score=26
LOG-001206,ALT-000190,LOG,LOGGED,,False,2026-09-17T14:19:02.213343+00:00,dry_run=True
LOG-001207,ALT-000190,EMAIL,DRY_RUN,analyst-oncall@cybercrime-analytics.local,False,2026-09-17T14:19:02.214344+00:00,dry_run=True
LOG-001208,ALT-000190,SMS,SIMULATED_DELIVERED,+91-XXXXXXXXXX-LEA,True,2026-09-17T14:19:02.214344+00:00,
LOG-001209,ALT-000190,SMS,SIMULATED_DELIVERED,+91-XXXXXXXXXX-I4C,True,2026-09-17T14:19:02.214344+00:00,
LOG-001210,ALT-000190,WEBHOOK,SIMULATED_SENT,"LEA_PORTAL, BANK_FMS_SIMULATED",True,2026-09-17T14:19:02.214344+00:00,sev=HIGH score=34
LOG-001211,ALT-000191,LOG,LOGGED,,False,2026-09-17T14:19:02.215447+00:00,dry_run=True
LOG-001212,ALT-000191,EMAIL,DRY_RUN,analyst-oncall@cybercrime-analytics.local,False,2026-09-17T14:19:02.215447+00:00,dry_run=True
LOG-001213,ALT-000191,SMS,SIMULATED_DELIVERED,+91-XXXXXXXXXX-LEA,True,2026-09-17T14:19:02.215447+00:00,
LOG-001214,ALT-000191,SMS,SIMULATED_DELIVERED,+91-XXXXXXXXXX-I4C,True,2026-09-17T14:19:02.216488+00:00,
LOG-001215,ALT-000191,WEBHOOK,SIMULATED_SENT,"LEA_PORTAL, BANK_FMS_SIMULATED",True,2026-09-17T14:19:02.216488+00:00,sev=HIGH score=30
LOG-001216,ALT-000192,LOG,LOGGED,,False,2026-09-17T14:19:02.217615+00:00,dry_run=True
LOG-001217,ALT-000192,EMAIL,DRY_RUN,analyst-oncall@cybercrime-analytics.local,False,2026-09-17T14:19:02.217615+00:00,dry_run=True
LOG-001218,ALT-000192,SMS,SIMULATED_DELIVERED,+91-XXXXXXXXXX-LEA,True,2026-09-17T14:19:02.217615+00:00,
LOG-001219,ALT-000192,SMS,SIMULATED_DELIVERED,+91-XXXXXXXXXX-I4C,True,2026-09-17T14:19:02.217615+00:00,
LOG-001220,ALT-000192,WEBHOOK,SIMULATED_SENT,"LEA_PORTAL, BANK_FMS_SIMULATED",True,2026-09-17T14:19:02.217615+00:00,sev=HIGH score=37
LOG-001221,ALT-000193,LOG,LOGGED,,False,2026-09-17T14:19:02.218923+00:00,dry_run=True
LOG-001222,ALT-000193,EMAIL,DRY_RUN,analyst-oncall@cybercrime-analytics.local,False,2026-09-17T14:19:02.218923+00:00,dry_run=True
LOG-001223,ALT-000193,SMS,SIMULATED_DELIVERED,+91-XXXXXXXXXX-LEA,True,2026-09-17T14:19:02.219933+00:00,
LOG-001224,ALT-000193,SMS,SIMULATED_DELIVERED,+91-XXXXXXXXXX-I4C,True,2026-09-17T14:19:02.219933+00:00,
LOG-001225,ALT-000193,WEBHOOK,SIMULATED_SENT,"LEA_PORTAL, BANK_FMS_SIMULATED",True,2026-09-17T14:19:02.219933+00:00,sev=HIGH score=32
LOG-001226,ALT-000194,LOG,LOGGED,,False,2026-09-17T14:19:02.220932+00:00,dry_run=True
LOG-001227,ALT-000194,EMAIL,DRY_RUN,analyst-oncall@cybercrime-analytics.local,False,2026-09-17T14:19:02.220932+00:00,dry_run=True
LOG-001228,ALT-000194,SMS,SIMULATED_DELIVERED,+91-XXXXXXXXXX-LEA,True,2026-09-17T14:19:02.220932+00:00,
LOG-001229,ALT-000194,SMS,SIMULATED_DELIVERED,+91-XXXXXXXXXX-I4C,True,2026-09-17T14:19:02.220932+00:00,
LOG-001230,ALT-000194,WEBHOOK,SIMULATED_SENT,"LEA_PORTAL, BANK_FMS_SIMULATED",True,2026-09-17T14:19:02.220932+00:00,sev=HIGH score=30
LOG-001231,ALT-000195,LOG,LOGGED,,False,2026-09-17T14:19:02.221932+00:00,dry_run=True
LOG-001232,ALT-000195,EMAIL,DRY_RUN,analyst-oncall@cybercrime-analytics.local,False,2026-09-17T14:19:02.221932+00:00,dry_run=True
LOG-001233,ALT-000195,SMS,SIMULATED_DELIVERED,+91-XXXXXXXXXX-LEA,True,2026-09-17T14:19:02.221932+00:00,
LOG-001234,ALT-000195,SMS,SIMULATED_DELIVERED,+91-XXXXXXXXXX-I4C,True,2026-09-17T14:19:02.221932+00:00,
LOG-001235,ALT-000195,WEBHOOK,SIMULATED_SENT,"LEA_PORTAL, BANK_FMS_SIMULATED",True,2026-09-17T14:19:02.222930+00:00,sev=HIGH score=40
LOG-001236,ALT-000196,LOG,LOGGED,,False,2026-09-17T14:19:02.222930+00:00,dry_run=True
LOG-001237,ALT-000196,EMAIL,DRY_RUN,analyst-oncall@cybercrime-analytics.local,False,2026-09-17T14:19:02.222930+00:00,dry_run=True
LOG-001238,ALT-000196,SMS,SIMULATED_DELIVERED,+91-XXXXXXXXXX-LEA,True,2026-09-17T14:19:02.222930+00:00,
LOG-001239,ALT-000196,SMS,SIMULATED_DELIVERED,+91-XXXXXXXXXX-I4C,True,2026-09-17T14:19:02.224317+00:00,
LOG-001240,ALT-000196,WEBHOOK,SIMULATED_SENT,"LEA_PORTAL, BANK_FMS_SIMULATED",True,2026-09-17T14:19:02.224317+00:00,sev=HIGH score=12
LOG-001241,ALT-000197,LOG,LOGGED,,False,2026-09-17T14:19:02.226585+00:00,dry_run=True
LOG-001242,ALT-000197,EMAIL,DRY_RUN,analyst-oncall@cybercrime-analytics.local,False,2026-09-17T14:19:02.227559+00:00,dry_run=True
LOG-001243,ALT-000197,SMS,SIMULATED_DELIVERED,+91-XXXXXXXXXX-LEA,True,2026-09-17T14:19:02.227559+00:00,
LOG-001244,ALT-000197,SMS,SIMULATED_DELIVERED,+91-XXXXXXXXXX-I4C,True,2026-09-17T14:19:02.227559+00:00,
LOG-001245,ALT-000197,WEBHOOK,SIMULATED_SENT,"LEA_PORTAL, BANK_FMS_SIMULATED",True,2026-09-17T14:19:02.228555+00:00,sev=HIGH score=28
LOG-001246,ALT-000198,LOG,LOGGED,,False,2026-09-17T14:19:02.228555+00:00,dry_run=True
LOG-001247,ALT-000198,EMAIL,DRY_RUN,analyst-oncall@cybercrime-analytics.local,False,2026-09-17T14:19:02.228555+00:00,dry_run=True
LOG-001248,ALT-000198,SMS,SIMULATED_DELIVERED,+91-XXXXXXXXXX-LEA,True,2026-09-17T14:19:02.228555+00:00,
LOG-001249,ALT-000198,SMS,SIMULATED_DELIVERED,+91-XXXXXXXXXX-I4C,True,2026-09-17T14:19:02.229730+00:00,
LOG-001250,ALT-000198,WEBHOOK,SIMULATED_SENT,"LEA_PORTAL, BANK_FMS_SIMULATED",True,2026-09-17T14:19:02.229730+00:00,sev=HIGH score=36
LOG-001251,ALT-000199,LOG,LOGGED,,False,2026-09-17T14:19:02.229730+00:00,dry_run=True
LOG-001252,ALT-000199,EMAIL,DRY_RUN,analyst-oncall@cybercrime-analytics.local,False,2026-09-17T14:19:02.230739+00:00,dry_run=True
LOG-001253,ALT-000199,SMS,SIMULATED_DELIVERED,+91-XXXXXXXXXX-LEA,True,2026-09-17T14:19:02.230739+00:00,
LOG-001254,ALT-000199,SMS,SIMULATED_DELIVERED,+91-XXXXXXXXXX-I4C,True,2026-09-17T14:19:02.231739+00:00,
LOG-001255,ALT-000199,WEBHOOK,SIMULATED_SENT,"LEA_PORTAL, BANK_FMS_SIMULATED",True,2026-09-17T14:19:02.231739+00:00,sev=HIGH score=15
LOG-001256,ALT-000200,LOG,LOGGED,,False,2026-09-17T14:19:02.232737+00:00,dry_run=True
LOG-001257,ALT-000200,EMAIL,DRY_RUN,analyst-oncall@cybercrime-analytics.local,False,2026-09-17T14:19:02.232737+00:00,dry_run=True
LOG-001258,ALT-000200,SMS,SIMULATED_DELIVERED,+91-XXXXXXXXXX-LEA,True,2026-09-17T14:19:02.232737+00:00,
LOG-001259,ALT-000200,SMS,SIMULATED_DELIVERED,+91-XXXXXXXXXX-I4C,True,2026-09-17T14:19:02.232737+00:00,
LOG-001260,ALT-000200,WEBHOOK,SIMULATED_SENT,"LEA_PORTAL, BANK_FMS_SIMULATED",True,2026-09-17T14:19:02.233836+00:00,sev=HIGH score=44
LOG-001261,ALT-000201,LOG,LOGGED,,False,2026-09-17T14:19:02.233836+00:00,dry_run=True
LOG-001262,ALT-000201,EMAIL,DRY_RUN,analyst-oncall@cybercrime-analytics.local,False,2026-09-17T14:19:02.233836+00:00,dry_run=True
LOG-001263,ALT-000201,SMS,SIMULATED_DELIVERED,+91-XXXXXXXXXX-LEA,True,2026-09-17T14:19:02.233836+00:00,
LOG-001264,ALT-000201,SMS,SIMULATED_DELIVERED,+91-XXXXXXXXXX-I4C,True,2026-09-17T14:19:02.233836+00:00,
LOG-001265,ALT-000201,WEBHOOK,SIMULATED_SENT,"LEA_PORTAL, BANK_FMS_SIMULATED",True,2026-09-17T14:19:02.233836+00:00,sev=HIGH score=20
LOG-001266,ALT-000202,LOG,LOGGED,,False,2026-09-17T14:19:02.235311+00:00,dry_run=True
LOG-001267,ALT-000202,EMAIL,DRY_RUN,analyst-oncall@cybercrime-analytics.local,False,2026-09-17T14:19:02.235311+00:00,dry_run=True
LOG-001268,ALT-000202,SMS,SIMULATED_DELIVERED,+91-XXXXXXXXXX-LEA,True,2026-09-17T14:19:02.235311+00:00,
LOG-001269,ALT-000202,SMS,SIMULATED_DELIVERED,+91-XXXXXXXXXX-I4C,True,2026-09-17T14:19:02.236320+00:00,
LOG-001270,ALT-000202,WEBHOOK,SIMULATED_SENT,"LEA_PORTAL, BANK_FMS_SIMULATED",True,2026-09-17T14:19:02.236320+00:00,sev=HIGH score=23
LOG-001271,ALT-000203,LOG,LOGGED,,False,2026-09-17T14:19:02.236320+00:00,dry_run=True
LOG-001272,ALT-000203,EMAIL,DRY_RUN,analyst-oncall@cybercrime-analytics.local,False,2026-09-17T14:19:02.237320+00:00,dry_run=True
LOG-001273,ALT-000203,SMS,SIMULATED_DELIVERED,+91-XXXXXXXXXX-LEA,True,2026-09-17T14:19:02.237320+00:00,
LOG-001274,ALT-000203,SMS,SIMULATED_DELIVERED,+91-XXXXXXXXXX-I4C,True,2026-09-17T14:19:02.237320+00:00,
LOG-001275,ALT-000203,WEBHOOK,SIMULATED_SENT,"LEA_PORTAL, BANK_FMS_SIMULATED",True,2026-09-17T14:19:02.238318+00:00,sev=HIGH score=29
LOG-001276,ALT-000204,LOG,LOGGED,,False,2026-09-17T14:19:02.238318+00:00,dry_run=True
LOG-001277,ALT-000204,EMAIL,DRY_RUN,analyst-oncall@cybercrime-analytics.local,False,2026-09-17T14:19:02.238318+00:00,dry_run=True
LOG-001278,ALT-000204,SMS,SIMULATED_DELIVERED,+91-XXXXXXXXXX-LEA,True,2026-09-17T14:19:02.239320+00:00,
LOG-001279,ALT-000204,SMS,SIMULATED_DELIVERED,+91-XXXXXXXXXX-I4C,True,2026-09-17T14:19:02.239320+00:00,
LOG-001280,ALT-000204,WEBHOOK,SIMULATED_SENT,"LEA_PORTAL, BANK_FMS_SIMULATED",True,2026-09-17T14:19:02.239320+00:00,sev=HIGH score=33
LOG-001281,ALT-000205,LOG,LOGGED,,False,2026-09-17T14:19:02.240329+00:00,dry_run=True
LOG-001282,ALT-000205,EMAIL,DRY_RUN,analyst-oncall@cybercrime-analytics.local,False,2026-09-17T14:19:02.240329+00:00,dry_run=True
LOG-001283,ALT-000205,SMS,SIMULATED_DELIVERED,+91-XXXXXXXXXX-LEA,True,2026-09-17T14:19:02.240329+00:00,
LOG-001284,ALT-000205,SMS,SIMULATED_DELIVERED,+91-XXXXXXXXXX-I4C,True,2026-09-17T14:19:02.240329+00:00,
LOG-001285,ALT-000205,WEBHOOK,SIMULATED_SENT,"LEA_PORTAL, BANK_FMS_SIMULATED",True,2026-09-17T14:19:02.240329+00:00,sev=HIGH score=33
LOG-001286,ALT-000206,LOG,LOGGED,,False,2026-09-17T14:19:02.241614+00:00,dry_run=True
LOG-001287,ALT-000206,EMAIL,DRY_RUN,analyst-oncall@cybercrime-analytics.local,False,2026-09-17T14:19:02.241614+00:00,dry_run=True
LOG-001288,ALT-000206,SMS,SIMULATED_DELIVERED,+91-XXXXXXXXXX-LEA,True,2026-09-17T14:19:02.241614+00:00,
LOG-001289,ALT-000206,SMS,SIMULATED_DELIVERED,+91-XXXXXXXXXX-I4C,True,2026-09-17T14:19:02.241614+00:00,
LOG-001290,ALT-000206,WEBHOOK,SIMULATED_SENT,"LEA_PORTAL, BANK_FMS_SIMULATED",True,2026-09-17T14:19:02.242850+00:00,sev=HIGH score=37
LOG-001291,ALT-000207,LOG,LOGGED,,False,2026-09-17T14:19:02.242850+00:00,dry_run=True
LOG-001292,ALT-000207,EMAIL,DRY_RUN,analyst-oncall@cybercrime-analytics.local,False,2026-09-17T14:19:02.242850+00:00,dry_run=True
LOG-001293,ALT-000207,SMS,SIMULATED_DELIVERED,+91-XXXXXXXXXX-LEA,True,2026-09-17T14:19:02.242850+00:00,
LOG-001294,ALT-000207,SMS,SIMULATED_DELIVERED,+91-XXXXXXXXXX-I4C,True,2026-09-17T14:19:02.242850+00:00,
LOG-001295,ALT-000207,WEBHOOK,SIMULATED_SENT,"LEA_PORTAL, BANK_FMS_SIMULATED",True,2026-09-17T14:19:02.242850+00:00,sev=CRITICAL score=91
LOG-001296,ALT-000208,LOG,LOGGED,,False,2026-09-17T14:19:02.244099+00:00,dry_run=True
LOG-001297,ALT-000208,EMAIL,DRY_RUN,analyst-oncall@cybercrime-analytics.local,False,2026-09-17T14:19:02.244099+00:00,dry_run=True
LOG-001298,ALT-000208,SMS,SIMULATED_DELIVERED,+91-XXXXXXXXXX-LEA,True,2026-09-17T14:19:02.244099+00:00,
LOG-001299,ALT-000208,SMS,SIMULATED_DELIVERED,+91-XXXXXXXXXX-I4C,True,2026-09-17T14:19:02.245106+00:00,
LOG-001300,ALT-000208,WEBHOOK,SIMULATED_SENT,"LEA_PORTAL, BANK_FMS_SIMULATED",True,2026-09-17T14:19:02.245106+00:00,sev=CRITICAL score=88
LOG-001301,ALT-DISP-01,LOG,LOGGED,,False,2026-09-17T14:20:25.172409+00:00,dry_run=True
LOG-001302,ALT-DISP-01,EMAIL,DRY_RUN,analyst-oncall@cybercrime-analytics.local,False,2026-09-17T14:20:25.172943+00:00,dry_run=True
LOG-001303,ALT-DISP-01,SMS,SIMULATED_DELIVERED,+91-XXXXXXXXXX-LEA,True,2026-09-17T14:20:25.172943+00:00,
LOG-001304,ALT-DISP-01,SMS,SIMULATED_DELIVERED,+91-XXXXXXXXXX-I4C,True,2026-09-17T14:20:25.172943+00:00,
LOG-001305,ALT-DISP-01,WEBHOOK,SIMULATED_SENT,"LEA_PORTAL, BANK_FMS_SIMULATED",True,2026-09-17T14:20:25.172943+00:00,sev=HIGH score=68
LOG-001306,ALT-000209,LOG,LOGGED,,False,2026-09-18T08:28:59.416408+00:00,dry_run=True
LOG-001307,ALT-000209,EMAIL,DRY_RUN,analyst-oncall@cybercrime-analytics.local,False,2026-09-18T08:28:59.416408+00:00,dry_run=True
LOG-001308,ALT-000209,SMS,SIMULATED_DELIVERED,+91-XXXXXXXXXX-LEA,True,2026-09-18T08:28:59.416408+00:00,
LOG-001309,ALT-000209,SMS,SIMULATED_DELIVERED,+91-XXXXXXXXXX-I4C,True,2026-09-18T08:28:59.417410+00:00,
LOG-001310,ALT-000209,WEBHOOK,SIMULATED_SENT,"LEA_PORTAL, BANK_FMS_SIMULATED",True,2026-09-18T08:28:59.417410+00:00,sev=HIGH score=61
LOG-001311,ALT-000210,LOG,LOGGED,,False,2026-09-18T08:28:59.417410+00:00,dry_run=True
LOG-001312,ALT-000210,EMAIL,DRY_RUN,analyst-oncall@cybercrime-analytics.local,False,2026-09-18T08:28:59.417410+00:00,dry_run=True
LOG-001313,ALT-000210,SMS,SIMULATED_DELIVERED,+91-XXXXXXXXXX-LEA,True,2026-09-18T08:28:59.417410+00:00,
LOG-001314,ALT-000210,SMS,SIMULATED_DELIVERED,+91-XXXXXXXXXX-I4C,True,2026-09-18T08:28:59.417410+00:00,
LOG-001315,ALT-000210,WEBHOOK,SIMULATED_SENT,"LEA_PORTAL, BANK_FMS_SIMULATED",True,2026-09-18T08:28:59.418410+00:00,sev=HIGH score=63
LOG-001316,ALT-000211,LOG,LOGGED,,False,2026-09-18T08:28:59.418410+00:00,dry_run=True
LOG-001317,ALT-000211,EMAIL,DRY_RUN,analyst-oncall@cybercrime-analytics.local,False,2026-09-18T08:28:59.418410+00:00,dry_run=True
LOG-001318,ALT-000211,SMS,SIMULATED_DELIVERED,+91-XXXXXXXXXX-LEA,True,2026-09-18T08:28:59.418410+00:00,
LOG-001319,ALT-000211,SMS,SIMULATED_DELIVERED,+91-XXXXXXXXXX-I4C,True,2026-09-18T08:28:59.418410+00:00,
LOG-001320,ALT-000211,WEBHOOK,SIMULATED_SENT,"LEA_PORTAL, BANK_FMS_SIMULATED",True,2026-09-18T08:28:59.418410+00:00,sev=HIGH score=60
LOG-001321,ALT-000212,LOG,LOGGED,,False,2026-09-18T08:28:59.419605+00:00,dry_run=True
LOG-001322,ALT-000212,EMAIL,DRY_RUN,analyst-oncall@cybercrime-analytics.local,False,2026-09-18T08:28:59.419605+00:00,dry_run=True
LOG-001323,ALT-000212,SMS,SIMULATED_DELIVERED,+91-XXXXXXXXXX-LEA,True,2026-09-18T08:28:59.419605+00:00,
LOG-001324,ALT-000212,SMS,SIMULATED_DELIVERED,+91-XXXXXXXXXX-I4C,True,2026-09-18T08:28:59.419605+00:00,
LOG-001325,ALT-000212,WEBHOOK,SIMULATED_SENT,"LEA_PORTAL, BANK_FMS_SIMULATED",True,2026-09-18T08:28:59.419605+00:00,sev=HIGH score=61
LOG-001326,ALT-000213,LOG,LOGGED,,False,2026-09-18T08:28:59.420614+00:00,dry_run=True
LOG-001327,ALT-000213,EMAIL,DRY_RUN,analyst-oncall@cybercrime-analytics.local,False,2026-09-18T08:28:59.420614+00:00,dry_run=True
LOG-001328,ALT-000213,SMS,SIMULATED_DELIVERED,+91-XXXXXXXXXX-LEA,True,2026-09-18T08:28:59.420614+00:00,
LOG-001329,ALT-000213,SMS,SIMULATED_DELIVERED,+91-XXXXXXXXXX-I4C,True,2026-09-18T08:28:59.420614+00:00,
LOG-001330,ALT-000213,WEBHOOK,SIMULATED_SENT,"LEA_PORTAL, BANK_FMS_SIMULATED",True,2026-09-18T08:28:59.420614+00:00,sev=HIGH score=60
LOG-001331,ALT-000214,LOG,LOGGED,,False,2026-09-18T08:28:59.420614+00:00,dry_run=True
LOG-001332,ALT-000214,EMAIL,DRY_RUN,analyst-oncall@cybercrime-analytics.local,False,2026-09-18T08:28:59.421810+00:00,dry_run=True
LOG-001333,ALT-000214,SMS,SIMULATED_DELIVERED,+91-XXXXXXXXXX-LEA,True,2026-09-18T08:28:59.421810+00:00,
LOG-001334,ALT-000214,SMS,SIMULATED_DELIVERED,+91-XXXXXXXXXX-I4C,True,2026-09-18T08:28:59.421810+00:00,
LOG-001335,ALT-000214,WEBHOOK,SIMULATED_SENT,"LEA_PORTAL, BANK_FMS_SIMULATED",True,2026-09-18T08:28:59.421810+00:00,sev=HIGH score=37
LOG-001336,ALT-000215,LOG,LOGGED,,False,2026-09-18T08:28:59.421810+00:00,dry_run=True
LOG-001337,ALT-000215,EMAIL,DRY_RUN,analyst-oncall@cybercrime-analytics.local,False,2026-09-18T08:28:59.422816+00:00,dry_run=True
LOG-001338,ALT-000215,SMS,SIMULATED_DELIVERED,+91-XXXXXXXXXX-LEA,True,2026-09-18T08:28:59.422816+00:00,
LOG-001339,ALT-000215,SMS,SIMULATED_DELIVERED,+91-XXXXXXXXXX-I4C,True,2026-09-18T08:28:59.422816+00:00,
LOG-001340,ALT-000215,WEBHOOK,SIMULATED_SENT,"LEA_PORTAL, BANK_FMS_SIMULATED",True,2026-09-18T08:28:59.422816+00:00,sev=HIGH score=38
LOG-001341,ALT-000216,LOG,LOGGED,,False,2026-09-18T08:28:59.422816+00:00,dry_run=True
LOG-001342,ALT-000216,EMAIL,DRY_RUN,analyst-oncall@cybercrime-analytics.local,False,2026-09-18T08:28:59.422816+00:00,dry_run=True
LOG-001343,ALT-000216,SMS,SIMULATED_DELIVERED,+91-XXXXXXXXXX-LEA,True,2026-09-18T08:28:59.423815+00:00,
LOG-001344,ALT-000216,SMS,SIMULATED_DELIVERED,+91-XXXXXXXXXX-I4C,True,2026-09-18T08:28:59.423815+00:00,
LOG-001345,ALT-000216,WEBHOOK,SIMULATED_SENT,"LEA_PORTAL, BANK_FMS_SIMULATED",True,2026-09-18T08:28:59.423815+00:00,sev=HIGH score=36
LOG-001346,ALT-000217,LOG,LOGGED,,False,2026-09-18T08:28:59.423815+00:00,dry_run=True
LOG-001347,ALT-000217,EMAIL,DRY_RUN,analyst-oncall@cybercrime-analytics.local,False,2026-09-18T08:28:59.423815+00:00,dry_run=True
LOG-001348,ALT-000217,SMS,SIMULATED_DELIVERED,+91-XXXXXXXXXX-LEA,True,2026-09-18T08:28:59.423815+00:00,
LOG-001349,ALT-000217,SMS,SIMULATED_DELIVERED,+91-XXXXXXXXXX-I4C,True,2026-09-18T08:28:59.423815+00:00,
LOG-001350,ALT-000217,WEBHOOK,SIMULATED_SENT,"LEA_PORTAL, BANK_FMS_SIMULATED",True,2026-09-18T08:28:59.423815+00:00,sev=HIGH score=41
LOG-001351,ALT-000218,LOG,LOGGED,,False,2026-09-18T08:28:59.425171+00:00,dry_run=True
LOG-001352,ALT-000218,EMAIL,DRY_RUN,analyst-oncall@cybercrime-analytics.local,False,2026-09-18T08:28:59.425171+00:00,dry_run=True
LOG-001353,ALT-000218,SMS,SIMULATED_DELIVERED,+91-XXXXXXXXXX-LEA,True,2026-09-18T08:28:59.425171+00:00,
LOG-001354,ALT-000218,SMS,SIMULATED_DELIVERED,+91-XXXXXXXXXX-I4C,True,2026-09-18T08:28:59.425171+00:00,
LOG-001355,ALT-000218,WEBHOOK,SIMULATED_SENT,"LEA_PORTAL, BANK_FMS_SIMULATED",True,2026-09-18T08:28:59.425171+00:00,sev=HIGH score=31
LOG-001356,ALT-000219,LOG,LOGGED,,False,2026-09-18T08:28:59.425171+00:00,dry_run=True
LOG-001357,ALT-000219,EMAIL,DRY_RUN,analyst-oncall@cybercrime-analytics.local,False,2026-09-18T08:28:59.425171+00:00,dry_run=True
LOG-001358,ALT-000219,SMS,SIMULATED_DELIVERED,+91-XXXXXXXXXX-LEA,True,2026-09-18T08:28:59.426178+00:00,
LOG-001359,ALT-000219,SMS,SIMULATED_DELIVERED,+91-XXXXXXXXXX-I4C,True,2026-09-18T08:28:59.426178+00:00,
LOG-001360,ALT-000219,WEBHOOK,SIMULATED_SENT,"LEA_PORTAL, BANK_FMS_SIMULATED",True,2026-09-18T08:28:59.426178+00:00,sev=HIGH score=31
LOG-001361,ALT-000220,LOG,LOGGED,,False,2026-09-18T08:28:59.426178+00:00,dry_run=True
LOG-001362,ALT-000220,EMAIL,DRY_RUN,analyst-oncall@cybercrime-analytics.local,False,2026-09-18T08:28:59.426178+00:00,dry_run=True
LOG-001363,ALT-000220,SMS,SIMULATED_DELIVERED,+91-XXXXXXXXXX-LEA,True,2026-09-18T08:28:59.427178+00:00,
LOG-001364,ALT-000220,SMS,SIMULATED_DELIVERED,+91-XXXXXXXXXX-I4C,True,2026-09-18T08:28:59.427178+00:00,
LOG-001365,ALT-000220,WEBHOOK,SIMULATED_SENT,"LEA_PORTAL, BANK_FMS_SIMULATED",True,2026-09-18T08:28:59.427178+00:00,sev=HIGH score=32
LOG-001366,ALT-000221,LOG,LOGGED,,False,2026-09-18T08:28:59.427178+00:00,dry_run=True
LOG-001367,ALT-000221,EMAIL,DRY_RUN,analyst-oncall@cybercrime-analytics.local,False,2026-09-18T08:28:59.427178+00:00,dry_run=True
LOG-001368,ALT-000221,SMS,SIMULATED_DELIVERED,+91-XXXXXXXXXX-LEA,True,2026-09-18T08:28:59.427178+00:00,
LOG-001369,ALT-000221,SMS,SIMULATED_DELIVERED,+91-XXXXXXXXXX-I4C,True,2026-09-18T08:28:59.427178+00:00,
LOG-001370,ALT-000221,WEBHOOK,SIMULATED_SENT,"LEA_PORTAL, BANK_FMS_SIMULATED",True,2026-09-18T08:28:59.428445+00:00,sev=HIGH score=34
LOG-001371,ALT-000222,LOG,LOGGED,,False,2026-09-18T08:28:59.428445+00:00,dry_run=True
LOG-001372,ALT-000222,EMAIL,DRY_RUN,analyst-oncall@cybercrime-analytics.local,False,2026-09-18T08:28:59.428445+00:00,dry_run=True
LOG-001373,ALT-000222,SMS,SIMULATED_DELIVERED,+91-XXXXXXXXXX-LEA,True,2026-09-18T08:28:59.428445+00:00,
LOG-001374,ALT-000222,SMS,SIMULATED_DELIVERED,+91-XXXXXXXXXX-I4C,True,2026-09-18T08:28:59.428445+00:00,
LOG-001375,ALT-000222,WEBHOOK,SIMULATED_SENT,"LEA_PORTAL, BANK_FMS_SIMULATED",True,2026-09-18T08:28:59.428445+00:00,sev=HIGH score=38
LOG-001376,ALT-000223,LOG,LOGGED,,False,2026-09-18T08:28:59.429611+00:00,dry_run=True
LOG-001377,ALT-000223,EMAIL,DRY_RUN,analyst-oncall@cybercrime-analytics.local,False,2026-09-18T08:28:59.429611+00:00,dry_run=True
LOG-001378,ALT-000223,SMS,SIMULATED_DELIVERED,+91-XXXXXXXXXX-LEA,True,2026-09-18T08:28:59.429611+00:00,
LOG-001379,ALT-000223,SMS,SIMULATED_DELIVERED,+91-XXXXXXXXXX-I4C,True,2026-09-18T08:28:59.429611+00:00,
LOG-001380,ALT-000223,WEBHOOK,SIMULATED_SENT,"LEA_PORTAL, BANK_FMS_SIMULATED",True,2026-09-18T08:28:59.429611+00:00,sev=HIGH score=65
LOG-001381,ALT-000224,LOG,LOGGED,,False,2026-09-18T08:28:59.429611+00:00,dry_run=True
LOG-001382,ALT-000224,EMAIL,DRY_RUN,analyst-oncall@cybercrime-analytics.local,False,2026-09-18T08:28:59.429611+00:00,dry_run=True
LOG-001383,ALT-000224,SMS,SIMULATED_DELIVERED,+91-XXXXXXXXXX-LEA,True,2026-09-18T08:28:59.430617+00:00,
LOG-001384,ALT-000224,SMS,SIMULATED_DELIVERED,+91-XXXXXXXXXX-I4C,True,2026-09-18T08:28:59.430617+00:00,
LOG-001385,ALT-000224,WEBHOOK,SIMULATED_SENT,"LEA_PORTAL, BANK_FMS_SIMULATED",True,2026-09-18T08:28:59.430617+00:00,sev=HIGH score=30
LOG-001386,ALT-000225,LOG,LOGGED,,False,2026-09-18T08:28:59.430617+00:00,dry_run=True
LOG-001387,ALT-000225,EMAIL,DRY_RUN,analyst-oncall@cybercrime-analytics.local,False,2026-09-18T08:28:59.430617+00:00,dry_run=True
LOG-001388,ALT-000225,SMS,SIMULATED_DELIVERED,+91-XXXXXXXXXX-LEA,True,2026-09-18T08:28:59.430617+00:00,
LOG-001389,ALT-000225,SMS,SIMULATED_DELIVERED,+91-XXXXXXXXXX-I4C,True,2026-09-18T08:28:59.430617+00:00,
LOG-001390,ALT-000225,WEBHOOK,SIMULATED_SENT,"LEA_PORTAL, BANK_FMS_SIMULATED",True,2026-09-18T08:28:59.431617+00:00,sev=HIGH score=34
LOG-001391,ALT-000226,LOG,LOGGED,,False,2026-09-18T08:28:59.431617+00:00,dry_run=True
LOG-001392,ALT-000226,EMAIL,DRY_RUN,analyst-oncall@cybercrime-analytics.local,False,2026-09-18T08:28:59.431617+00:00,dry_run=True
LOG-001393,ALT-000226,SMS,SIMULATED_DELIVERED,+91-XXXXXXXXXX-LEA,True,2026-09-18T08:28:59.431617+00:00,
LOG-001394,ALT-000226,SMS,SIMULATED_DELIVERED,+91-XXXXXXXXXX-I4C,True,2026-09-18T08:28:59.431617+00:00,
LOG-001395,ALT-000226,WEBHOOK,SIMULATED_SENT,"LEA_PORTAL, BANK_FMS_SIMULATED",True,2026-09-18T08:28:59.431617+00:00,sev=HIGH score=42
LOG-001396,ALT-000227,LOG,LOGGED,,False,2026-09-18T08:28:59.431617+00:00,dry_run=True
LOG-001397,ALT-000227,EMAIL,DRY_RUN,analyst-oncall@cybercrime-analytics.local,False,2026-09-18T08:28:59.431617+00:00,dry_run=True
LOG-001398,ALT-000227,SMS,SIMULATED_DELIVERED,+91-XXXXXXXXXX-LEA,True,2026-09-18T08:28:59.431617+00:00,
LOG-001399,ALT-000227,SMS,SIMULATED_DELIVERED,+91-XXXXXXXXXX-I4C,True,2026-09-18T08:28:59.433041+00:00,
LOG-001400,ALT-000227,WEBHOOK,SIMULATED_SENT,"LEA_PORTAL, BANK_FMS_SIMULATED",True,2026-09-18T08:28:59.433041+00:00,sev=HIGH score=52
LOG-001401,ALT-000228,LOG,LOGGED,,False,2026-09-18T08:28:59.433041+00:00,dry_run=True
LOG-001402,ALT-000228,EMAIL,DRY_RUN,analyst-oncall@cybercrime-analytics.local,False,2026-09-18T08:28:59.433041+00:00,dry_run=True
LOG-001403,ALT-000228,SMS,SIMULATED_DELIVERED,+91-XXXXXXXXXX-LEA,True,2026-09-18T08:28:59.434049+00:00,
LOG-001404,ALT-000228,SMS,SIMULATED_DELIVERED,+91-XXXXXXXXXX-I4C,True,2026-09-18T08:28:59.434049+00:00,
LOG-001405,ALT-000228,WEBHOOK,SIMULATED_SENT,"LEA_PORTAL, BANK_FMS_SIMULATED",True,2026-09-18T08:28:59.434049+00:00,sev=HIGH score=39
LOG-001406,ALT-000229,LOG,LOGGED,,False,2026-09-18T08:28:59.434049+00:00,dry_run=True
LOG-001407,ALT-000229,EMAIL,DRY_RUN,analyst-oncall@cybercrime-analytics.local,False,2026-09-18T08:28:59.434049+00:00,dry_run=True
LOG-001408,ALT-000229,SMS,SIMULATED_DELIVERED,+91-XXXXXXXXXX-LEA,True,2026-09-18T08:28:59.435047+00:00,
LOG-001409,ALT-000229,SMS,SIMULATED_DELIVERED,+91-XXXXXXXXXX-I4C,True,2026-09-18T08:28:59.435047+00:00,
LOG-001410,ALT-000229,WEBHOOK,SIMULATED_SENT,"LEA_PORTAL, BANK_FMS_SIMULATED",True,2026-09-18T08:28:59.435047+00:00,sev=HIGH score=35
LOG-001411,ALT-000230,LOG,LOGGED,,False,2026-09-18T08:28:59.435047+00:00,dry_run=True
LOG-001412,ALT-000230,EMAIL,DRY_RUN,analyst-oncall@cybercrime-analytics.local,False,2026-09-18T08:28:59.435047+00:00,dry_run=True
LOG-001413,ALT-000230,SMS,SIMULATED_DELIVERED,+91-XXXXXXXXXX-LEA,True,2026-09-18T08:28:59.435047+00:00,
LOG-001414,ALT-000230,SMS,SIMULATED_DELIVERED,+91-XXXXXXXXXX-I4C,True,2026-09-18T08:28:59.435047+00:00,
LOG-001415,ALT-000230,WEBHOOK,SIMULATED_SENT,"LEA_PORTAL, BANK_FMS_SIMULATED",True,2026-09-18T08:28:59.436503+00:00,sev=HIGH score=27
LOG-001416,ALT-000231,LOG,LOGGED,,False,2026-09-18T08:28:59.436503+00:00,dry_run=True
LOG-001417,ALT-000231,EMAIL,DRY_RUN,analyst-oncall@cybercrime-analytics.local,False,2026-09-18T08:28:59.436503+00:00,dry_run=True
LOG-001418,ALT-000231,SMS,SIMULATED_DELIVERED,+91-XXXXXXXXXX-LEA,True,2026-09-18T08:28:59.436503+00:00,
LOG-001419,ALT-000231,SMS,SIMULATED_DELIVERED,+91-XXXXXXXXXX-I4C,True,2026-09-18T08:28:59.436503+00:00,
LOG-001420,ALT-000231,WEBHOOK,SIMULATED_SENT,"LEA_PORTAL, BANK_FMS_SIMULATED",True,2026-09-18T08:28:59.436503+00:00,sev=HIGH score=23
LOG-001421,ALT-000232,LOG,LOGGED,,False,2026-09-18T08:28:59.437510+00:00,dry_run=True
LOG-001422,ALT-000232,EMAIL,DRY_RUN,analyst-oncall@cybercrime-analytics.local,False,2026-09-18T08:28:59.437510+00:00,dry_run=True
LOG-001423,ALT-000232,SMS,SIMULATED_DELIVERED,+91-XXXXXXXXXX-LEA,True,2026-09-18T08:28:59.437510+00:00,
LOG-001424,ALT-000232,SMS,SIMULATED_DELIVERED,+91-XXXXXXXXXX-I4C,True,2026-09-18T08:28:59.437510+00:00,
LOG-001425,ALT-000232,WEBHOOK,SIMULATED_SENT,"LEA_PORTAL, BANK_FMS_SIMULATED",True,2026-09-18T08:28:59.437510+00:00,sev=HIGH score=28
LOG-001426,ALT-000233,LOG,LOGGED,,False,2026-09-18T08:28:59.438714+00:00,dry_run=True
LOG-001427,ALT-000233,EMAIL,DRY_RUN,analyst-oncall@cybercrime-analytics.local,False,2026-09-18T08:28:59.438714+00:00,dry_run=True
LOG-001428,ALT-000233,SMS,SIMULATED_DELIVERED,+91-XXXXXXXXXX-LEA,True,2026-09-18T08:28:59.438714+00:00,
LOG-001429,ALT-000233,SMS,SIMULATED_DELIVERED,+91-XXXXXXXXXX-I4C,True,2026-09-18T08:28:59.438714+00:00,
LOG-001430,ALT-000233,WEBHOOK,SIMULATED_SENT,"LEA_PORTAL, BANK_FMS_SIMULATED",True,2026-09-18T08:28:59.438714+00:00,sev=HIGH score=37
LOG-001431,ALT-000234,LOG,LOGGED,,False,2026-09-18T08:28:59.438714+00:00,dry_run=True
LOG-001432,ALT-000234,EMAIL,DRY_RUN,analyst-oncall@cybercrime-analytics.local,False,2026-09-18T08:28:59.438714+00:00,dry_run=True
LOG-001433,ALT-000234,SMS,SIMULATED_DELIVERED,+91-XXXXXXXXXX-LEA,True,2026-09-18T08:28:59.439959+00:00,
LOG-001434,ALT-000234,SMS,SIMULATED_DELIVERED,+91-XXXXXXXXXX-I4C,True,2026-09-18T08:28:59.439959+00:00,
LOG-001435,ALT-000234,WEBHOOK,SIMULATED_SENT,"LEA_PORTAL, BANK_FMS_SIMULATED",True,2026-09-18T08:28:59.439959+00:00,sev=HIGH score=36
LOG-001436,ALT-000235,LOG,LOGGED,,False,2026-09-18T08:28:59.439959+00:00,dry_run=True
LOG-001437,ALT-000235,EMAIL,DRY_RUN,analyst-oncall@cybercrime-analytics.local,False,2026-09-18T08:28:59.440970+00:00,dry_run=True
LOG-001438,ALT-000235,SMS,SIMULATED_DELIVERED,+91-XXXXXXXXXX-LEA,True,2026-09-18T08:28:59.440970+00:00,
LOG-001439,ALT-000235,SMS,SIMULATED_DELIVERED,+91-XXXXXXXXXX-I4C,True,2026-09-18T08:28:59.440970+00:00,
LOG-001440,ALT-000235,WEBHOOK,SIMULATED_SENT,"LEA_PORTAL, BANK_FMS_SIMULATED",True,2026-09-18T08:28:59.440970+00:00,sev=HIGH score=39
LOG-001441,ALT-000236,LOG,LOGGED,,False,2026-09-18T08:28:59.440970+00:00,dry_run=True
LOG-001442,ALT-000236,EMAIL,DRY_RUN,analyst-oncall@cybercrime-analytics.local,False,2026-09-18T08:28:59.440970+00:00,dry_run=True
LOG-001443,ALT-000236,SMS,SIMULATED_DELIVERED,+91-XXXXXXXXXX-LEA,True,2026-09-18T08:28:59.440970+00:00,
LOG-001444,ALT-000236,SMS,SIMULATED_DELIVERED,+91-XXXXXXXXXX-I4C,True,2026-09-18T08:28:59.440970+00:00,
LOG-001445,ALT-000236,WEBHOOK,SIMULATED_SENT,"LEA_PORTAL, BANK_FMS_SIMULATED",True,2026-09-18T08:28:59.440970+00:00,sev=HIGH score=40
LOG-001446,ALT-000237,LOG,LOGGED,,False,2026-09-18T08:28:59.442430+00:00,dry_run=True
LOG-001447,ALT-000237,EMAIL,DRY_RUN,analyst-oncall@cybercrime-analytics.local,False,2026-09-18T08:28:59.442430+00:00,dry_run=True
LOG-001448,ALT-000237,SMS,SIMULATED_DELIVERED,+91-XXXXXXXXXX-LEA,True,2026-09-18T08:28:59.442430+00:00,
LOG-001449,ALT-000237,SMS,SIMULATED_DELIVERED,+91-XXXXXXXXXX-I4C,True,2026-09-18T08:28:59.442430+00:00,
LOG-001450,ALT-000237,WEBHOOK,SIMULATED_SENT,"LEA_PORTAL, BANK_FMS_SIMULATED",True,2026-09-18T08:28:59.442430+00:00,sev=HIGH score=34
LOG-001451,ALT-000238,LOG,LOGGED,,False,2026-09-18T08:28:59.442430+00:00,dry_run=True
LOG-001452,ALT-000238,EMAIL,DRY_RUN,analyst-oncall@cybercrime-analytics.local,False,2026-09-18T08:28:59.443444+00:00,dry_run=True
LOG-001453,ALT-000238,SMS,SIMULATED_DELIVERED,+91-XXXXXXXXXX-LEA,True,2026-09-18T08:28:59.443444+00:00,
LOG-001454,ALT-000238,SMS,SIMULATED_DELIVERED,+91-XXXXXXXXXX-I4C,True,2026-09-18T08:28:59.443444+00:00,
LOG-001455,ALT-000238,WEBHOOK,SIMULATED_SENT,"LEA_PORTAL, BANK_FMS_SIMULATED",True,2026-09-18T08:28:59.443444+00:00,sev=HIGH score=33
LOG-001456,ALT-000239,LOG,LOGGED,,False,2026-09-18T08:28:59.443444+00:00,dry_run=True
LOG-001457,ALT-000239,EMAIL,DRY_RUN,analyst-oncall@cybercrime-analytics.local,False,2026-09-18T08:28:59.444444+00:00,dry_run=True
LOG-001458,ALT-000239,SMS,SIMULATED_DELIVERED,+91-XXXXXXXXXX-LEA,True,2026-09-18T08:28:59.444444+00:00,
LOG-001459,ALT-000239,SMS,SIMULATED_DELIVERED,+91-XXXXXXXXXX-I4C,True,2026-09-18T08:28:59.444444+00:00,
LOG-001460,ALT-000239,WEBHOOK,SIMULATED_SENT,"LEA_PORTAL, BANK_FMS_SIMULATED",True,2026-09-18T08:28:59.444444+00:00,sev=HIGH score=36
LOG-001461,ALT-000240,LOG,LOGGED,,False,2026-09-18T08:28:59.444444+00:00,dry_run=True
LOG-001462,ALT-000240,EMAIL,DRY_RUN,analyst-oncall@cybercrime-analytics.local,False,2026-09-18T08:28:59.444444+00:00,dry_run=True
LOG-001463,ALT-000240,SMS,SIMULATED_DELIVERED,+91-XXXXXXXXXX-LEA,True,2026-09-18T08:28:59.444444+00:00,
LOG-001464,ALT-000240,SMS,SIMULATED_DELIVERED,+91-XXXXXXXXXX-I4C,True,2026-09-18T08:28:59.445445+00:00,
LOG-001465,ALT-000240,WEBHOOK,SIMULATED_SENT,"LEA_PORTAL, BANK_FMS_SIMULATED",True,2026-09-18T08:28:59.445445+00:00,sev=HIGH score=26
LOG-001466,ALT-000241,LOG,LOGGED,,False,2026-09-18T08:28:59.445445+00:00,dry_run=True
LOG-001467,ALT-000241,EMAIL,DRY_RUN,analyst-oncall@cybercrime-analytics.local,False,2026-09-18T08:28:59.445445+00:00,dry_run=True
LOG-001468,ALT-000241,SMS,SIMULATED_DELIVERED,+91-XXXXXXXXXX-LEA,True,2026-09-18T08:28:59.445445+00:00,
LOG-001469,ALT-000241,SMS,SIMULATED_DELIVERED,+91-XXXXXXXXXX-I4C,True,2026-09-18T08:28:59.445445+00:00,
LOG-001470,ALT-000241,WEBHOOK,SIMULATED_SENT,"LEA_PORTAL, BANK_FMS_SIMULATED",True,2026-09-18T08:28:59.445445+00:00,sev=HIGH score=34
LOG-001471,ALT-000242,LOG,LOGGED,,False,2026-09-18T08:28:59.445445+00:00,dry_run=True
LOG-001472,ALT-000242,EMAIL,DRY_RUN,analyst-oncall@cybercrime-analytics.local,False,2026-09-18T08:28:59.445445+00:00,dry_run=True
LOG-001473,ALT-000242,SMS,SIMULATED_DELIVERED,+91-XXXXXXXXXX-LEA,True,2026-09-18T08:28:59.446722+00:00,
LOG-001474,ALT-000242,SMS,SIMULATED_DELIVERED,+91-XXXXXXXXXX-I4C,True,2026-09-18T08:28:59.446722+00:00,
LOG-001475,ALT-000242,WEBHOOK,SIMULATED_SENT,"LEA_PORTAL, BANK_FMS_SIMULATED",True,2026-09-18T08:28:59.446722+00:00,sev=HIGH score=30
LOG-001476,ALT-000243,LOG,LOGGED,,False,2026-09-18T08:28:59.446722+00:00,dry_run=True
LOG-001477,ALT-000243,EMAIL,DRY_RUN,analyst-oncall@cybercrime-analytics.local,False,2026-09-18T08:28:59.446722+00:00,dry_run=True
LOG-001478,ALT-000243,SMS,SIMULATED_DELIVERED,+91-XXXXXXXXXX-LEA,True,2026-09-18T08:28:59.446722+00:00,
LOG-001479,ALT-000243,SMS,SIMULATED_DELIVERED,+91-XXXXXXXXXX-I4C,True,2026-09-18T08:28:59.448029+00:00,
LOG-001480,ALT-000243,WEBHOOK,SIMULATED_SENT,"LEA_PORTAL, BANK_FMS_SIMULATED",True,2026-09-18T08:28:59.448029+00:00,sev=HIGH score=37
LOG-001481,ALT-000244,LOG,LOGGED,,False,2026-09-18T08:28:59.448029+00:00,dry_run=True
LOG-001482,ALT-000244,EMAIL,DRY_RUN,analyst-oncall@cybercrime-analytics.local,False,2026-09-18T08:28:59.448029+00:00,dry_run=True
LOG-001483,ALT-000244,SMS,SIMULATED_DELIVERED,+91-XXXXXXXXXX-LEA,True,2026-09-18T08:28:59.448029+00:00,
LOG-001484,ALT-000244,SMS,SIMULATED_DELIVERED,+91-XXXXXXXXXX-I4C,True,2026-09-18T08:28:59.448029+00:00,
LOG-001485,ALT-000244,WEBHOOK,SIMULATED_SENT,"LEA_PORTAL, BANK_FMS_SIMULATED",True,2026-09-18T08:28:59.449030+00:00,sev=HIGH score=32
LOG-001486,ALT-000245,LOG,LOGGED,,False,2026-09-18T08:28:59.449030+00:00,dry_run=True
LOG-001487,ALT-000245,EMAIL,DRY_RUN,analyst-oncall@cybercrime-analytics.local,False,2026-09-18T08:28:59.449030+00:00,dry_run=True
LOG-001488,ALT-000245,SMS,SIMULATED_DELIVERED,+91-XXXXXXXXXX-LEA,True,2026-09-18T08:28:59.449030+00:00,
LOG-001489,ALT-000245,SMS,SIMULATED_DELIVERED,+91-XXXXXXXXXX-I4C,True,2026-09-18T08:28:59.449030+00:00,
LOG-001490,ALT-000245,WEBHOOK,SIMULATED_SENT,"LEA_PORTAL, BANK_FMS_SIMULATED",True,2026-09-18T08:28:59.449030+00:00,sev=HIGH score=30
LOG-001491,ALT-000246,LOG,LOGGED,,False,2026-09-18T08:28:59.450029+00:00,dry_run=True
LOG-001492,ALT-000246,EMAIL,DRY_RUN,analyst-oncall@cybercrime-analytics.local,False,2026-09-18T08:28:59.450029+00:00,dry_run=True
LOG-001493,ALT-000246,SMS,SIMULATED_DELIVERED,+91-XXXXXXXXXX-LEA,True,2026-09-18T08:28:59.450029+00:00,
LOG-001494,ALT-000246,SMS,SIMULATED_DELIVERED,+91-XXXXXXXXXX-I4C,True,2026-09-18T08:28:59.450029+00:00,
LOG-001495,ALT-000246,WEBHOOK,SIMULATED_SENT,"LEA_PORTAL, BANK_FMS_SIMULATED",True,2026-09-18T08:28:59.450029+00:00,sev=HIGH score=40
LOG-001496,ALT-000247,LOG,LOGGED,,False,2026-09-18T08:28:59.450029+00:00,dry_run=True
LOG-001497,ALT-000247,EMAIL,DRY_RUN,analyst-oncall@cybercrime-analytics.local,False,2026-09-18T08:28:59.450029+00:00,dry_run=True
LOG-001498,ALT-000247,SMS,SIMULATED_DELIVERED,+91-XXXXXXXXXX-LEA,True,2026-09-18T08:28:59.451462+00:00,
LOG-001499,ALT-000247,SMS,SIMULATED_DELIVERED,+91-XXXXXXXXXX-I4C,True,2026-09-18T08:28:59.451462+00:00,
LOG-001500,ALT-000247,WEBHOOK,SIMULATED_SENT,"LEA_PORTAL, BANK_FMS_SIMULATED",True,2026-09-18T08:28:59.451462+00:00,sev=HIGH score=12
LOG-001501,ALT-000248,LOG,LOGGED,,False,2026-09-18T08:28:59.451462+00:00,dry_run=True
LOG-001502,ALT-000248,EMAIL,DRY_RUN,analyst-oncall@cybercrime-analytics.local,False,2026-09-18T08:28:59.451462+00:00,dry_run=True
LOG-001503,ALT-000248,SMS,SIMULATED_DELIVERED,+91-XXXXXXXXXX-LEA,True,2026-09-18T08:28:59.451462+00:00,
LOG-001504,ALT-000248,SMS,SIMULATED_DELIVERED,+91-XXXXXXXXXX-I4C,True,2026-09-18T08:28:59.451462+00:00,
LOG-001505,ALT-000248,WEBHOOK,SIMULATED_SENT,"LEA_PORTAL, BANK_FMS_SIMULATED",True,2026-09-18T08:28:59.451462+00:00,sev=HIGH score=28
LOG-001506,ALT-000249,LOG,LOGGED,,False,2026-09-18T08:28:59.452965+00:00,dry_run=True
LOG-001507,ALT-000249,EMAIL,DRY_RUN,analyst-oncall@cybercrime-analytics.local,False,2026-09-18T08:28:59.452965+00:00,dry_run=True
LOG-001508,ALT-000249,SMS,SIMULATED_DELIVERED,+91-XXXXXXXXXX-LEA,True,2026-09-18T08:28:59.452965+00:00,
LOG-001509,ALT-000249,SMS,SIMULATED_DELIVERED,+91-XXXXXXXXXX-I4C,True,2026-09-18T08:28:59.452965+00:00,
LOG-001510,ALT-000249,WEBHOOK,SIMULATED_SENT,"LEA_PORTAL, BANK_FMS_SIMULATED",True,2026-09-18T08:28:59.453973+00:00,sev=HIGH score=36
LOG-001511,ALT-000250,LOG,LOGGED,,False,2026-09-18T08:28:59.453973+00:00,dry_run=True
LOG-001512,ALT-000250,EMAIL,DRY_RUN,analyst-oncall@cybercrime-analytics.local,False,2026-09-18T08:28:59.453973+00:00,dry_run=True
LOG-001513,ALT-000250,SMS,SIMULATED_DELIVERED,+91-XXXXXXXXXX-LEA,True,2026-09-18T08:28:59.454973+00:00,
LOG-001514,ALT-000250,SMS,SIMULATED_DELIVERED,+91-XXXXXXXXXX-I4C,True,2026-09-18T08:28:59.454973+00:00,
LOG-001515,ALT-000250,WEBHOOK,SIMULATED_SENT,"LEA_PORTAL, BANK_FMS_SIMULATED",True,2026-09-18T08:28:59.454973+00:00,sev=HIGH score=15
LOG-001516,ALT-000251,LOG,LOGGED,,False,2026-09-18T08:28:59.454973+00:00,dry_run=True
LOG-001517,ALT-000251,EMAIL,DRY_RUN,analyst-oncall@cybercrime-analytics.local,False,2026-09-18T08:28:59.454973+00:00,dry_run=True
LOG-001518,ALT-000251,SMS,SIMULATED_DELIVERED,+91-XXXXXXXXXX-LEA,True,2026-09-18T08:28:59.454973+00:00,
LOG-001519,ALT-000251,SMS,SIMULATED_DELIVERED,+91-XXXXXXXXXX-I4C,True,2026-09-18T08:28:59.454973+00:00,
LOG-001520,ALT-000251,WEBHOOK,SIMULATED_SENT,"LEA_PORTAL, BANK_FMS_SIMULATED",True,2026-09-18T08:28:59.456136+00:00,sev=HIGH score=44
LOG-001521,ALT-000252,LOG,LOGGED,,False,2026-09-18T08:28:59.456136+00:00,dry_run=True
LOG-001522,ALT-000252,EMAIL,DRY_RUN,analyst-oncall@cybercrime-analytics.local,False,2026-09-18T08:28:59.456136+00:00,dry_run=True
LOG-001523,ALT-000252,SMS,SIMULATED_DELIVERED,+91-XXXXXXXXXX-LEA,True,2026-09-18T08:28:59.456136+00:00,
LOG-001524,ALT-000252,SMS,SIMULATED_DELIVERED,+91-XXXXXXXXXX-I4C,True,2026-09-18T08:28:59.456136+00:00,
LOG-001525,ALT-000252,WEBHOOK,SIMULATED_SENT,"LEA_PORTAL, BANK_FMS_SIMULATED",True,2026-09-18T08:28:59.456136+00:00,sev=HIGH score=20
LOG-001526,ALT-000253,LOG,LOGGED,,False,2026-09-18T08:28:59.457143+00:00,dry_run=True
LOG-001527,ALT-000253,EMAIL,DRY_RUN,analyst-oncall@cybercrime-analytics.local,False,2026-09-18T08:28:59.457143+00:00,dry_run=True
LOG-001528,ALT-000253,SMS,SIMULATED_DELIVERED,+91-XXXXXXXXXX-LEA,True,2026-09-18T08:28:59.457143+00:00,
LOG-001529,ALT-000253,SMS,SIMULATED_DELIVERED,+91-XXXXXXXXXX-I4C,True,2026-09-18T08:28:59.457143+00:00,
LOG-001530,ALT-000253,WEBHOOK,SIMULATED_SENT,"LEA_PORTAL, BANK_FMS_SIMULATED",True,2026-09-18T08:28:59.457143+00:00,sev=HIGH score=23
LOG-001531,ALT-000254,LOG,LOGGED,,False,2026-09-18T08:28:59.457143+00:00,dry_run=True
LOG-001532,ALT-000254,EMAIL,DRY_RUN,analyst-oncall@cybercrime-analytics.local,False,2026-09-18T08:28:59.458142+00:00,dry_run=True
LOG-001533,ALT-000254,SMS,SIMULATED_DELIVERED,+91-XXXXXXXXXX-LEA,True,2026-09-18T08:28:59.458142+00:00,
LOG-001534,ALT-000254,SMS,SIMULATED_DELIVERED,+91-XXXXXXXXXX-I4C,True,2026-09-18T08:28:59.458142+00:00,
LOG-001535,ALT-000254,WEBHOOK,SIMULATED_SENT,"LEA_PORTAL, BANK_FMS_SIMULATED",True,2026-09-18T08:28:59.458142+00:00,sev=HIGH score=29
LOG-001536,ALT-000255,LOG,LOGGED,,False,2026-09-18T08:28:59.458142+00:00,dry_run=True
LOG-001537,ALT-000255,EMAIL,DRY_RUN,analyst-oncall@cybercrime-analytics.local,False,2026-09-18T08:28:59.458142+00:00,dry_run=True
LOG-001538,ALT-000255,SMS,SIMULATED_DELIVERED,+91-XXXXXXXXXX-LEA,True,2026-09-18T08:28:59.458142+00:00,
LOG-001539,ALT-000255,SMS,SIMULATED_DELIVERED,+91-XXXXXXXXXX-I4C,True,2026-09-18T08:28:59.458142+00:00,
LOG-001540,ALT-000255,WEBHOOK,SIMULATED_SENT,"LEA_PORTAL, BANK_FMS_SIMULATED",True,2026-09-18T08:28:59.458142+00:00,sev=HIGH score=33
LOG-001541,ALT-000256,LOG,LOGGED,,False,2026-09-18T08:28:59.459534+00:00,dry_run=True
LOG-001542,ALT-000256,EMAIL,DRY_RUN,analyst-oncall@cybercrime-analytics.local,False,2026-09-18T08:28:59.459534+00:00,dry_run=True
LOG-001543,ALT-000256,SMS,SIMULATED_DELIVERED,+91-XXXXXXXXXX-LEA,True,2026-09-18T08:28:59.459534+00:00,
LOG-001544,ALT-000256,SMS,SIMULATED_DELIVERED,+91-XXXXXXXXXX-I4C,True,2026-09-18T08:28:59.459534+00:00,
LOG-001545,ALT-000256,WEBHOOK,SIMULATED_SENT,"LEA_PORTAL, BANK_FMS_SIMULATED",True,2026-09-18T08:28:59.459534+00:00,sev=HIGH score=33
LOG-001546,ALT-000257,LOG,LOGGED,,False,2026-09-18T08:28:59.459534+00:00,dry_run=True
LOG-001547,ALT-000257,EMAIL,DRY_RUN,analyst-oncall@cybercrime-analytics.local,False,2026-09-18T08:28:59.459534+00:00,dry_run=True
LOG-001548,ALT-000257,SMS,SIMULATED_DELIVERED,+91-XXXXXXXXXX-LEA,True,2026-09-18T08:28:59.460539+00:00,
LOG-001549,ALT-000257,SMS,SIMULATED_DELIVERED,+91-XXXXXXXXXX-I4C,True,2026-09-18T08:28:59.460539+00:00,
LOG-001550,ALT-000257,WEBHOOK,SIMULATED_SENT,"LEA_PORTAL, BANK_FMS_SIMULATED",True,2026-09-18T08:28:59.460539+00:00,sev=HIGH score=37
LOG-001551,ALT-000258,LOG,LOGGED,,False,2026-09-18T08:28:59.460539+00:00,dry_run=True
LOG-001552,ALT-000258,EMAIL,DRY_RUN,analyst-oncall@cybercrime-analytics.local,False,2026-09-18T08:28:59.461677+00:00,dry_run=True
LOG-001553,ALT-000258,SMS,SIMULATED_DELIVERED,+91-XXXXXXXXXX-LEA,True,2026-09-18T08:28:59.461677+00:00,
LOG-001554,ALT-000258,SMS,SIMULATED_DELIVERED,+91-XXXXXXXXXX-I4C,True,2026-09-18T08:28:59.461677+00:00,
LOG-001555,ALT-000258,WEBHOOK,SIMULATED_SENT,"LEA_PORTAL, BANK_FMS_SIMULATED",True,2026-09-18T08:28:59.461677+00:00,sev=CRITICAL score=91
LOG-001556,ALT-000259,LOG,LOGGED,,False,2026-09-18T08:28:59.461677+00:00,dry_run=True
LOG-001557,ALT-000259,EMAIL,DRY_RUN,analyst-oncall@cybercrime-analytics.local,False,2026-09-18T08:28:59.461677+00:00,dry_run=True
LOG-001558,ALT-000259,SMS,SIMULATED_DELIVERED,+91-XXXXXXXXXX-LEA,True,2026-09-18T08:28:59.461677+00:00,
LOG-001559,ALT-000259,SMS,SIMULATED_DELIVERED,+91-XXXXXXXXXX-I4C,True,2026-09-18T08:28:59.462787+00:00,
LOG-001560,ALT-000259,WEBHOOK,SIMULATED_SENT,"LEA_PORTAL, BANK_FMS_SIMULATED",True,2026-09-18T08:28:59.462787+00:00,sev=CRITICAL score=88
LOG-001561,ALT-DISP-01,LOG,LOGGED,,False,2026-09-18T08:31:11.335826+00:00,dry_run=True
LOG-001562,ALT-DISP-01,EMAIL,DRY_RUN,analyst-oncall@cybercrime-analytics.local,False,2026-09-18T08:31:11.336343+00:00,dry_run=True
LOG-001563,ALT-DISP-01,SMS,SIMULATED_DELIVERED,+91-XXXXXXXXXX-LEA,True,2026-09-18T08:31:11.336343+00:00,
LOG-001564,ALT-DISP-01,SMS,SIMULATED_DELIVERED,+91-XXXXXXXXXX-I4C,True,2026-09-18T08:31:11.336343+00:00,
LOG-001565,ALT-DISP-01,WEBHOOK,SIMULATED_SENT,"LEA_PORTAL, BANK_FMS_SIMULATED",True,2026-09-18T08:31:11.336343+00:00,sev=HIGH score=68
LOG-001566,ALT-000260,LOG,LOGGED,,False,2026-09-19T07:59:42.097296+00:00,dry_run=True
LOG-001567,ALT-000260,EMAIL,DRY_RUN,analyst-oncall@cybercrime-analytics.local,False,2026-09-19T07:59:42.097296+00:00,dry_run=True
LOG-001568,ALT-000260,SMS,SIMULATED_DELIVERED,+91-XXXXXXXXXX-LEA,True,2026-09-19T07:59:42.098311+00:00,
LOG-001569,ALT-000260,SMS,SIMULATED_DELIVERED,+91-XXXXXXXXXX-I4C,True,2026-09-19T07:59:42.098311+00:00,
LOG-001570,ALT-000260,WEBHOOK,SIMULATED_SENT,"LEA_PORTAL, BANK_FMS_SIMULATED",True,2026-09-19T07:59:42.098311+00:00,sev=HIGH score=61
LOG-001571,ALT-000261,LOG,LOGGED,,False,2026-09-19T07:59:42.099297+00:00,dry_run=True
LOG-001572,ALT-000261,EMAIL,DRY_RUN,analyst-oncall@cybercrime-analytics.local,False,2026-09-19T07:59:42.099297+00:00,dry_run=True
LOG-001573,ALT-000261,SMS,SIMULATED_DELIVERED,+91-XXXXXXXXXX-LEA,True,2026-09-19T07:59:42.099297+00:00,
LOG-001574,ALT-000261,SMS,SIMULATED_DELIVERED,+91-XXXXXXXXXX-I4C,True,2026-09-19T07:59:42.099297+00:00,
LOG-001575,ALT-000261,WEBHOOK,SIMULATED_SENT,"LEA_PORTAL, BANK_FMS_SIMULATED",True,2026-09-19T07:59:42.100295+00:00,sev=HIGH score=63
LOG-001576,ALT-000262,LOG,LOGGED,,False,2026-09-19T07:59:42.101298+00:00,dry_run=True
LOG-001577,ALT-000262,EMAIL,DRY_RUN,analyst-oncall@cybercrime-analytics.local,False,2026-09-19T07:59:42.101298+00:00,dry_run=True
LOG-001578,ALT-000262,SMS,SIMULATED_DELIVERED,+91-XXXXXXXXXX-LEA,True,2026-09-19T07:59:42.101298+00:00,
LOG-001579,ALT-000262,SMS,SIMULATED_DELIVERED,+91-XXXXXXXXXX-I4C,True,2026-09-19T07:59:42.101298+00:00,
LOG-001580,ALT-000262,WEBHOOK,SIMULATED_SENT,"LEA_PORTAL, BANK_FMS_SIMULATED",True,2026-09-19T07:59:42.102298+00:00,sev=HIGH score=60
LOG-001581,ALT-000263,LOG,LOGGED,,False,2026-09-19T07:59:42.102298+00:00,dry_run=True
LOG-001582,ALT-000263,EMAIL,DRY_RUN,analyst-oncall@cybercrime-analytics.local,False,2026-09-19T07:59:42.102298+00:00,dry_run=True
LOG-001583,ALT-000263,SMS,SIMULATED_DELIVERED,+91-XXXXXXXXXX-LEA,True,2026-09-19T07:59:42.103544+00:00,
LOG-001584,ALT-000263,SMS,SIMULATED_DELIVERED,+91-XXXXXXXXXX-I4C,True,2026-09-19T07:59:42.103544+00:00,
LOG-001585,ALT-000263,WEBHOOK,SIMULATED_SENT,"LEA_PORTAL, BANK_FMS_SIMULATED",True,2026-09-19T07:59:42.103544+00:00,sev=HIGH score=61
LOG-001586,ALT-000264,LOG,LOGGED,,False,2026-09-19T07:59:42.103544+00:00,dry_run=True
LOG-001587,ALT-000264,EMAIL,DRY_RUN,analyst-oncall@cybercrime-analytics.local,False,2026-09-19T07:59:42.104555+00:00,dry_run=True
LOG-001588,ALT-000264,SMS,SIMULATED_DELIVERED,+91-XXXXXXXXXX-LEA,True,2026-09-19T07:59:42.104555+00:00,
LOG-001589,ALT-000264,SMS,SIMULATED_DELIVERED,+91-XXXXXXXXXX-I4C,True,2026-09-19T07:59:42.104555+00:00,
LOG-001590,ALT-000264,WEBHOOK,SIMULATED_SENT,"LEA_PORTAL, BANK_FMS_SIMULATED",True,2026-09-19T07:59:42.104555+00:00,sev=HIGH score=60
LOG-001591,ALT-000265,LOG,LOGGED,,False,2026-09-19T07:59:42.105552+00:00,dry_run=True
LOG-001592,ALT-000265,EMAIL,DRY_RUN,analyst-oncall@cybercrime-analytics.local,False,2026-09-19T07:59:42.105552+00:00,dry_run=True
LOG-001593,ALT-000265,SMS,SIMULATED_DELIVERED,+91-XXXXXXXXXX-LEA,True,2026-09-19T07:59:42.105552+00:00,
LOG-001594,ALT-000265,SMS,SIMULATED_DELIVERED,+91-XXXXXXXXXX-I4C,True,2026-09-19T07:59:42.105552+00:00,
LOG-001595,ALT-000265,WEBHOOK,SIMULATED_SENT,"LEA_PORTAL, BANK_FMS_SIMULATED",True,2026-09-19T07:59:42.106551+00:00,sev=HIGH score=37
LOG-001596,ALT-000266,LOG,LOGGED,,False,2026-09-19T07:59:42.106551+00:00,dry_run=True
LOG-001597,ALT-000266,EMAIL,DRY_RUN,analyst-oncall@cybercrime-analytics.local,False,2026-09-19T07:59:42.106551+00:00,dry_run=True
LOG-001598,ALT-000266,SMS,SIMULATED_DELIVERED,+91-XXXXXXXXXX-LEA,True,2026-09-19T07:59:42.106551+00:00,
LOG-001599,ALT-000266,SMS,SIMULATED_DELIVERED,+91-XXXXXXXXXX-I4C,True,2026-09-19T07:59:42.106551+00:00,
LOG-001600,ALT-000266,WEBHOOK,SIMULATED_SENT,"LEA_PORTAL, BANK_FMS_SIMULATED",True,2026-09-19T07:59:42.107553+00:00,sev=HIGH score=38
LOG-001601,ALT-000267,LOG,LOGGED,,False,2026-09-19T07:59:42.107553+00:00,dry_run=True
LOG-001602,ALT-000267,EMAIL,DRY_RUN,analyst-oncall@cybercrime-analytics.local,False,2026-09-19T07:59:42.107553+00:00,dry_run=True
LOG-001603,ALT-000267,SMS,SIMULATED_DELIVERED,+91-XXXXXXXXXX-LEA,True,2026-09-19T07:59:42.108553+00:00,
LOG-001604,ALT-000267,SMS,SIMULATED_DELIVERED,+91-XXXXXXXXXX-I4C,True,2026-09-19T07:59:42.108553+00:00,
LOG-001605,ALT-000267,WEBHOOK,SIMULATED_SENT,"LEA_PORTAL, BANK_FMS_SIMULATED",True,2026-09-19T07:59:42.108553+00:00,sev=HIGH score=36
LOG-001606,ALT-000268,LOG,LOGGED,,False,2026-09-19T07:59:42.109554+00:00,dry_run=True
LOG-001607,ALT-000268,EMAIL,DRY_RUN,analyst-oncall@cybercrime-analytics.local,False,2026-09-19T07:59:42.109554+00:00,dry_run=True
LOG-001608,ALT-000268,SMS,SIMULATED_DELIVERED,+91-XXXXXXXXXX-LEA,True,2026-09-19T07:59:42.109554+00:00,
LOG-001609,ALT-000268,SMS,SIMULATED_DELIVERED,+91-XXXXXXXXXX-I4C,True,2026-09-19T07:59:42.110554+00:00,
LOG-001610,ALT-000268,WEBHOOK,SIMULATED_SENT,"LEA_PORTAL, BANK_FMS_SIMULATED",True,2026-09-19T07:59:42.110554+00:00,sev=HIGH score=41
LOG-001611,ALT-000269,LOG,LOGGED,,False,2026-09-19T07:59:42.110554+00:00,dry_run=True
LOG-001612,ALT-000269,EMAIL,DRY_RUN,analyst-oncall@cybercrime-analytics.local,False,2026-09-19T07:59:42.110554+00:00,dry_run=True
LOG-001613,ALT-000269,SMS,SIMULATED_DELIVERED,+91-XXXXXXXXXX-LEA,True,2026-09-19T07:59:42.111552+00:00,
LOG-001614,ALT-000269,SMS,SIMULATED_DELIVERED,+91-XXXXXXXXXX-I4C,True,2026-09-19T07:59:42.111552+00:00,
LOG-001615,ALT-000269,WEBHOOK,SIMULATED_SENT,"LEA_PORTAL, BANK_FMS_SIMULATED",True,2026-09-19T07:59:42.111552+00:00,sev=HIGH score=31
LOG-001616,ALT-000270,LOG,LOGGED,,False,2026-09-19T07:59:42.111552+00:00,dry_run=True
LOG-001617,ALT-000270,EMAIL,DRY_RUN,analyst-oncall@cybercrime-analytics.local,False,2026-09-19T07:59:42.112553+00:00,dry_run=True
LOG-001618,ALT-000270,SMS,SIMULATED_DELIVERED,+91-XXXXXXXXXX-LEA,True,2026-09-19T07:59:42.112553+00:00,
LOG-001619,ALT-000270,SMS,SIMULATED_DELIVERED,+91-XXXXXXXXXX-I4C,True,2026-09-19T07:59:42.112553+00:00,
LOG-001620,ALT-000270,WEBHOOK,SIMULATED_SENT,"LEA_PORTAL, BANK_FMS_SIMULATED",True,2026-09-19T07:59:42.112553+00:00,sev=HIGH score=31
LOG-001621,ALT-000271,LOG,LOGGED,,False,2026-09-19T07:59:42.113552+00:00,dry_run=True
LOG-001622,ALT-000271,EMAIL,DRY_RUN,analyst-oncall@cybercrime-analytics.local,False,2026-09-19T07:59:42.113552+00:00,dry_run=True
LOG-001623,ALT-000271,SMS,SIMULATED_DELIVERED,+91-XXXXXXXXXX-LEA,True,2026-09-19T07:59:42.113552+00:00,
LOG-001624,ALT-000271,SMS,SIMULATED_DELIVERED,+91-XXXXXXXXXX-I4C,True,2026-09-19T07:59:42.113552+00:00,
LOG-001625,ALT-000271,WEBHOOK,SIMULATED_SENT,"LEA_PORTAL, BANK_FMS_SIMULATED",True,2026-09-19T07:59:42.113552+00:00,sev=HIGH score=32
LOG-001626,ALT-000272,LOG,LOGGED,,False,2026-09-19T07:59:42.114553+00:00,dry_run=True
LOG-001627,ALT-000272,EMAIL,DRY_RUN,analyst-oncall@cybercrime-analytics.local,False,2026-09-19T07:59:42.114553+00:00,dry_run=True
LOG-001628,ALT-000272,SMS,SIMULATED_DELIVERED,+91-XXXXXXXXXX-LEA,True,2026-09-19T07:59:42.114553+00:00,
LOG-001629,ALT-000272,SMS,SIMULATED_DELIVERED,+91-XXXXXXXXXX-I4C,True,2026-09-19T07:59:42.115552+00:00,
LOG-001630,ALT-000272,WEBHOOK,SIMULATED_SENT,"LEA_PORTAL, BANK_FMS_SIMULATED",True,2026-09-19T07:59:42.115552+00:00,sev=HIGH score=34
LOG-001631,ALT-000273,LOG,LOGGED,,False,2026-09-19T07:59:42.115552+00:00,dry_run=True
LOG-001632,ALT-000273,EMAIL,DRY_RUN,analyst-oncall@cybercrime-analytics.local,False,2026-09-19T07:59:42.116774+00:00,dry_run=True
LOG-001633,ALT-000273,SMS,SIMULATED_DELIVERED,+91-XXXXXXXXXX-LEA,True,2026-09-19T07:59:42.116774+00:00,
LOG-001634,ALT-000273,SMS,SIMULATED_DELIVERED,+91-XXXXXXXXXX-I4C,True,2026-09-19T07:59:42.116774+00:00,
LOG-001635,ALT-000273,WEBHOOK,SIMULATED_SENT,"LEA_PORTAL, BANK_FMS_SIMULATED",True,2026-09-19T07:59:42.116774+00:00,sev=HIGH score=38
LOG-001636,ALT-000274,LOG,LOGGED,,False,2026-09-19T07:59:42.117786+00:00,dry_run=True
LOG-001637,ALT-000274,EMAIL,DRY_RUN,analyst-oncall@cybercrime-analytics.local,False,2026-09-19T07:59:42.117786+00:00,dry_run=True
LOG-001638,ALT-000274,SMS,SIMULATED_DELIVERED,+91-XXXXXXXXXX-LEA,True,2026-09-19T07:59:42.117786+00:00,
LOG-001639,ALT-000274,SMS,SIMULATED_DELIVERED,+91-XXXXXXXXXX-I4C,True,2026-09-19T07:59:42.117786+00:00,
LOG-001640,ALT-000274,WEBHOOK,SIMULATED_SENT,"LEA_PORTAL, BANK_FMS_SIMULATED",True,2026-09-19T07:59:42.118783+00:00,sev=HIGH score=65
LOG-001641,ALT-000275,LOG,LOGGED,,False,2026-09-19T07:59:42.118783+00:00,dry_run=True
LOG-001642,ALT-000275,EMAIL,DRY_RUN,analyst-oncall@cybercrime-analytics.local,False,2026-09-19T07:59:42.118783+00:00,dry_run=True
LOG-001643,ALT-000275,SMS,SIMULATED_DELIVERED,+91-XXXXXXXXXX-LEA,True,2026-09-19T07:59:42.118783+00:00,
LOG-001644,ALT-000275,SMS,SIMULATED_DELIVERED,+91-XXXXXXXXXX-I4C,True,2026-09-19T07:59:42.118783+00:00,
LOG-001645,ALT-000275,WEBHOOK,SIMULATED_SENT,"LEA_PORTAL, BANK_FMS_SIMULATED",True,2026-09-19T07:59:42.119782+00:00,sev=HIGH score=30
LOG-001646,ALT-000276,LOG,LOGGED,,False,2026-09-19T07:59:42.119782+00:00,dry_run=True
LOG-001647,ALT-000276,EMAIL,DRY_RUN,analyst-oncall@cybercrime-analytics.local,False,2026-09-19T07:59:42.119782+00:00,dry_run=True
LOG-001648,ALT-000276,SMS,SIMULATED_DELIVERED,+91-XXXXXXXXXX-LEA,True,2026-09-19T07:59:42.120785+00:00,
LOG-001649,ALT-000276,SMS,SIMULATED_DELIVERED,+91-XXXXXXXXXX-I4C,True,2026-09-19T07:59:42.120785+00:00,
LOG-001650,ALT-000276,WEBHOOK,SIMULATED_SENT,"LEA_PORTAL, BANK_FMS_SIMULATED",True,2026-09-19T07:59:42.120785+00:00,sev=HIGH score=34
LOG-001651,ALT-000277,LOG,LOGGED,,False,2026-09-19T07:59:42.121783+00:00,dry_run=True
LOG-001652,ALT-000277,EMAIL,DRY_RUN,analyst-oncall@cybercrime-analytics.local,False,2026-09-19T07:59:42.121783+00:00,dry_run=True
LOG-001653,ALT-000277,SMS,SIMULATED_DELIVERED,+91-XXXXXXXXXX-LEA,True,2026-09-19T07:59:42.121783+00:00,
LOG-001654,ALT-000277,SMS,SIMULATED_DELIVERED,+91-XXXXXXXXXX-I4C,True,2026-09-19T07:59:42.121783+00:00,
LOG-001655,ALT-000277,WEBHOOK,SIMULATED_SENT,"LEA_PORTAL, BANK_FMS_SIMULATED",True,2026-09-19T07:59:42.121783+00:00,sev=HIGH score=42
LOG-001656,ALT-000278,LOG,LOGGED,,False,2026-09-19T07:59:42.122781+00:00,dry_run=True
LOG-001657,ALT-000278,EMAIL,DRY_RUN,analyst-oncall@cybercrime-analytics.local,False,2026-09-19T07:59:42.122781+00:00,dry_run=True
LOG-001658,ALT-000278,SMS,SIMULATED_DELIVERED,+91-XXXXXXXXXX-LEA,True,2026-09-19T07:59:42.122781+00:00,
LOG-001659,ALT-000278,SMS,SIMULATED_DELIVERED,+91-XXXXXXXXXX-I4C,True,2026-09-19T07:59:42.123859+00:00,
LOG-001660,ALT-000278,WEBHOOK,SIMULATED_SENT,"LEA_PORTAL, BANK_FMS_SIMULATED",True,2026-09-19T07:59:42.123859+00:00,sev=HIGH score=52
LOG-001661,ALT-000279,LOG,LOGGED,,False,2026-09-19T07:59:42.123859+00:00,dry_run=True
LOG-001662,ALT-000279,EMAIL,DRY_RUN,analyst-oncall@cybercrime-analytics.local,False,2026-09-19T07:59:42.123859+00:00,dry_run=True
LOG-001663,ALT-000279,SMS,SIMULATED_DELIVERED,+91-XXXXXXXXXX-LEA,True,2026-09-19T07:59:42.124869+00:00,
LOG-001664,ALT-000279,SMS,SIMULATED_DELIVERED,+91-XXXXXXXXXX-I4C,True,2026-09-19T07:59:42.124869+00:00,
LOG-001665,ALT-000279,WEBHOOK,SIMULATED_SENT,"LEA_PORTAL, BANK_FMS_SIMULATED",True,2026-09-19T07:59:42.124869+00:00,sev=HIGH score=39
LOG-001666,ALT-000280,LOG,LOGGED,,False,2026-09-19T07:59:42.124869+00:00,dry_run=True
LOG-001667,ALT-000280,EMAIL,DRY_RUN,analyst-oncall@cybercrime-analytics.local,False,2026-09-19T07:59:42.124869+00:00,dry_run=True
LOG-001668,ALT-000280,SMS,SIMULATED_DELIVERED,+91-XXXXXXXXXX-LEA,True,2026-09-19T07:59:42.125868+00:00,
LOG-001669,ALT-000280,SMS,SIMULATED_DELIVERED,+91-XXXXXXXXXX-I4C,True,2026-09-19T07:59:42.125868+00:00,
LOG-001670,ALT-000280,WEBHOOK,SIMULATED_SENT,"LEA_PORTAL, BANK_FMS_SIMULATED",True,2026-09-19T07:59:42.125868+00:00,sev=HIGH score=35
LOG-001671,ALT-000281,LOG,LOGGED,,False,2026-09-19T07:59:42.125868+00:00,dry_run=True
LOG-001672,ALT-000281,EMAIL,DRY_RUN,analyst-oncall@cybercrime-analytics.local,False,2026-09-19T07:59:42.125868+00:00,dry_run=True
LOG-001673,ALT-000281,SMS,SIMULATED_DELIVERED,+91-XXXXXXXXXX-LEA,True,2026-09-19T07:59:42.125868+00:00,
LOG-001674,ALT-000281,SMS,SIMULATED_DELIVERED,+91-XXXXXXXXXX-I4C,True,2026-09-19T07:59:42.125868+00:00,
LOG-001675,ALT-000281,WEBHOOK,SIMULATED_SENT,"LEA_PORTAL, BANK_FMS_SIMULATED",True,2026-09-19T07:59:42.127250+00:00,sev=HIGH score=27
LOG-001676,ALT-000282,LOG,LOGGED,,False,2026-09-19T07:59:42.127250+00:00,dry_run=True
LOG-001677,ALT-000282,EMAIL,DRY_RUN,analyst-oncall@cybercrime-analytics.local,False,2026-09-19T07:59:42.127250+00:00,dry_run=True
LOG-001678,ALT-000282,SMS,SIMULATED_DELIVERED,+91-XXXXXXXXXX-LEA,True,2026-09-19T07:59:42.128259+00:00,
LOG-001679,ALT-000282,SMS,SIMULATED_DELIVERED,+91-XXXXXXXXXX-I4C,True,2026-09-19T07:59:42.128259+00:00,
LOG-001680,ALT-000282,WEBHOOK,SIMULATED_SENT,"LEA_PORTAL, BANK_FMS_SIMULATED",True,2026-09-19T07:59:42.128259+00:00,sev=HIGH score=23
LOG-001681,ALT-000283,LOG,LOGGED,,False,2026-09-19T07:59:42.128259+00:00,dry_run=True
LOG-001682,ALT-000283,EMAIL,DRY_RUN,analyst-oncall@cybercrime-analytics.local,False,2026-09-19T07:59:42.129260+00:00,dry_run=True
LOG-001683,ALT-000283,SMS,SIMULATED_DELIVERED,+91-XXXXXXXXXX-LEA,True,2026-09-19T07:59:42.129260+00:00,
LOG-001684,ALT-000283,SMS,SIMULATED_DELIVERED,+91-XXXXXXXXXX-I4C,True,2026-09-19T07:59:42.129260+00:00,
LOG-001685,ALT-000283,WEBHOOK,SIMULATED_SENT,"LEA_PORTAL, BANK_FMS_SIMULATED",True,2026-09-19T07:59:42.129260+00:00,sev=HIGH score=28
LOG-001686,ALT-000284,LOG,LOGGED,,False,2026-09-19T07:59:42.129260+00:00,dry_run=True
LOG-001687,ALT-000284,EMAIL,DRY_RUN,analyst-oncall@cybercrime-analytics.local,False,2026-09-19T07:59:42.130762+00:00,dry_run=True
LOG-001688,ALT-000284,SMS,SIMULATED_DELIVERED,+91-XXXXXXXXXX-LEA,True,2026-09-19T07:59:42.130762+00:00,
LOG-001689,ALT-000284,SMS,SIMULATED_DELIVERED,+91-XXXXXXXXXX-I4C,True,2026-09-19T07:59:42.130762+00:00,
LOG-001690,ALT-000284,WEBHOOK,SIMULATED_SENT,"LEA_PORTAL, BANK_FMS_SIMULATED",True,2026-09-19T07:59:42.130762+00:00,sev=HIGH score=37
LOG-001691,ALT-000285,LOG,LOGGED,,False,2026-09-19T07:59:42.131769+00:00,dry_run=True
LOG-001692,ALT-000285,EMAIL,DRY_RUN,analyst-oncall@cybercrime-analytics.local,False,2026-09-19T07:59:42.131769+00:00,dry_run=True
LOG-001693,ALT-000285,SMS,SIMULATED_DELIVERED,+91-XXXXXXXXXX-LEA,True,2026-09-19T07:59:42.131769+00:00,
LOG-001694,ALT-000285,SMS,SIMULATED_DELIVERED,+91-XXXXXXXXXX-I4C,True,2026-09-19T07:59:42.131769+00:00,
LOG-001695,ALT-000285,WEBHOOK,SIMULATED_SENT,"LEA_PORTAL, BANK_FMS_SIMULATED",True,2026-09-19T07:59:42.132768+00:00,sev=HIGH score=36
LOG-001696,ALT-000286,LOG,LOGGED,,False,2026-09-19T07:59:42.132768+00:00,dry_run=True
LOG-001697,ALT-000286,EMAIL,DRY_RUN,analyst-oncall@cybercrime-analytics.local,False,2026-09-19T07:59:42.132768+00:00,dry_run=True
LOG-001698,ALT-000286,SMS,SIMULATED_DELIVERED,+91-XXXXXXXXXX-LEA,True,2026-09-19T07:59:42.133768+00:00,
LOG-001699,ALT-000286,SMS,SIMULATED_DELIVERED,+91-XXXXXXXXXX-I4C,True,2026-09-19T07:59:42.133768+00:00,
LOG-001700,ALT-000286,WEBHOOK,SIMULATED_SENT,"LEA_PORTAL, BANK_FMS_SIMULATED",True,2026-09-19T07:59:42.133768+00:00,sev=HIGH score=39
LOG-001701,ALT-000287,LOG,LOGGED,,False,2026-09-19T07:59:42.133768+00:00,dry_run=True
LOG-001702,ALT-000287,EMAIL,DRY_RUN,analyst-oncall@cybercrime-analytics.local,False,2026-09-19T07:59:42.134769+00:00,dry_run=True
LOG-001703,ALT-000287,SMS,SIMULATED_DELIVERED,+91-XXXXXXXXXX-LEA,True,2026-09-19T07:59:42.134769+00:00,
LOG-001704,ALT-000287,SMS,SIMULATED_DELIVERED,+91-XXXXXXXXXX-I4C,True,2026-09-19T07:59:42.134769+00:00,
LOG-001705,ALT-000287,WEBHOOK,SIMULATED_SENT,"LEA_PORTAL, BANK_FMS_SIMULATED",True,2026-09-19T07:59:42.134769+00:00,sev=HIGH score=40
LOG-001706,ALT-000288,LOG,LOGGED,,False,2026-09-19T07:59:42.135771+00:00,dry_run=True
LOG-001707,ALT-000288,EMAIL,DRY_RUN,analyst-oncall@cybercrime-analytics.local,False,2026-09-19T07:59:42.135771+00:00,dry_run=True
LOG-001708,ALT-000288,SMS,SIMULATED_DELIVERED,+91-XXXXXXXXXX-LEA,True,2026-09-19T07:59:42.135771+00:00,
LOG-001709,ALT-000288,SMS,SIMULATED_DELIVERED,+91-XXXXXXXXXX-I4C,True,2026-09-19T07:59:42.135771+00:00,
LOG-001710,ALT-000288,WEBHOOK,SIMULATED_SENT,"LEA_PORTAL, BANK_FMS_SIMULATED",True,2026-09-19T07:59:42.135771+00:00,sev=HIGH score=34
LOG-001711,ALT-000289,LOG,LOGGED,,False,2026-09-19T07:59:42.137249+00:00,dry_run=True
LOG-001712,ALT-000289,EMAIL,DRY_RUN,analyst-oncall@cybercrime-analytics.local,False,2026-09-19T07:59:42.137249+00:00,dry_run=True
LOG-001713,ALT-000289,SMS,SIMULATED_DELIVERED,+91-XXXXXXXXXX-LEA,True,2026-09-19T07:59:42.137249+00:00,
LOG-001714,ALT-000289,SMS,SIMULATED_DELIVERED,+91-XXXXXXXXXX-I4C,True,2026-09-19T07:59:42.137249+00:00,
LOG-001715,ALT-000289,WEBHOOK,SIMULATED_SENT,"LEA_PORTAL, BANK_FMS_SIMULATED",True,2026-09-19T07:59:42.137249+00:00,sev=HIGH score=33
LOG-001716,ALT-000290,LOG,LOGGED,,False,2026-09-19T07:59:42.138257+00:00,dry_run=True
LOG-001717,ALT-000290,EMAIL,DRY_RUN,analyst-oncall@cybercrime-analytics.local,False,2026-09-19T07:59:42.138257+00:00,dry_run=True
LOG-001718,ALT-000290,SMS,SIMULATED_DELIVERED,+91-XXXXXXXXXX-LEA,True,2026-09-19T07:59:42.138257+00:00,
LOG-001719,ALT-000290,SMS,SIMULATED_DELIVERED,+91-XXXXXXXXXX-I4C,True,2026-09-19T07:59:42.138257+00:00,
LOG-001720,ALT-000290,WEBHOOK,SIMULATED_SENT,"LEA_PORTAL, BANK_FMS_SIMULATED",True,2026-09-19T07:59:42.139257+00:00,sev=HIGH score=36
LOG-001721,ALT-000291,LOG,LOGGED,,False,2026-09-19T07:59:42.139257+00:00,dry_run=True
LOG-001722,ALT-000291,EMAIL,DRY_RUN,analyst-oncall@cybercrime-analytics.local,False,2026-09-19T07:59:42.139257+00:00,dry_run=True
LOG-001723,ALT-000291,SMS,SIMULATED_DELIVERED,+91-XXXXXXXXXX-LEA,True,2026-09-19T07:59:42.139257+00:00,
LOG-001724,ALT-000291,SMS,SIMULATED_DELIVERED,+91-XXXXXXXXXX-I4C,True,2026-09-19T07:59:42.140255+00:00,
LOG-001725,ALT-000291,WEBHOOK,SIMULATED_SENT,"LEA_PORTAL, BANK_FMS_SIMULATED",True,2026-09-19T07:59:42.140255+00:00,sev=HIGH score=26
LOG-001726,ALT-000292,LOG,LOGGED,,False,2026-09-19T07:59:42.141259+00:00,dry_run=True
LOG-001727,ALT-000292,EMAIL,DRY_RUN,analyst-oncall@cybercrime-analytics.local,False,2026-09-19T07:59:42.141259+00:00,dry_run=True
LOG-001728,ALT-000292,SMS,SIMULATED_DELIVERED,+91-XXXXXXXXXX-LEA,True,2026-09-19T07:59:42.141259+00:00,
LOG-001729,ALT-000292,SMS,SIMULATED_DELIVERED,+91-XXXXXXXXXX-I4C,True,2026-09-19T07:59:42.141259+00:00,
LOG-001730,ALT-000292,WEBHOOK,SIMULATED_SENT,"LEA_PORTAL, BANK_FMS_SIMULATED",True,2026-09-19T07:59:42.141259+00:00,sev=HIGH score=34
LOG-001731,ALT-000293,LOG,LOGGED,,False,2026-09-19T07:59:42.142257+00:00,dry_run=True
LOG-001732,ALT-000293,EMAIL,DRY_RUN,analyst-oncall@cybercrime-analytics.local,False,2026-09-19T07:59:42.142257+00:00,dry_run=True
LOG-001733,ALT-000293,SMS,SIMULATED_DELIVERED,+91-XXXXXXXXXX-LEA,True,2026-09-19T07:59:42.142257+00:00,
LOG-001734,ALT-000293,SMS,SIMULATED_DELIVERED,+91-XXXXXXXXXX-I4C,True,2026-09-19T07:59:42.142257+00:00,
LOG-001735,ALT-000293,WEBHOOK,SIMULATED_SENT,"LEA_PORTAL, BANK_FMS_SIMULATED",True,2026-09-19T07:59:42.143256+00:00,sev=HIGH score=30
LOG-001736,ALT-000294,LOG,LOGGED,,False,2026-09-19T07:59:42.143256+00:00,dry_run=True
LOG-001737,ALT-000294,EMAIL,DRY_RUN,analyst-oncall@cybercrime-analytics.local,False,2026-09-19T07:59:42.143256+00:00,dry_run=True
LOG-001738,ALT-000294,SMS,SIMULATED_DELIVERED,+91-XXXXXXXXXX-LEA,True,2026-09-19T07:59:42.143256+00:00,
LOG-001739,ALT-000294,SMS,SIMULATED_DELIVERED,+91-XXXXXXXXXX-I4C,True,2026-09-19T07:59:42.143256+00:00,
LOG-001740,ALT-000294,WEBHOOK,SIMULATED_SENT,"LEA_PORTAL, BANK_FMS_SIMULATED",True,2026-09-19T07:59:42.143256+00:00,sev=HIGH score=37
LOG-001741,ALT-000295,LOG,LOGGED,,False,2026-09-19T07:59:42.144869+00:00,dry_run=True
LOG-001742,ALT-000295,EMAIL,DRY_RUN,analyst-oncall@cybercrime-analytics.local,False,2026-09-19T07:59:42.144869+00:00,dry_run=True
LOG-001743,ALT-000295,SMS,SIMULATED_DELIVERED,+91-XXXXXXXXXX-LEA,True,2026-09-19T07:59:42.144869+00:00,
LOG-001744,ALT-000295,SMS,SIMULATED_DELIVERED,+91-XXXXXXXXXX-I4C,True,2026-09-19T07:59:42.144869+00:00,
LOG-001745,ALT-000295,WEBHOOK,SIMULATED_SENT,"LEA_PORTAL, BANK_FMS_SIMULATED",True,2026-09-19T07:59:42.144869+00:00,sev=HIGH score=32
LOG-001746,ALT-000296,LOG,LOGGED,,False,2026-09-19T07:59:42.146390+00:00,dry_run=True
LOG-001747,ALT-000296,EMAIL,DRY_RUN,analyst-oncall@cybercrime-analytics.local,False,2026-09-19T07:59:42.146390+00:00,dry_run=True
LOG-001748,ALT-000296,SMS,SIMULATED_DELIVERED,+91-XXXXXXXXXX-LEA,True,2026-09-19T07:59:42.146390+00:00,
LOG-001749,ALT-000296,SMS,SIMULATED_DELIVERED,+91-XXXXXXXXXX-I4C,True,2026-09-19T07:59:42.146390+00:00,
LOG-001750,ALT-000296,WEBHOOK,SIMULATED_SENT,"LEA_PORTAL, BANK_FMS_SIMULATED",True,2026-09-19T07:59:42.146390+00:00,sev=HIGH score=30
LOG-001751,ALT-000297,LOG,LOGGED,,False,2026-09-19T07:59:42.147958+00:00,dry_run=True
LOG-001752,ALT-000297,EMAIL,DRY_RUN,analyst-oncall@cybercrime-analytics.local,False,2026-09-19T07:59:42.147958+00:00,dry_run=True
LOG-001753,ALT-000297,SMS,SIMULATED_DELIVERED,+91-XXXXXXXXXX-LEA,True,2026-09-19T07:59:42.147958+00:00,
LOG-001754,ALT-000297,SMS,SIMULATED_DELIVERED,+91-XXXXXXXXXX-I4C,True,2026-09-19T07:59:42.147958+00:00,
LOG-001755,ALT-000297,WEBHOOK,SIMULATED_SENT,"LEA_PORTAL, BANK_FMS_SIMULATED",True,2026-09-19T07:59:42.147958+00:00,sev=HIGH score=40
LOG-001756,ALT-000298,LOG,LOGGED,,False,2026-09-19T07:59:42.149488+00:00,dry_run=True
LOG-001757,ALT-000298,EMAIL,DRY_RUN,analyst-oncall@cybercrime-analytics.local,False,2026-09-19T07:59:42.149488+00:00,dry_run=True
LOG-001758,ALT-000298,SMS,SIMULATED_DELIVERED,+91-XXXXXXXXXX-LEA,True,2026-09-19T07:59:42.149488+00:00,
LOG-001759,ALT-000298,SMS,SIMULATED_DELIVERED,+91-XXXXXXXXXX-I4C,True,2026-09-19T07:59:42.149488+00:00,
LOG-001760,ALT-000298,WEBHOOK,SIMULATED_SENT,"LEA_PORTAL, BANK_FMS_SIMULATED",True,2026-09-19T07:59:42.149488+00:00,sev=HIGH score=12
LOG-001761,ALT-000299,LOG,LOGGED,,False,2026-09-19T07:59:42.150497+00:00,dry_run=True
LOG-001762,ALT-000299,EMAIL,DRY_RUN,analyst-oncall@cybercrime-analytics.local,False,2026-09-19T07:59:42.150497+00:00,dry_run=True
LOG-001763,ALT-000299,SMS,SIMULATED_DELIVERED,+91-XXXXXXXXXX-LEA,True,2026-09-19T07:59:42.150497+00:00,
LOG-001764,ALT-000299,SMS,SIMULATED_DELIVERED,+91-XXXXXXXXXX-I4C,True,2026-09-19T07:59:42.151496+00:00,
LOG-001765,ALT-000299,WEBHOOK,SIMULATED_SENT,"LEA_PORTAL, BANK_FMS_SIMULATED",True,2026-09-19T07:59:42.151496+00:00,sev=HIGH score=28
LOG-001766,ALT-000300,LOG,LOGGED,,False,2026-09-19T07:59:42.151496+00:00,dry_run=True
LOG-001767,ALT-000300,EMAIL,DRY_RUN,analyst-oncall@cybercrime-analytics.local,False,2026-09-19T07:59:42.151496+00:00,dry_run=True
LOG-001768,ALT-000300,SMS,SIMULATED_DELIVERED,+91-XXXXXXXXXX-LEA,True,2026-09-19T07:59:42.152497+00:00,
LOG-001769,ALT-000300,SMS,SIMULATED_DELIVERED,+91-XXXXXXXXXX-I4C,True,2026-09-19T07:59:42.152497+00:00,
LOG-001770,ALT-000300,WEBHOOK,SIMULATED_SENT,"LEA_PORTAL, BANK_FMS_SIMULATED",True,2026-09-19T07:59:42.152497+00:00,sev=HIGH score=36
LOG-001771,ALT-000301,LOG,LOGGED,,False,2026-09-19T07:59:42.152497+00:00,dry_run=True
LOG-001772,ALT-000301,EMAIL,DRY_RUN,analyst-oncall@cybercrime-analytics.local,False,2026-09-19T07:59:42.153497+00:00,dry_run=True
LOG-001773,ALT-000301,SMS,SIMULATED_DELIVERED,+91-XXXXXXXXXX-LEA,True,2026-09-19T07:59:42.153497+00:00,
LOG-001774,ALT-000301,SMS,SIMULATED_DELIVERED,+91-XXXXXXXXXX-I4C,True,2026-09-19T07:59:42.153497+00:00,
LOG-001775,ALT-000301,WEBHOOK,SIMULATED_SENT,"LEA_PORTAL, BANK_FMS_SIMULATED",True,2026-09-19T07:59:42.153497+00:00,sev=HIGH score=15
LOG-001776,ALT-000302,LOG,LOGGED,,False,2026-09-19T07:59:42.154496+00:00,dry_run=True
LOG-001777,ALT-000302,EMAIL,DRY_RUN,analyst-oncall@cybercrime-analytics.local,False,2026-09-19T07:59:42.154496+00:00,dry_run=True
LOG-001778,ALT-000302,SMS,SIMULATED_DELIVERED,+91-XXXXXXXXXX-LEA,True,2026-09-19T07:59:42.154496+00:00,
LOG-001779,ALT-000302,SMS,SIMULATED_DELIVERED,+91-XXXXXXXXXX-I4C,True,2026-09-19T07:59:42.154496+00:00,
LOG-001780,ALT-000302,WEBHOOK,SIMULATED_SENT,"LEA_PORTAL, BANK_FMS_SIMULATED",True,2026-09-19T07:59:42.154496+00:00,sev=HIGH score=44
LOG-001781,ALT-000303,LOG,LOGGED,,False,2026-09-19T07:59:42.155497+00:00,dry_run=True
LOG-001782,ALT-000303,EMAIL,DRY_RUN,analyst-oncall@cybercrime-analytics.local,False,2026-09-19T07:59:42.155497+00:00,dry_run=True
LOG-001783,ALT-000303,SMS,SIMULATED_DELIVERED,+91-XXXXXXXXXX-LEA,True,2026-09-19T07:59:42.155497+00:00,
LOG-001784,ALT-000303,SMS,SIMULATED_DELIVERED,+91-XXXXXXXXXX-I4C,True,2026-09-19T07:59:42.155497+00:00,
LOG-001785,ALT-000303,WEBHOOK,SIMULATED_SENT,"LEA_PORTAL, BANK_FMS_SIMULATED",True,2026-09-19T07:59:42.156498+00:00,sev=HIGH score=20
LOG-001786,ALT-000304,LOG,LOGGED,,False,2026-09-19T07:59:42.156498+00:00,dry_run=True
LOG-001787,ALT-000304,EMAIL,DRY_RUN,analyst-oncall@cybercrime-analytics.local,False,2026-09-19T07:59:42.156498+00:00,dry_run=True
LOG-001788,ALT-000304,SMS,SIMULATED_DELIVERED,+91-XXXXXXXXXX-LEA,True,2026-09-19T07:59:42.156498+00:00,
LOG-001789,ALT-000304,SMS,SIMULATED_DELIVERED,+91-XXXXXXXXXX-I4C,True,2026-09-19T07:59:42.157496+00:00,
LOG-001790,ALT-000304,WEBHOOK,SIMULATED_SENT,"LEA_PORTAL, BANK_FMS_SIMULATED",True,2026-09-19T07:59:42.157496+00:00,sev=HIGH score=23
LOG-001791,ALT-000305,LOG,LOGGED,,False,2026-09-19T07:59:42.157496+00:00,dry_run=True
LOG-001792,ALT-000305,EMAIL,DRY_RUN,analyst-oncall@cybercrime-analytics.local,False,2026-09-19T07:59:42.158667+00:00,dry_run=True
LOG-001793,ALT-000305,SMS,SIMULATED_DELIVERED,+91-XXXXXXXXXX-LEA,True,2026-09-19T07:59:42.158667+00:00,
LOG-001794,ALT-000305,SMS,SIMULATED_DELIVERED,+91-XXXXXXXXXX-I4C,True,2026-09-19T07:59:42.158667+00:00,
LOG-001795,ALT-000305,WEBHOOK,SIMULATED_SENT,"LEA_PORTAL, BANK_FMS_SIMULATED",True,2026-09-19T07:59:42.158667+00:00,sev=HIGH score=29
LOG-001796,ALT-000306,LOG,LOGGED,,False,2026-09-19T07:59:42.159681+00:00,dry_run=True
LOG-001797,ALT-000306,EMAIL,DRY_RUN,analyst-oncall@cybercrime-analytics.local,False,2026-09-19T07:59:42.159681+00:00,dry_run=True
LOG-001798,ALT-000306,SMS,SIMULATED_DELIVERED,+91-XXXXXXXXXX-LEA,True,2026-09-19T07:59:42.159681+00:00,
LOG-001799,ALT-000306,SMS,SIMULATED_DELIVERED,+91-XXXXXXXXXX-I4C,True,2026-09-19T07:59:42.159681+00:00,
LOG-001800,ALT-000306,WEBHOOK,SIMULATED_SENT,"LEA_PORTAL, BANK_FMS_SIMULATED",True,2026-09-19T07:59:42.159681+00:00,sev=HIGH score=33
LOG-001801,ALT-000307,LOG,LOGGED,,False,2026-09-19T07:59:42.160680+00:00,dry_run=True
LOG-001802,ALT-000307,EMAIL,DRY_RUN,analyst-oncall@cybercrime-analytics.local,False,2026-09-19T07:59:42.160680+00:00,dry_run=True
LOG-001803,ALT-000307,SMS,SIMULATED_DELIVERED,+91-XXXXXXXXXX-LEA,True,2026-09-19T07:59:42.160680+00:00,
LOG-001804,ALT-000307,SMS,SIMULATED_DELIVERED,+91-XXXXXXXXXX-I4C,True,2026-09-19T07:59:42.160680+00:00,
LOG-001805,ALT-000307,WEBHOOK,SIMULATED_SENT,"LEA_PORTAL, BANK_FMS_SIMULATED",True,2026-09-19T07:59:42.160680+00:00,sev=HIGH score=33
LOG-001806,ALT-000308,LOG,LOGGED,,False,2026-09-19T07:59:42.162003+00:00,dry_run=True
LOG-001807,ALT-000308,EMAIL,DRY_RUN,analyst-oncall@cybercrime-analytics.local,False,2026-09-19T07:59:42.162003+00:00,dry_run=True
LOG-001808,ALT-000308,SMS,SIMULATED_DELIVERED,+91-XXXXXXXXXX-LEA,True,2026-09-19T07:59:42.162003+00:00,
LOG-001809,ALT-000308,SMS,SIMULATED_DELIVERED,+91-XXXXXXXXXX-I4C,True,2026-09-19T07:59:42.162003+00:00,
LOG-001810,ALT-000308,WEBHOOK,SIMULATED_SENT,"LEA_PORTAL, BANK_FMS_SIMULATED",True,2026-09-19T07:59:42.163090+00:00,sev=HIGH score=37
LOG-001811,ALT-000309,LOG,LOGGED,,False,2026-09-19T07:59:42.163090+00:00,dry_run=True
LOG-001812,ALT-000309,EMAIL,DRY_RUN,analyst-oncall@cybercrime-analytics.local,False,2026-09-19T07:59:42.163090+00:00,dry_run=True
LOG-001813,ALT-000309,SMS,SIMULATED_DELIVERED,+91-XXXXXXXXXX-LEA,True,2026-09-19T07:59:42.164101+00:00,
LOG-001814,ALT-000309,SMS,SIMULATED_DELIVERED,+91-XXXXXXXXXX-I4C,True,2026-09-19T07:59:42.164101+00:00,
LOG-001815,ALT-000309,WEBHOOK,SIMULATED_SENT,"LEA_PORTAL, BANK_FMS_SIMULATED",True,2026-09-19T07:59:42.164101+00:00,sev=CRITICAL score=91
LOG-001816,ALT-000310,LOG,LOGGED,,False,2026-09-19T07:59:42.165255+00:00,dry_run=True
LOG-001817,ALT-000310,EMAIL,DRY_RUN,analyst-oncall@cybercrime-analytics.local,False,2026-09-19T07:59:42.165255+00:00,dry_run=True
LOG-001818,ALT-000310,SMS,SIMULATED_DELIVERED,+91-XXXXXXXXXX-LEA,True,2026-09-19T07:59:42.165255+00:00,
LOG-001819,ALT-000310,SMS,SIMULATED_DELIVERED,+91-XXXXXXXXXX-I4C,True,2026-09-19T07:59:42.165255+00:00,
LOG-001820,ALT-000310,WEBHOOK,SIMULATED_SENT,"LEA_PORTAL, BANK_FMS_SIMULATED",True,2026-09-19T07:59:42.166265+00:00,sev=CRITICAL score=88
LOG-001821,ALT-DISP-01,LOG,LOGGED,,False,2026-09-19T08:01:56.159507+00:00,dry_run=True
LOG-001822,ALT-DISP-01,EMAIL,DRY_RUN,analyst-oncall@cybercrime-analytics.local,False,2026-09-19T08:01:56.159507+00:00,dry_run=True
LOG-001823,ALT-DISP-01,SMS,SIMULATED_DELIVERED,+91-XXXXXXXXXX-LEA,True,2026-09-19T08:01:56.160036+00:00,
LOG-001824,ALT-DISP-01,SMS,SIMULATED_DELIVERED,+91-XXXXXXXXXX-I4C,True,2026-09-19T08:01:56.160036+00:00,
LOG-001825,ALT-DISP-01,WEBHOOK,SIMULATED_SENT,"LEA_PORTAL, BANK_FMS_SIMULATED",True,2026-09-19T08:01:56.160563+00:00,sev=HIGH score=68
LOG-001826,ALT-000311,LOG,LOGGED,,False,2026-09-19T08:21:05.541073+00:00,dry_run=True
LOG-001827,ALT-000311,EMAIL,DRY_RUN,analyst-oncall@cybercrime-analytics.local,False,2026-09-19T08:21:05.542074+00:00,dry_run=True
LOG-001828,ALT-000311,SMS,SIMULATED_DELIVERED,+91-XXXXXXXXXX-LEA,True,2026-09-19T08:21:05.542074+00:00,
LOG-001829,ALT-000311,SMS,SIMULATED_DELIVERED,+91-XXXXXXXXXX-I4C,True,2026-09-19T08:21:05.542074+00:00,
LOG-001830,ALT-000311,WEBHOOK,SIMULATED_SENT,"LEA_PORTAL, BANK_FMS_SIMULATED",True,2026-09-19T08:21:05.543081+00:00,sev=HIGH score=61
LOG-001831,ALT-000312,LOG,LOGGED,,False,2026-09-19T08:21:05.543081+00:00,dry_run=True
LOG-001832,ALT-000312,EMAIL,DRY_RUN,analyst-oncall@cybercrime-analytics.local,False,2026-09-19T08:21:05.543081+00:00,dry_run=True
LOG-001833,ALT-000312,SMS,SIMULATED_DELIVERED,+91-XXXXXXXXXX-LEA,True,2026-09-19T08:21:05.544445+00:00,
LOG-001834,ALT-000312,SMS,SIMULATED_DELIVERED,+91-XXXXXXXXXX-I4C,True,2026-09-19T08:21:05.544445+00:00,
LOG-001835,ALT-000312,WEBHOOK,SIMULATED_SENT,"LEA_PORTAL, BANK_FMS_SIMULATED",True,2026-09-19T08:21:05.544445+00:00,sev=HIGH score=63
LOG-001836,ALT-000313,LOG,LOGGED,,False,2026-09-19T08:21:05.544950+00:00,dry_run=True
LOG-001837,ALT-000313,EMAIL,DRY_RUN,analyst-oncall@cybercrime-analytics.local,False,2026-09-19T08:21:05.544950+00:00,dry_run=True
LOG-001838,ALT-000313,SMS,SIMULATED_DELIVERED,+91-XXXXXXXXXX-LEA,True,2026-09-19T08:21:05.544950+00:00,
LOG-001839,ALT-000313,SMS,SIMULATED_DELIVERED,+91-XXXXXXXXXX-I4C,True,2026-09-19T08:21:05.544950+00:00,
LOG-001840,ALT-000313,WEBHOOK,SIMULATED_SENT,"LEA_PORTAL, BANK_FMS_SIMULATED",True,2026-09-19T08:21:05.544950+00:00,sev=HIGH score=60
LOG-001841,ALT-000314,LOG,LOGGED,,False,2026-09-19T08:21:05.544950+00:00,dry_run=True
LOG-001842,ALT-000314,EMAIL,DRY_RUN,analyst-oncall@cybercrime-analytics.local,False,2026-09-19T08:21:05.546416+00:00,dry_run=True
LOG-001843,ALT-000314,SMS,SIMULATED_DELIVERED,+91-XXXXXXXXXX-LEA,True,2026-09-19T08:21:05.546416+00:00,
LOG-001844,ALT-000314,SMS,SIMULATED_DELIVERED,+91-XXXXXXXXXX-I4C,True,2026-09-19T08:21:05.546416+00:00,
LOG-001845,ALT-000314,WEBHOOK,SIMULATED_SENT,"LEA_PORTAL, BANK_FMS_SIMULATED",True,2026-09-19T08:21:05.546416+00:00,sev=HIGH score=61
LOG-001846,ALT-000315,LOG,LOGGED,,False,2026-09-19T08:21:05.546416+00:00,dry_run=True
LOG-001847,ALT-000315,EMAIL,DRY_RUN,analyst-oncall@cybercrime-analytics.local,False,2026-09-19T08:21:05.546416+00:00,dry_run=True
LOG-001848,ALT-000315,SMS,SIMULATED_DELIVERED,+91-XXXXXXXXXX-LEA,True,2026-09-19T08:21:05.547423+00:00,
LOG-001849,ALT-000315,SMS,SIMULATED_DELIVERED,+91-XXXXXXXXXX-I4C,True,2026-09-19T08:21:05.547423+00:00,
LOG-001850,ALT-000315,WEBHOOK,SIMULATED_SENT,"LEA_PORTAL, BANK_FMS_SIMULATED",True,2026-09-19T08:21:05.547423+00:00,sev=HIGH score=60
LOG-001851,ALT-000316,LOG,LOGGED,,False,2026-09-19T08:21:05.547423+00:00,dry_run=True
LOG-001852,ALT-000316,EMAIL,DRY_RUN,analyst-oncall@cybercrime-analytics.local,False,2026-09-19T08:21:05.547423+00:00,dry_run=True
LOG-001853,ALT-000316,SMS,SIMULATED_DELIVERED,+91-XXXXXXXXXX-LEA,True,2026-09-19T08:21:05.548422+00:00,
LOG-001854,ALT-000316,SMS,SIMULATED_DELIVERED,+91-XXXXXXXXXX-I4C,True,2026-09-19T08:21:05.548422+00:00,
LOG-001855,ALT-000316,WEBHOOK,SIMULATED_SENT,"LEA_PORTAL, BANK_FMS_SIMULATED",True,2026-09-19T08:21:05.548422+00:00,sev=HIGH score=37
LOG-001856,ALT-000317,LOG,LOGGED,,False,2026-09-19T08:21:05.548422+00:00,dry_run=True
LOG-001857,ALT-000317,EMAIL,DRY_RUN,analyst-oncall@cybercrime-analytics.local,False,2026-09-19T08:21:05.548422+00:00,dry_run=True
LOG-001858,ALT-000317,SMS,SIMULATED_DELIVERED,+91-XXXXXXXXXX-LEA,True,2026-09-19T08:21:05.548422+00:00,
LOG-001859,ALT-000317,SMS,SIMULATED_DELIVERED,+91-XXXXXXXXXX-I4C,True,2026-09-19T08:21:05.548422+00:00,
LOG-001860,ALT-000317,WEBHOOK,SIMULATED_SENT,"LEA_PORTAL, BANK_FMS_SIMULATED",True,2026-09-19T08:21:05.548422+00:00,sev=HIGH score=38
LOG-001861,ALT-000318,LOG,LOGGED,,False,2026-09-19T08:21:05.549688+00:00,dry_run=True
LOG-001862,ALT-000318,EMAIL,DRY_RUN,analyst-oncall@cybercrime-analytics.local,False,2026-09-19T08:21:05.549688+00:00,dry_run=True
LOG-001863,ALT-000318,SMS,SIMULATED_DELIVERED,+91-XXXXXXXXXX-LEA,True,2026-09-19T08:21:05.549688+00:00,
LOG-001864,ALT-000318,SMS,SIMULATED_DELIVERED,+91-XXXXXXXXXX-I4C,True,2026-09-19T08:21:05.549688+00:00,
LOG-001865,ALT-000318,WEBHOOK,SIMULATED_SENT,"LEA_PORTAL, BANK_FMS_SIMULATED",True,2026-09-19T08:21:05.550758+00:00,sev=HIGH score=36
LOG-001866,ALT-000319,LOG,LOGGED,,False,2026-09-19T08:21:05.550758+00:00,dry_run=True
LOG-001867,ALT-000319,EMAIL,DRY_RUN,analyst-oncall@cybercrime-analytics.local,False,2026-09-19T08:21:05.550758+00:00,dry_run=True
LOG-001868,ALT-000319,SMS,SIMULATED_DELIVERED,+91-XXXXXXXXXX-LEA,True,2026-09-19T08:21:05.550758+00:00,
LOG-001869,ALT-000319,SMS,SIMULATED_DELIVERED,+91-XXXXXXXXXX-I4C,True,2026-09-19T08:21:05.550758+00:00,
LOG-001870,ALT-000319,WEBHOOK,SIMULATED_SENT,"LEA_PORTAL, BANK_FMS_SIMULATED",True,2026-09-19T08:21:05.551971+00:00,sev=HIGH score=41
LOG-001871,ALT-000320,LOG,LOGGED,,False,2026-09-19T08:21:05.551971+00:00,dry_run=True
LOG-001872,ALT-000320,EMAIL,DRY_RUN,analyst-oncall@cybercrime-analytics.local,False,2026-09-19T08:21:05.551971+00:00,dry_run=True
LOG-001873,ALT-000320,SMS,SIMULATED_DELIVERED,+91-XXXXXXXXXX-LEA,True,2026-09-19T08:21:05.551971+00:00,
LOG-001874,ALT-000320,SMS,SIMULATED_DELIVERED,+91-XXXXXXXXXX-I4C,True,2026-09-19T08:21:05.551971+00:00,
LOG-001875,ALT-000320,WEBHOOK,SIMULATED_SENT,"LEA_PORTAL, BANK_FMS_SIMULATED",True,2026-09-19T08:21:05.551971+00:00,sev=HIGH score=31
LOG-001876,ALT-000321,LOG,LOGGED,,False,2026-09-19T08:21:05.552968+00:00,dry_run=True
LOG-001877,ALT-000321,EMAIL,DRY_RUN,analyst-oncall@cybercrime-analytics.local,False,2026-09-19T08:21:05.552968+00:00,dry_run=True
LOG-001878,ALT-000321,SMS,SIMULATED_DELIVERED,+91-XXXXXXXXXX-LEA,True,2026-09-19T08:21:05.552968+00:00,
LOG-001879,ALT-000321,SMS,SIMULATED_DELIVERED,+91-XXXXXXXXXX-I4C,True,2026-09-19T08:21:05.552968+00:00,
LOG-001880,ALT-000321,WEBHOOK,SIMULATED_SENT,"LEA_PORTAL, BANK_FMS_SIMULATED",True,2026-09-19T08:21:05.553970+00:00,sev=HIGH score=31
LOG-001881,ALT-000322,LOG,LOGGED,,False,2026-09-19T08:21:05.553970+00:00,dry_run=True
LOG-001882,ALT-000322,EMAIL,DRY_RUN,analyst-oncall@cybercrime-analytics.local,False,2026-09-19T08:21:05.553970+00:00,dry_run=True
LOG-001883,ALT-000322,SMS,SIMULATED_DELIVERED,+91-XXXXXXXXXX-LEA,True,2026-09-19T08:21:05.553970+00:00,
LOG-001884,ALT-000322,SMS,SIMULATED_DELIVERED,+91-XXXXXXXXXX-I4C,True,2026-09-19T08:21:05.553970+00:00,
LOG-001885,ALT-000322,WEBHOOK,SIMULATED_SENT,"LEA_PORTAL, BANK_FMS_SIMULATED",True,2026-09-19T08:21:05.553970+00:00,sev=HIGH score=32
LOG-001886,ALT-000323,LOG,LOGGED,,False,2026-09-19T08:21:05.554969+00:00,dry_run=True
LOG-001887,ALT-000323,EMAIL,DRY_RUN,analyst-oncall@cybercrime-analytics.local,False,2026-09-19T08:21:05.554969+00:00,dry_run=True
LOG-001888,ALT-000323,SMS,SIMULATED_DELIVERED,+91-XXXXXXXXXX-LEA,True,2026-09-19T08:21:05.554969+00:00,
LOG-001889,ALT-000323,SMS,SIMULATED_DELIVERED,+91-XXXXXXXXXX-I4C,True,2026-09-19T08:21:05.554969+00:00,
LOG-001890,ALT-000323,WEBHOOK,SIMULATED_SENT,"LEA_PORTAL, BANK_FMS_SIMULATED",True,2026-09-19T08:21:05.555475+00:00,sev=HIGH score=34
LOG-001891,ALT-000324,LOG,LOGGED,,False,2026-09-19T08:21:05.555475+00:00,dry_run=True
LOG-001892,ALT-000324,EMAIL,DRY_RUN,analyst-oncall@cybercrime-analytics.local,False,2026-09-19T08:21:05.555475+00:00,dry_run=True
LOG-001893,ALT-000324,SMS,SIMULATED_DELIVERED,+91-XXXXXXXXXX-LEA,True,2026-09-19T08:21:05.555475+00:00,
LOG-001894,ALT-000324,SMS,SIMULATED_DELIVERED,+91-XXXXXXXXXX-I4C,True,2026-09-19T08:21:05.555475+00:00,
LOG-001895,ALT-000324,WEBHOOK,SIMULATED_SENT,"LEA_PORTAL, BANK_FMS_SIMULATED",True,2026-09-19T08:21:05.556480+00:00,sev=HIGH score=38
LOG-001896,ALT-000325,LOG,LOGGED,,False,2026-09-19T08:21:05.556480+00:00,dry_run=True
LOG-001897,ALT-000325,EMAIL,DRY_RUN,analyst-oncall@cybercrime-analytics.local,False,2026-09-19T08:21:05.556480+00:00,dry_run=True
LOG-001898,ALT-000325,SMS,SIMULATED_DELIVERED,+91-XXXXXXXXXX-LEA,True,2026-09-19T08:21:05.556480+00:00,
LOG-001899,ALT-000325,SMS,SIMULATED_DELIVERED,+91-XXXXXXXXXX-I4C,True,2026-09-19T08:21:05.556480+00:00,
LOG-001900,ALT-000325,WEBHOOK,SIMULATED_SENT,"LEA_PORTAL, BANK_FMS_SIMULATED",True,2026-09-19T08:21:05.557490+00:00,sev=HIGH score=65
LOG-001901,ALT-000326,LOG,LOGGED,,False,2026-09-19T08:21:05.557490+00:00,dry_run=True
LOG-001902,ALT-000326,EMAIL,DRY_RUN,analyst-oncall@cybercrime-analytics.local,False,2026-09-19T08:21:05.557490+00:00,dry_run=True
LOG-001903,ALT-000326,SMS,SIMULATED_DELIVERED,+91-XXXXXXXXXX-LEA,True,2026-09-19T08:21:05.557490+00:00,
LOG-001904,ALT-000326,SMS,SIMULATED_DELIVERED,+91-XXXXXXXXXX-I4C,True,2026-09-19T08:21:05.557490+00:00,
LOG-001905,ALT-000326,WEBHOOK,SIMULATED_SENT,"LEA_PORTAL, BANK_FMS_SIMULATED",True,2026-09-19T08:21:05.557490+00:00,sev=HIGH score=30
LOG-001906,ALT-000327,LOG,LOGGED,,False,2026-09-19T08:21:05.558488+00:00,dry_run=True
LOG-001907,ALT-000327,EMAIL,DRY_RUN,analyst-oncall@cybercrime-analytics.local,False,2026-09-19T08:21:05.558488+00:00,dry_run=True
LOG-001908,ALT-000327,SMS,SIMULATED_DELIVERED,+91-XXXXXXXXXX-LEA,True,2026-09-19T08:21:05.558488+00:00,
LOG-001909,ALT-000327,SMS,SIMULATED_DELIVERED,+91-XXXXXXXXXX-I4C,True,2026-09-19T08:21:05.558488+00:00,
LOG-001910,ALT-000327,WEBHOOK,SIMULATED_SENT,"LEA_PORTAL, BANK_FMS_SIMULATED",True,2026-09-19T08:21:05.558488+00:00,sev=HIGH score=34
LOG-001911,ALT-000328,LOG,LOGGED,,False,2026-09-19T08:21:05.559487+00:00,dry_run=True
LOG-001912,ALT-000328,EMAIL,DRY_RUN,analyst-oncall@cybercrime-analytics.local,False,2026-09-19T08:21:05.559487+00:00,dry_run=True
LOG-001913,ALT-000328,SMS,SIMULATED_DELIVERED,+91-XXXXXXXXXX-LEA,True,2026-09-19T08:21:05.559487+00:00,
LOG-001914,ALT-000328,SMS,SIMULATED_DELIVERED,+91-XXXXXXXXXX-I4C,True,2026-09-19T08:21:05.559487+00:00,
LOG-001915,ALT-000328,WEBHOOK,SIMULATED_SENT,"LEA_PORTAL, BANK_FMS_SIMULATED",True,2026-09-19T08:21:05.559487+00:00,sev=HIGH score=42
LOG-001916,ALT-000329,LOG,LOGGED,,False,2026-09-19T08:21:05.559487+00:00,dry_run=True
LOG-001917,ALT-000329,EMAIL,DRY_RUN,analyst-oncall@cybercrime-analytics.local,False,2026-09-19T08:21:05.559487+00:00,dry_run=True
LOG-001918,ALT-000329,SMS,SIMULATED_DELIVERED,+91-XXXXXXXXXX-LEA,True,2026-09-19T08:21:05.560488+00:00,
LOG-001919,ALT-000329,SMS,SIMULATED_DELIVERED,+91-XXXXXXXXXX-I4C,True,2026-09-19T08:21:05.560488+00:00,
LOG-001920,ALT-000329,WEBHOOK,SIMULATED_SENT,"LEA_PORTAL, BANK_FMS_SIMULATED",True,2026-09-19T08:21:05.560488+00:00,sev=HIGH score=52
LOG-001921,ALT-000330,LOG,LOGGED,,False,2026-09-19T08:21:05.560488+00:00,dry_run=True
LOG-001922,ALT-000330,EMAIL,DRY_RUN,analyst-oncall@cybercrime-analytics.local,False,2026-09-19T08:21:05.560488+00:00,dry_run=True
LOG-001923,ALT-000330,SMS,SIMULATED_DELIVERED,+91-XXXXXXXXXX-LEA,True,2026-09-19T08:21:05.560488+00:00,
LOG-001924,ALT-000330,SMS,SIMULATED_DELIVERED,+91-XXXXXXXXXX-I4C,True,2026-09-19T08:21:05.561486+00:00,
LOG-001925,ALT-000330,WEBHOOK,SIMULATED_SENT,"LEA_PORTAL, BANK_FMS_SIMULATED",True,2026-09-19T08:21:05.561486+00:00,sev=HIGH score=39
LOG-001926,ALT-000331,LOG,LOGGED,,False,2026-09-19T08:21:05.561486+00:00,dry_run=True
LOG-001927,ALT-000331,EMAIL,DRY_RUN,analyst-oncall@cybercrime-analytics.local,False,2026-09-19T08:21:05.561486+00:00,dry_run=True
LOG-001928,ALT-000331,SMS,SIMULATED_DELIVERED,+91-XXXXXXXXXX-LEA,True,2026-09-19T08:21:05.561486+00:00,
LOG-001929,ALT-000331,SMS,SIMULATED_DELIVERED,+91-XXXXXXXXXX-I4C,True,2026-09-19T08:21:05.561486+00:00,
LOG-001930,ALT-000331,WEBHOOK,SIMULATED_SENT,"LEA_PORTAL, BANK_FMS_SIMULATED",True,2026-09-19T08:21:05.562487+00:00,sev=HIGH score=35
LOG-001931,ALT-000332,LOG,LOGGED,,False,2026-09-19T08:21:05.562487+00:00,dry_run=True
LOG-001932,ALT-000332,EMAIL,DRY_RUN,analyst-oncall@cybercrime-analytics.local,False,2026-09-19T08:21:05.562487+00:00,dry_run=True
LOG-001933,ALT-000332,SMS,SIMULATED_DELIVERED,+91-XXXXXXXXXX-LEA,True,2026-09-19T08:21:05.562487+00:00,
LOG-001934,ALT-000332,SMS,SIMULATED_DELIVERED,+91-XXXXXXXXXX-I4C,True,2026-09-19T08:21:05.563491+00:00,
LOG-001935,ALT-000332,WEBHOOK,SIMULATED_SENT,"LEA_PORTAL, BANK_FMS_SIMULATED",True,2026-09-19T08:21:05.563491+00:00,sev=HIGH score=27
LOG-001936,ALT-000333,LOG,LOGGED,,False,2026-09-19T08:21:05.563491+00:00,dry_run=True
LOG-001937,ALT-000333,EMAIL,DRY_RUN,analyst-oncall@cybercrime-analytics.local,False,2026-09-19T08:21:05.563491+00:00,dry_run=True
LOG-001938,ALT-000333,SMS,SIMULATED_DELIVERED,+91-XXXXXXXXXX-LEA,True,2026-09-19T08:21:05.563491+00:00,
LOG-001939,ALT-000333,SMS,SIMULATED_DELIVERED,+91-XXXXXXXXXX-I4C,True,2026-09-19T08:21:05.565004+00:00,
LOG-001940,ALT-000333,WEBHOOK,SIMULATED_SENT,"LEA_PORTAL, BANK_FMS_SIMULATED",True,2026-09-19T08:21:05.565004+00:00,sev=HIGH score=23
LOG-001941,ALT-000334,LOG,LOGGED,,False,2026-09-19T08:21:05.565004+00:00,dry_run=True
LOG-001942,ALT-000334,EMAIL,DRY_RUN,analyst-oncall@cybercrime-analytics.local,False,2026-09-19T08:21:05.565004+00:00,dry_run=True
LOG-001943,ALT-000334,SMS,SIMULATED_DELIVERED,+91-XXXXXXXXXX-LEA,True,2026-09-19T08:21:05.565004+00:00,
LOG-001944,ALT-000334,SMS,SIMULATED_DELIVERED,+91-XXXXXXXXXX-I4C,True,2026-09-19T08:21:05.566012+00:00,
LOG-001945,ALT-000334,WEBHOOK,SIMULATED_SENT,"LEA_PORTAL, BANK_FMS_SIMULATED",True,2026-09-19T08:21:05.566012+00:00,sev=HIGH score=28
LOG-001946,ALT-000335,LOG,LOGGED,,False,2026-09-19T08:21:05.566012+00:00,dry_run=True
LOG-001947,ALT-000335,EMAIL,DRY_RUN,analyst-oncall@cybercrime-analytics.local,False,2026-09-19T08:21:05.566012+00:00,dry_run=True
LOG-001948,ALT-000335,SMS,SIMULATED_DELIVERED,+91-XXXXXXXXXX-LEA,True,2026-09-19T08:21:05.566012+00:00,
LOG-001949,ALT-000335,SMS,SIMULATED_DELIVERED,+91-XXXXXXXXXX-I4C,True,2026-09-19T08:21:05.567012+00:00,
LOG-001950,ALT-000335,WEBHOOK,SIMULATED_SENT,"LEA_PORTAL, BANK_FMS_SIMULATED",True,2026-09-19T08:21:05.567012+00:00,sev=HIGH score=37
LOG-001951,ALT-000336,LOG,LOGGED,,False,2026-09-19T08:21:05.567012+00:00,dry_run=True
LOG-001952,ALT-000336,EMAIL,DRY_RUN,analyst-oncall@cybercrime-analytics.local,False,2026-09-19T08:21:05.567012+00:00,dry_run=True
LOG-001953,ALT-000336,SMS,SIMULATED_DELIVERED,+91-XXXXXXXXXX-LEA,True,2026-09-19T08:21:05.567012+00:00,
LOG-001954,ALT-000336,SMS,SIMULATED_DELIVERED,+91-XXXXXXXXXX-I4C,True,2026-09-19T08:21:05.567012+00:00,
LOG-001955,ALT-000336,WEBHOOK,SIMULATED_SENT,"LEA_PORTAL, BANK_FMS_SIMULATED",True,2026-09-19T08:21:05.568018+00:00,sev=HIGH score=36
LOG-001956,ALT-000337,LOG,LOGGED,,False,2026-09-19T08:21:05.568018+00:00,dry_run=True
LOG-001957,ALT-000337,EMAIL,DRY_RUN,analyst-oncall@cybercrime-analytics.local,False,2026-09-19T08:21:05.568018+00:00,dry_run=True
LOG-001958,ALT-000337,SMS,SIMULATED_DELIVERED,+91-XXXXXXXXXX-LEA,True,2026-09-19T08:21:05.568018+00:00,
LOG-001959,ALT-000337,SMS,SIMULATED_DELIVERED,+91-XXXXXXXXXX-I4C,True,2026-09-19T08:21:05.568018+00:00,
LOG-001960,ALT-000337,WEBHOOK,SIMULATED_SENT,"LEA_PORTAL, BANK_FMS_SIMULATED",True,2026-09-19T08:21:05.568018+00:00,sev=HIGH score=39
LOG-001961,ALT-000338,LOG,LOGGED,,False,2026-09-19T08:21:05.569020+00:00,dry_run=True
LOG-001962,ALT-000338,EMAIL,DRY_RUN,analyst-oncall@cybercrime-analytics.local,False,2026-09-19T08:21:05.569020+00:00,dry_run=True
LOG-001963,ALT-000338,SMS,SIMULATED_DELIVERED,+91-XXXXXXXXXX-LEA,True,2026-09-19T08:21:05.569020+00:00,
LOG-001964,ALT-000338,SMS,SIMULATED_DELIVERED,+91-XXXXXXXXXX-I4C,True,2026-09-19T08:21:05.569020+00:00,
LOG-001965,ALT-000338,WEBHOOK,SIMULATED_SENT,"LEA_PORTAL, BANK_FMS_SIMULATED",True,2026-09-19T08:21:05.569020+00:00,sev=HIGH score=40
LOG-001966,ALT-000339,LOG,LOGGED,,False,2026-09-19T08:21:05.570021+00:00,dry_run=True
LOG-001967,ALT-000339,EMAIL,DRY_RUN,analyst-oncall@cybercrime-analytics.local,False,2026-09-19T08:21:05.570021+00:00,dry_run=True
LOG-001968,ALT-000339,SMS,SIMULATED_DELIVERED,+91-XXXXXXXXXX-LEA,True,2026-09-19T08:21:05.570021+00:00,
LOG-001969,ALT-000339,SMS,SIMULATED_DELIVERED,+91-XXXXXXXXXX-I4C,True,2026-09-19T08:21:05.570021+00:00,
LOG-001970,ALT-000339,WEBHOOK,SIMULATED_SENT,"LEA_PORTAL, BANK_FMS_SIMULATED",True,2026-09-19T08:21:05.570021+00:00,sev=HIGH score=34
LOG-001971,ALT-000340,LOG,LOGGED,,False,2026-09-19T08:21:05.571506+00:00,dry_run=True
LOG-001972,ALT-000340,EMAIL,DRY_RUN,analyst-oncall@cybercrime-analytics.local,False,2026-09-19T08:21:05.571506+00:00,dry_run=True
LOG-001973,ALT-000340,SMS,SIMULATED_DELIVERED,+91-XXXXXXXXXX-LEA,True,2026-09-19T08:21:05.571506+00:00,
LOG-001974,ALT-000340,SMS,SIMULATED_DELIVERED,+91-XXXXXXXXXX-I4C,True,2026-09-19T08:21:05.571506+00:00,
LOG-001975,ALT-000340,WEBHOOK,SIMULATED_SENT,"LEA_PORTAL, BANK_FMS_SIMULATED",True,2026-09-19T08:21:05.571506+00:00,sev=HIGH score=33
LOG-001976,ALT-000341,LOG,LOGGED,,False,2026-09-19T08:21:05.572515+00:00,dry_run=True
LOG-001977,ALT-000341,EMAIL,DRY_RUN,analyst-oncall@cybercrime-analytics.local,False,2026-09-19T08:21:05.572515+00:00,dry_run=True
LOG-001978,ALT-000341,SMS,SIMULATED_DELIVERED,+91-XXXXXXXXXX-LEA,True,2026-09-19T08:21:05.572515+00:00,
LOG-001979,ALT-000341,SMS,SIMULATED_DELIVERED,+91-XXXXXXXXXX-I4C,True,2026-09-19T08:21:05.572515+00:00,
LOG-001980,ALT-000341,WEBHOOK,SIMULATED_SENT,"LEA_PORTAL, BANK_FMS_SIMULATED",True,2026-09-19T08:21:05.572515+00:00,sev=HIGH score=36
LOG-001981,ALT-000342,LOG,LOGGED,,False,2026-09-19T08:21:05.573516+00:00,dry_run=True
LOG-001982,ALT-000342,EMAIL,DRY_RUN,analyst-oncall@cybercrime-analytics.local,False,2026-09-19T08:21:05.573516+00:00,dry_run=True
LOG-001983,ALT-000342,SMS,SIMULATED_DELIVERED,+91-XXXXXXXXXX-LEA,True,2026-09-19T08:21:05.573516+00:00,
LOG-001984,ALT-000342,SMS,SIMULATED_DELIVERED,+91-XXXXXXXXXX-I4C,True,2026-09-19T08:21:05.573516+00:00,
LOG-001985,ALT-000342,WEBHOOK,SIMULATED_SENT,"LEA_PORTAL, BANK_FMS_SIMULATED",True,2026-09-19T08:21:05.573516+00:00,sev=HIGH score=26
LOG-001986,ALT-000343,LOG,LOGGED,,False,2026-09-19T08:21:05.573516+00:00,dry_run=True
LOG-001987,ALT-000343,EMAIL,DRY_RUN,analyst-oncall@cybercrime-analytics.local,False,2026-09-19T08:21:05.573516+00:00,dry_run=True
LOG-001988,ALT-000343,SMS,SIMULATED_DELIVERED,+91-XXXXXXXXXX-LEA,True,2026-09-19T08:21:05.575022+00:00,
LOG-001989,ALT-000343,SMS,SIMULATED_DELIVERED,+91-XXXXXXXXXX-I4C,True,2026-09-19T08:21:05.575022+00:00,
LOG-001990,ALT-000343,WEBHOOK,SIMULATED_SENT,"LEA_PORTAL, BANK_FMS_SIMULATED",True,2026-09-19T08:21:05.575022+00:00,sev=HIGH score=34
LOG-001991,ALT-000344,LOG,LOGGED,,False,2026-09-19T08:21:05.575022+00:00,dry_run=True
LOG-001992,ALT-000344,EMAIL,DRY_RUN,analyst-oncall@cybercrime-analytics.local,False,2026-09-19T08:21:05.575022+00:00,dry_run=True
LOG-001993,ALT-000344,SMS,SIMULATED_DELIVERED,+91-XXXXXXXXXX-LEA,True,2026-09-19T08:21:05.576030+00:00,
LOG-001994,ALT-000344,SMS,SIMULATED_DELIVERED,+91-XXXXXXXXXX-I4C,True,2026-09-19T08:21:05.576030+00:00,
LOG-001995,ALT-000344,WEBHOOK,SIMULATED_SENT,"LEA_PORTAL, BANK_FMS_SIMULATED",True,2026-09-19T08:21:05.576030+00:00,sev=HIGH score=30
LOG-001996,ALT-000345,LOG,LOGGED,,False,2026-09-19T08:21:05.576030+00:00,dry_run=True
LOG-001997,ALT-000345,EMAIL,DRY_RUN,analyst-oncall@cybercrime-analytics.local,False,2026-09-19T08:21:05.576030+00:00,dry_run=True
LOG-001998,ALT-000345,SMS,SIMULATED_DELIVERED,+91-XXXXXXXXXX-LEA,True,2026-09-19T08:21:05.576030+00:00,
LOG-001999,ALT-000345,SMS,SIMULATED_DELIVERED,+91-XXXXXXXXXX-I4C,True,2026-09-19T08:21:05.576030+00:00,
LOG-002000,ALT-000345,WEBHOOK,SIMULATED_SENT,"LEA_PORTAL, BANK_FMS_SIMULATED",True,2026-09-19T08:21:05.576030+00:00,sev=HIGH score=37
LOG-002001,ALT-000346,LOG,LOGGED,,False,2026-09-19T08:21:05.577523+00:00,dry_run=True
LOG-002002,ALT-000346,EMAIL,DRY_RUN,analyst-oncall@cybercrime-analytics.local,False,2026-09-19T08:21:05.577523+00:00,dry_run=True
LOG-002003,ALT-000346,SMS,SIMULATED_DELIVERED,+91-XXXXXXXXXX-LEA,True,2026-09-19T08:21:05.577523+00:00,
LOG-002004,ALT-000346,SMS,SIMULATED_DELIVERED,+91-XXXXXXXXXX-I4C,True,2026-09-19T08:21:05.577523+00:00,
LOG-002005,ALT-000346,WEBHOOK,SIMULATED_SENT,"LEA_PORTAL, BANK_FMS_SIMULATED",True,2026-09-19T08:21:05.577523+00:00,sev=HIGH score=32
LOG-002006,ALT-000347,LOG,LOGGED,,False,2026-09-19T08:21:05.578533+00:00,dry_run=True
LOG-002007,ALT-000347,EMAIL,DRY_RUN,analyst-oncall@cybercrime-analytics.local,False,2026-09-19T08:21:05.578533+00:00,dry_run=True
LOG-002008,ALT-000347,SMS,SIMULATED_DELIVERED,+91-XXXXXXXXXX-LEA,True,2026-09-19T08:21:05.578533+00:00,
LOG-002009,ALT-000347,SMS,SIMULATED_DELIVERED,+91-XXXXXXXXXX-I4C,True,2026-09-19T08:21:05.578533+00:00,
LOG-002010,ALT-000347,WEBHOOK,SIMULATED_SENT,"LEA_PORTAL, BANK_FMS_SIMULATED",True,2026-09-19T08:21:05.578533+00:00,sev=HIGH score=30
LOG-002011,ALT-000348,LOG,LOGGED,,False,2026-09-19T08:21:05.579531+00:00,dry_run=True
LOG-002012,ALT-000348,EMAIL,DRY_RUN,analyst-oncall@cybercrime-analytics.local,False,2026-09-19T08:21:05.579531+00:00,dry_run=True
LOG-002013,ALT-000348,SMS,SIMULATED_DELIVERED,+91-XXXXXXXXXX-LEA,True,2026-09-19T08:21:05.579531+00:00,
LOG-002014,ALT-000348,SMS,SIMULATED_DELIVERED,+91-XXXXXXXXXX-I4C,True,2026-09-19T08:21:05.579531+00:00,
LOG-002015,ALT-000348,WEBHOOK,SIMULATED_SENT,"LEA_PORTAL, BANK_FMS_SIMULATED",True,2026-09-19T08:21:05.580530+00:00,sev=HIGH score=40
LOG-002016,ALT-000349,LOG,LOGGED,,False,2026-09-19T08:21:05.580530+00:00,dry_run=True
LOG-002017,ALT-000349,EMAIL,DRY_RUN,analyst-oncall@cybercrime-analytics.local,False,2026-09-19T08:21:05.580530+00:00,dry_run=True
LOG-002018,ALT-000349,SMS,SIMULATED_DELIVERED,+91-XXXXXXXXXX-LEA,True,2026-09-19T08:21:05.580530+00:00,
LOG-002019,ALT-000349,SMS,SIMULATED_DELIVERED,+91-XXXXXXXXXX-I4C,True,2026-09-19T08:21:05.581529+00:00,
LOG-002020,ALT-000349,WEBHOOK,SIMULATED_SENT,"LEA_PORTAL, BANK_FMS_SIMULATED",True,2026-09-19T08:21:05.581529+00:00,sev=HIGH score=12
LOG-002021,ALT-000350,LOG,LOGGED,,False,2026-09-19T08:21:05.581529+00:00,dry_run=True
LOG-002022,ALT-000350,EMAIL,DRY_RUN,analyst-oncall@cybercrime-analytics.local,False,2026-09-19T08:21:05.581529+00:00,dry_run=True
LOG-002023,ALT-000350,SMS,SIMULATED_DELIVERED,+91-XXXXXXXXXX-LEA,True,2026-09-19T08:21:05.581529+00:00,
LOG-002024,ALT-000350,SMS,SIMULATED_DELIVERED,+91-XXXXXXXXXX-I4C,True,2026-09-19T08:21:05.582529+00:00,
LOG-002025,ALT-000350,WEBHOOK,SIMULATED_SENT,"LEA_PORTAL, BANK_FMS_SIMULATED",True,2026-09-19T08:21:05.582529+00:00,sev=HIGH score=28
LOG-002026,ALT-000351,LOG,LOGGED,,False,2026-09-19T08:21:05.582529+00:00,dry_run=True
LOG-002027,ALT-000351,EMAIL,DRY_RUN,analyst-oncall@cybercrime-analytics.local,False,2026-09-19T08:21:05.582529+00:00,dry_run=True
LOG-002028,ALT-000351,SMS,SIMULATED_DELIVERED,+91-XXXXXXXXXX-LEA,True,2026-09-19T08:21:05.582529+00:00,
LOG-002029,ALT-000351,SMS,SIMULATED_DELIVERED,+91-XXXXXXXXXX-I4C,True,2026-09-19T08:21:05.582529+00:00,
LOG-002030,ALT-000351,WEBHOOK,SIMULATED_SENT,"LEA_PORTAL, BANK_FMS_SIMULATED",True,2026-09-19T08:21:05.582529+00:00,sev=HIGH score=36
LOG-002031,ALT-000352,LOG,LOGGED,,False,2026-09-19T08:21:05.583530+00:00,dry_run=True
LOG-002032,ALT-000352,EMAIL,DRY_RUN,analyst-oncall@cybercrime-analytics.local,False,2026-09-19T08:21:05.583530+00:00,dry_run=True
LOG-002033,ALT-000352,SMS,SIMULATED_DELIVERED,+91-XXXXXXXXXX-LEA,True,2026-09-19T08:21:05.584154+00:00,
LOG-002034,ALT-000352,SMS,SIMULATED_DELIVERED,+91-XXXXXXXXXX-I4C,True,2026-09-19T08:21:05.584154+00:00,
LOG-002035,ALT-000352,WEBHOOK,SIMULATED_SENT,"LEA_PORTAL, BANK_FMS_SIMULATED",True,2026-09-19T08:21:05.584661+00:00,sev=HIGH score=15
LOG-002036,ALT-000353,LOG,LOGGED,,False,2026-09-19T08:21:05.585170+00:00,dry_run=True
LOG-002037,ALT-000353,EMAIL,DRY_RUN,analyst-oncall@cybercrime-analytics.local,False,2026-09-19T08:21:05.585170+00:00,dry_run=True
LOG-002038,ALT-000353,SMS,SIMULATED_DELIVERED,+91-XXXXXXXXXX-LEA,True,2026-09-19T08:21:05.585170+00:00,
LOG-002039,ALT-000353,SMS,SIMULATED_DELIVERED,+91-XXXXXXXXXX-I4C,True,2026-09-19T08:21:05.585170+00:00,
LOG-002040,ALT-000353,WEBHOOK,SIMULATED_SENT,"LEA_PORTAL, BANK_FMS_SIMULATED",True,2026-09-19T08:21:05.585170+00:00,sev=HIGH score=44
LOG-002041,ALT-000354,LOG,LOGGED,,False,2026-09-19T08:21:05.586178+00:00,dry_run=True
LOG-002042,ALT-000354,EMAIL,DRY_RUN,analyst-oncall@cybercrime-analytics.local,False,2026-09-19T08:21:05.586178+00:00,dry_run=True
LOG-002043,ALT-000354,SMS,SIMULATED_DELIVERED,+91-XXXXXXXXXX-LEA,True,2026-09-19T08:21:05.586178+00:00,
LOG-002044,ALT-000354,SMS,SIMULATED_DELIVERED,+91-XXXXXXXXXX-I4C,True,2026-09-19T08:21:05.586178+00:00,
LOG-002045,ALT-000354,WEBHOOK,SIMULATED_SENT,"LEA_PORTAL, BANK_FMS_SIMULATED",True,2026-09-19T08:21:05.587177+00:00,sev=HIGH score=20
LOG-002046,ALT-000355,LOG,LOGGED,,False,2026-09-19T08:21:05.587177+00:00,dry_run=True
LOG-002047,ALT-000355,EMAIL,DRY_RUN,analyst-oncall@cybercrime-analytics.local,False,2026-09-19T08:21:05.587177+00:00,dry_run=True
LOG-002048,ALT-000355,SMS,SIMULATED_DELIVERED,+91-XXXXXXXXXX-LEA,True,2026-09-19T08:21:05.587177+00:00,
LOG-002049,ALT-000355,SMS,SIMULATED_DELIVERED,+91-XXXXXXXXXX-I4C,True,2026-09-19T08:21:05.587177+00:00,
LOG-002050,ALT-000355,WEBHOOK,SIMULATED_SENT,"LEA_PORTAL, BANK_FMS_SIMULATED",True,2026-09-19T08:21:05.587177+00:00,sev=HIGH score=23
LOG-002051,ALT-000356,LOG,LOGGED,,False,2026-09-19T08:21:05.587177+00:00,dry_run=True
LOG-002052,ALT-000356,EMAIL,DRY_RUN,analyst-oncall@cybercrime-analytics.local,False,2026-09-19T08:21:05.588658+00:00,dry_run=True
LOG-002053,ALT-000356,SMS,SIMULATED_DELIVERED,+91-XXXXXXXXXX-LEA,True,2026-09-19T08:21:05.588658+00:00,
LOG-002054,ALT-000356,SMS,SIMULATED_DELIVERED,+91-XXXXXXXXXX-I4C,True,2026-09-19T08:21:05.588658+00:00,
LOG-002055,ALT-000356,WEBHOOK,SIMULATED_SENT,"LEA_PORTAL, BANK_FMS_SIMULATED",True,2026-09-19T08:21:05.588658+00:00,sev=HIGH score=29
LOG-002056,ALT-000357,LOG,LOGGED,,False,2026-09-19T08:21:05.588658+00:00,dry_run=True
LOG-002057,ALT-000357,EMAIL,DRY_RUN,analyst-oncall@cybercrime-analytics.local,False,2026-09-19T08:21:05.588658+00:00,dry_run=True
LOG-002058,ALT-000357,SMS,SIMULATED_DELIVERED,+91-XXXXXXXXXX-LEA,True,2026-09-19T08:21:05.588658+00:00,
LOG-002059,ALT-000357,SMS,SIMULATED_DELIVERED,+91-XXXXXXXXXX-I4C,True,2026-09-19T08:21:05.589663+00:00,
LOG-002060,ALT-000357,WEBHOOK,SIMULATED_SENT,"LEA_PORTAL, BANK_FMS_SIMULATED",True,2026-09-19T08:21:05.589663+00:00,sev=HIGH score=33
LOG-002061,ALT-000358,LOG,LOGGED,,False,2026-09-19T08:21:05.589663+00:00,dry_run=True
LOG-002062,ALT-000358,EMAIL,DRY_RUN,analyst-oncall@cybercrime-analytics.local,False,2026-09-19T08:21:05.589663+00:00,dry_run=True
LOG-002063,ALT-000358,SMS,SIMULATED_DELIVERED,+91-XXXXXXXXXX-LEA,True,2026-09-19T08:21:05.589663+00:00,
LOG-002064,ALT-000358,SMS,SIMULATED_DELIVERED,+91-XXXXXXXXXX-I4C,True,2026-09-19T08:21:05.589663+00:00,
LOG-002065,ALT-000358,WEBHOOK,SIMULATED_SENT,"LEA_PORTAL, BANK_FMS_SIMULATED",True,2026-09-19T08:21:05.589663+00:00,sev=HIGH score=33
LOG-002066,ALT-000359,LOG,LOGGED,,False,2026-09-19T08:21:05.590663+00:00,dry_run=True
LOG-002067,ALT-000359,EMAIL,DRY_RUN,analyst-oncall@cybercrime-analytics.local,False,2026-09-19T08:21:05.590663+00:00,dry_run=True
LOG-002068,ALT-000359,SMS,SIMULATED_DELIVERED,+91-XXXXXXXXXX-LEA,True,2026-09-19T08:21:05.590663+00:00,
LOG-002069,ALT-000359,SMS,SIMULATED_DELIVERED,+91-XXXXXXXXXX-I4C,True,2026-09-19T08:21:05.590663+00:00,
LOG-002070,ALT-000359,WEBHOOK,SIMULATED_SENT,"LEA_PORTAL, BANK_FMS_SIMULATED",True,2026-09-19T08:21:05.591666+00:00,sev=HIGH score=37
LOG-002071,ALT-000360,LOG,LOGGED,,False,2026-09-19T08:21:05.591666+00:00,dry_run=True
LOG-002072,ALT-000360,EMAIL,DRY_RUN,analyst-oncall@cybercrime-analytics.local,False,2026-09-19T08:21:05.591666+00:00,dry_run=True
LOG-002073,ALT-000360,SMS,SIMULATED_DELIVERED,+91-XXXXXXXXXX-LEA,True,2026-09-19T08:21:05.592665+00:00,
LOG-002074,ALT-000360,SMS,SIMULATED_DELIVERED,+91-XXXXXXXXXX-I4C,True,2026-09-19T08:21:05.592665+00:00,
LOG-002075,ALT-000360,WEBHOOK,SIMULATED_SENT,"LEA_PORTAL, BANK_FMS_SIMULATED",True,2026-09-19T08:21:05.592665+00:00,sev=CRITICAL score=91
LOG-002076,ALT-000361,LOG,LOGGED,,False,2026-09-19T08:21:05.592665+00:00,dry_run=True
LOG-002077,ALT-000361,EMAIL,DRY_RUN,analyst-oncall@cybercrime-analytics.local,False,2026-09-19T08:21:05.592665+00:00,dry_run=True
LOG-002078,ALT-000361,SMS,SIMULATED_DELIVERED,+91-XXXXXXXXXX-LEA,True,2026-09-19T08:21:05.593898+00:00,
LOG-002079,ALT-000361,SMS,SIMULATED_DELIVERED,+91-XXXXXXXXXX-I4C,True,2026-09-19T08:21:05.593898+00:00,
LOG-002080,ALT-000361,WEBHOOK,SIMULATED_SENT,"LEA_PORTAL, BANK_FMS_SIMULATED",True,2026-09-19T08:21:05.593898+00:00,sev=CRITICAL score=88
LOG-002081,ALT-DISP-01,LOG,LOGGED,,False,2026-09-19T08:23:17.591421+00:00,dry_run=True
LOG-002082,ALT-DISP-01,EMAIL,DRY_RUN,analyst-oncall@cybercrime-analytics.local,False,2026-09-19T08:23:17.591421+00:00,dry_run=True
LOG-002083,ALT-DISP-01,SMS,SIMULATED_DELIVERED,+91-XXXXXXXXXX-LEA,True,2026-09-19T08:23:17.591940+00:00,
LOG-002084,ALT-DISP-01,SMS,SIMULATED_DELIVERED,+91-XXXXXXXXXX-I4C,True,2026-09-19T08:23:17.591940+00:00,
LOG-002085,ALT-DISP-01,WEBHOOK,SIMULATED_SENT,"LEA_PORTAL, BANK_FMS_SIMULATED",True,2026-09-19T08:23:17.591940+00:00,sev=HIGH score=68
LOG-002086,ALT-DISP-01,LOG,LOGGED,,False,2026-09-19T08:37:14.633828+00:00,dry_run=True
LOG-002087,ALT-DISP-01,EMAIL,DRY_RUN,analyst-oncall@cybercrime-analytics.local,False,2026-09-19T08:37:14.633828+00:00,dry_run=True
LOG-002088,ALT-DISP-01,SMS,SIMULATED_DELIVERED,+91-XXXXXXXXXX-LEA,True,2026-09-19T08:37:14.634343+00:00,
LOG-002089,ALT-DISP-01,SMS,SIMULATED_DELIVERED,+91-XXXXXXXXXX-I4C,True,2026-09-19T08:37:14.634343+00:00,
LOG-002090,ALT-DISP-01,WEBHOOK,SIMULATED_SENT,"LEA_PORTAL, BANK_FMS_SIMULATED",True,2026-09-19T08:37:14.634343+00:00,sev=HIGH score=68
LOG-002091,ALT-000362,LOG,LOGGED,,False,2026-09-19T09:31:10.578821+00:00,dry_run=True
LOG-002092,ALT-000362,EMAIL,DRY_RUN,analyst-oncall@cybercrime-analytics.local,False,2026-09-19T09:31:10.578821+00:00,dry_run=True
LOG-002093,ALT-000362,SMS,SIMULATED_DELIVERED,+91-XXXXXXXXXX-LEA,True,2026-09-19T09:31:10.578821+00:00,
LOG-002094,ALT-000362,SMS,SIMULATED_DELIVERED,+91-XXXXXXXXXX-I4C,True,2026-09-19T09:31:10.578821+00:00,
LOG-002095,ALT-000362,WEBHOOK,SIMULATED_SENT,"LEA_PORTAL, BANK_FMS_SIMULATED",True,2026-09-19T09:31:10.578821+00:00,sev=HIGH score=61
LOG-002096,ALT-000363,LOG,LOGGED,,False,2026-09-19T09:31:10.579833+00:00,dry_run=True
LOG-002097,ALT-000363,EMAIL,DRY_RUN,analyst-oncall@cybercrime-analytics.local,False,2026-09-19T09:31:10.579833+00:00,dry_run=True
LOG-002098,ALT-000363,SMS,SIMULATED_DELIVERED,+91-XXXXXXXXXX-LEA,True,2026-09-19T09:31:10.579833+00:00,
LOG-002099,ALT-000363,SMS,SIMULATED_DELIVERED,+91-XXXXXXXXXX-I4C,True,2026-09-19T09:31:10.579833+00:00,
LOG-002100,ALT-000363,WEBHOOK,SIMULATED_SENT,"LEA_PORTAL, BANK_FMS_SIMULATED",True,2026-09-19T09:31:10.579833+00:00,sev=HIGH score=63
LOG-002101,ALT-000364,LOG,LOGGED,,False,2026-09-19T09:31:10.579833+00:00,dry_run=True
LOG-002102,ALT-000364,EMAIL,DRY_RUN,analyst-oncall@cybercrime-analytics.local,False,2026-09-19T09:31:10.579833+00:00,dry_run=True
LOG-002103,ALT-000364,SMS,SIMULATED_DELIVERED,+91-XXXXXXXXXX-LEA,True,2026-09-19T09:31:10.580966+00:00,
LOG-002104,ALT-000364,SMS,SIMULATED_DELIVERED,+91-XXXXXXXXXX-I4C,True,2026-09-19T09:31:10.580966+00:00,
LOG-002105,ALT-000364,WEBHOOK,SIMULATED_SENT,"LEA_PORTAL, BANK_FMS_SIMULATED",True,2026-09-19T09:31:10.580966+00:00,sev=HIGH score=60
LOG-002106,ALT-000365,LOG,LOGGED,,False,2026-09-19T09:31:10.580966+00:00,dry_run=True
LOG-002107,ALT-000365,EMAIL,DRY_RUN,analyst-oncall@cybercrime-analytics.local,False,2026-09-19T09:31:10.580966+00:00,dry_run=True
LOG-002108,ALT-000365,SMS,SIMULATED_DELIVERED,+91-XXXXXXXXXX-LEA,True,2026-09-19T09:31:10.580966+00:00,
LOG-002109,ALT-000365,SMS,SIMULATED_DELIVERED,+91-XXXXXXXXXX-I4C,True,2026-09-19T09:31:10.580966+00:00,
LOG-002110,ALT-000365,WEBHOOK,SIMULATED_SENT,"LEA_PORTAL, BANK_FMS_SIMULATED",True,2026-09-19T09:31:10.581974+00:00,sev=HIGH score=61
LOG-002111,ALT-000366,LOG,LOGGED,,False,2026-09-19T09:31:10.581974+00:00,dry_run=True
LOG-002112,ALT-000366,EMAIL,DRY_RUN,analyst-oncall@cybercrime-analytics.local,False,2026-09-19T09:31:10.581974+00:00,dry_run=True
LOG-002113,ALT-000366,SMS,SIMULATED_DELIVERED,+91-XXXXXXXXXX-LEA,True,2026-09-19T09:31:10.581974+00:00,
LOG-002114,ALT-000366,SMS,SIMULATED_DELIVERED,+91-XXXXXXXXXX-I4C,True,2026-09-19T09:31:10.581974+00:00,
LOG-002115,ALT-000366,WEBHOOK,SIMULATED_SENT,"LEA_PORTAL, BANK_FMS_SIMULATED",True,2026-09-19T09:31:10.581974+00:00,sev=HIGH score=60
LOG-002116,ALT-000367,LOG,LOGGED,,False,2026-09-19T09:31:10.581974+00:00,dry_run=True
LOG-002117,ALT-000367,EMAIL,DRY_RUN,analyst-oncall@cybercrime-analytics.local,False,2026-09-19T09:31:10.582974+00:00,dry_run=True
LOG-002118,ALT-000367,SMS,SIMULATED_DELIVERED,+91-XXXXXXXXXX-LEA,True,2026-09-19T09:31:10.582974+00:00,
LOG-002119,ALT-000367,SMS,SIMULATED_DELIVERED,+91-XXXXXXXXXX-I4C,True,2026-09-19T09:31:10.582974+00:00,
LOG-002120,ALT-000367,WEBHOOK,SIMULATED_SENT,"LEA_PORTAL, BANK_FMS_SIMULATED",True,2026-09-19T09:31:10.582974+00:00,sev=HIGH score=37
LOG-002121,ALT-000368,LOG,LOGGED,,False,2026-09-19T09:31:10.582974+00:00,dry_run=True
LOG-002122,ALT-000368,EMAIL,DRY_RUN,analyst-oncall@cybercrime-analytics.local,False,2026-09-19T09:31:10.582974+00:00,dry_run=True
LOG-002123,ALT-000368,SMS,SIMULATED_DELIVERED,+91-XXXXXXXXXX-LEA,True,2026-09-19T09:31:10.583972+00:00,
LOG-002124,ALT-000368,SMS,SIMULATED_DELIVERED,+91-XXXXXXXXXX-I4C,True,2026-09-19T09:31:10.583972+00:00,
LOG-002125,ALT-000368,WEBHOOK,SIMULATED_SENT,"LEA_PORTAL, BANK_FMS_SIMULATED",True,2026-09-19T09:31:10.583972+00:00,sev=HIGH score=38
LOG-002126,ALT-000369,LOG,LOGGED,,False,2026-09-19T09:31:10.583972+00:00,dry_run=True
LOG-002127,ALT-000369,EMAIL,DRY_RUN,analyst-oncall@cybercrime-analytics.local,False,2026-09-19T09:31:10.583972+00:00,dry_run=True
LOG-002128,ALT-000369,SMS,SIMULATED_DELIVERED,+91-XXXXXXXXXX-LEA,True,2026-09-19T09:31:10.583972+00:00,
LOG-002129,ALT-000369,SMS,SIMULATED_DELIVERED,+91-XXXXXXXXXX-I4C,True,2026-09-19T09:31:10.585301+00:00,
LOG-002130,ALT-000369,WEBHOOK,SIMULATED_SENT,"LEA_PORTAL, BANK_FMS_SIMULATED",True,2026-09-19T09:31:10.585301+00:00,sev=HIGH score=36
LOG-002131,ALT-000370,LOG,LOGGED,,False,2026-09-19T09:31:10.585301+00:00,dry_run=True
LOG-002132,ALT-000370,EMAIL,DRY_RUN,analyst-oncall@cybercrime-analytics.local,False,2026-09-19T09:31:10.585301+00:00,dry_run=True
LOG-002133,ALT-000370,SMS,SIMULATED_DELIVERED,+91-XXXXXXXXXX-LEA,True,2026-09-19T09:31:10.585301+00:00,
LOG-002134,ALT-000370,SMS,SIMULATED_DELIVERED,+91-XXXXXXXXXX-I4C,True,2026-09-19T09:31:10.585301+00:00,
LOG-002135,ALT-000370,WEBHOOK,SIMULATED_SENT,"LEA_PORTAL, BANK_FMS_SIMULATED",True,2026-09-19T09:31:10.585301+00:00,sev=HIGH score=41
LOG-002136,ALT-000371,LOG,LOGGED,,False,2026-09-19T09:31:10.585301+00:00,dry_run=True
LOG-002137,ALT-000371,EMAIL,DRY_RUN,analyst-oncall@cybercrime-analytics.local,False,2026-09-19T09:31:10.586634+00:00,dry_run=True
LOG-002138,ALT-000371,SMS,SIMULATED_DELIVERED,+91-XXXXXXXXXX-LEA,True,2026-09-19T09:31:10.586634+00:00,
LOG-002139,ALT-000371,SMS,SIMULATED_DELIVERED,+91-XXXXXXXXXX-I4C,True,2026-09-19T09:31:10.586634+00:00,
LOG-002140,ALT-000371,WEBHOOK,SIMULATED_SENT,"LEA_PORTAL, BANK_FMS_SIMULATED",True,2026-09-19T09:31:10.586634+00:00,sev=HIGH score=31
LOG-002141,ALT-000372,LOG,LOGGED,,False,2026-09-19T09:31:10.586634+00:00,dry_run=True
LOG-002142,ALT-000372,EMAIL,DRY_RUN,analyst-oncall@cybercrime-analytics.local,False,2026-09-19T09:31:10.586634+00:00,dry_run=True
LOG-002143,ALT-000372,SMS,SIMULATED_DELIVERED,+91-XXXXXXXXXX-LEA,True,2026-09-19T09:31:10.586634+00:00,
LOG-002144,ALT-000372,SMS,SIMULATED_DELIVERED,+91-XXXXXXXXXX-I4C,True,2026-09-19T09:31:10.586634+00:00,
LOG-002145,ALT-000372,WEBHOOK,SIMULATED_SENT,"LEA_PORTAL, BANK_FMS_SIMULATED",True,2026-09-19T09:31:10.586634+00:00,sev=HIGH score=31
LOG-002146,ALT-000373,LOG,LOGGED,,False,2026-09-19T09:31:10.587644+00:00,dry_run=True
LOG-002147,ALT-000373,EMAIL,DRY_RUN,analyst-oncall@cybercrime-analytics.local,False,2026-09-19T09:31:10.587644+00:00,dry_run=True
LOG-002148,ALT-000373,SMS,SIMULATED_DELIVERED,+91-XXXXXXXXXX-LEA,True,2026-09-19T09:31:10.587644+00:00,
LOG-002149,ALT-000373,SMS,SIMULATED_DELIVERED,+91-XXXXXXXXXX-I4C,True,2026-09-19T09:31:10.587644+00:00,
LOG-002150,ALT-000373,WEBHOOK,SIMULATED_SENT,"LEA_PORTAL, BANK_FMS_SIMULATED",True,2026-09-19T09:31:10.587644+00:00,sev=HIGH score=32
LOG-002151,ALT-000374,LOG,LOGGED,,False,2026-09-19T09:31:10.587644+00:00,dry_run=True
LOG-002152,ALT-000374,EMAIL,DRY_RUN,analyst-oncall@cybercrime-analytics.local,False,2026-09-19T09:31:10.587644+00:00,dry_run=True
LOG-002153,ALT-000374,SMS,SIMULATED_DELIVERED,+91-XXXXXXXXXX-LEA,True,2026-09-19T09:31:10.588645+00:00,
LOG-002154,ALT-000374,SMS,SIMULATED_DELIVERED,+91-XXXXXXXXXX-I4C,True,2026-09-19T09:31:10.588645+00:00,
LOG-002155,ALT-000374,WEBHOOK,SIMULATED_SENT,"LEA_PORTAL, BANK_FMS_SIMULATED",True,2026-09-19T09:31:10.588645+00:00,sev=HIGH score=34
LOG-002156,ALT-000375,LOG,LOGGED,,False,2026-09-19T09:31:10.588645+00:00,dry_run=True
LOG-002157,ALT-000375,EMAIL,DRY_RUN,analyst-oncall@cybercrime-analytics.local,False,2026-09-19T09:31:10.588645+00:00,dry_run=True
LOG-002158,ALT-000375,SMS,SIMULATED_DELIVERED,+91-XXXXXXXXXX-LEA,True,2026-09-19T09:31:10.588645+00:00,
LOG-002159,ALT-000375,SMS,SIMULATED_DELIVERED,+91-XXXXXXXXXX-I4C,True,2026-09-19T09:31:10.588645+00:00,
LOG-002160,ALT-000375,WEBHOOK,SIMULATED_SENT,"LEA_PORTAL, BANK_FMS_SIMULATED",True,2026-09-19T09:31:10.588645+00:00,sev=HIGH score=38
LOG-002161,ALT-000376,LOG,LOGGED,,False,2026-09-19T09:31:10.588645+00:00,dry_run=True
LOG-002162,ALT-000376,EMAIL,DRY_RUN,analyst-oncall@cybercrime-analytics.local,False,2026-09-19T09:31:10.588645+00:00,dry_run=True
LOG-002163,ALT-000376,SMS,SIMULATED_DELIVERED,+91-XXXXXXXXXX-LEA,True,2026-09-19T09:31:10.589954+00:00,
LOG-002164,ALT-000376,SMS,SIMULATED_DELIVERED,+91-XXXXXXXXXX-I4C,True,2026-09-19T09:31:10.589954+00:00,
LOG-002165,ALT-000376,WEBHOOK,SIMULATED_SENT,"LEA_PORTAL, BANK_FMS_SIMULATED",True,2026-09-19T09:31:10.589954+00:00,sev=HIGH score=65
LOG-002166,ALT-000377,LOG,LOGGED,,False,2026-09-19T09:31:10.589954+00:00,dry_run=True
LOG-002167,ALT-000377,EMAIL,DRY_RUN,analyst-oncall@cybercrime-analytics.local,False,2026-09-19T09:31:10.589954+00:00,dry_run=True
LOG-002168,ALT-000377,SMS,SIMULATED_DELIVERED,+91-XXXXXXXXXX-LEA,True,2026-09-19T09:31:10.589954+00:00,
LOG-002169,ALT-000377,SMS,SIMULATED_DELIVERED,+91-XXXXXXXXXX-I4C,True,2026-09-19T09:31:10.589954+00:00,
LOG-002170,ALT-000377,WEBHOOK,SIMULATED_SENT,"LEA_PORTAL, BANK_FMS_SIMULATED",True,2026-09-19T09:31:10.589954+00:00,sev=HIGH score=30
LOG-002171,ALT-000378,LOG,LOGGED,,False,2026-09-19T09:31:10.589954+00:00,dry_run=True
LOG-002172,ALT-000378,EMAIL,DRY_RUN,analyst-oncall@cybercrime-analytics.local,False,2026-09-19T09:31:10.589954+00:00,dry_run=True
LOG-002173,ALT-000378,SMS,SIMULATED_DELIVERED,+91-XXXXXXXXXX-LEA,True,2026-09-19T09:31:10.591288+00:00,
LOG-002174,ALT-000378,SMS,SIMULATED_DELIVERED,+91-XXXXXXXXXX-I4C,True,2026-09-19T09:31:10.591288+00:00,
LOG-002175,ALT-000378,WEBHOOK,SIMULATED_SENT,"LEA_PORTAL, BANK_FMS_SIMULATED",True,2026-09-19T09:31:10.591288+00:00,sev=HIGH score=34
LOG-002176,ALT-000379,LOG,LOGGED,,False,2026-09-19T09:31:10.591288+00:00,dry_run=True
LOG-002177,ALT-000379,EMAIL,DRY_RUN,analyst-oncall@cybercrime-analytics.local,False,2026-09-19T09:31:10.591288+00:00,dry_run=True
LOG-002178,ALT-000379,SMS,SIMULATED_DELIVERED,+91-XXXXXXXXXX-LEA,True,2026-09-19T09:31:10.591288+00:00,
LOG-002179,ALT-000379,SMS,SIMULATED_DELIVERED,+91-XXXXXXXXXX-I4C,True,2026-09-19T09:31:10.591288+00:00,
LOG-002180,ALT-000379,WEBHOOK,SIMULATED_SENT,"LEA_PORTAL, BANK_FMS_SIMULATED",True,2026-09-19T09:31:10.591288+00:00,sev=HIGH score=42
LOG-002181,ALT-000380,LOG,LOGGED,,False,2026-09-19T09:31:10.591288+00:00,dry_run=True
LOG-002182,ALT-000380,EMAIL,DRY_RUN,analyst-oncall@cybercrime-analytics.local,False,2026-09-19T09:31:10.591288+00:00,dry_run=True
LOG-002183,ALT-000380,SMS,SIMULATED_DELIVERED,+91-XXXXXXXXXX-LEA,True,2026-09-19T09:31:10.592774+00:00,
LOG-002184,ALT-000380,SMS,SIMULATED_DELIVERED,+91-XXXXXXXXXX-I4C,True,2026-09-19T09:31:10.592774+00:00,
LOG-002185,ALT-000380,WEBHOOK,SIMULATED_SENT,"LEA_PORTAL, BANK_FMS_SIMULATED",True,2026-09-19T09:31:10.592774+00:00,sev=HIGH score=52
LOG-002186,ALT-000381,LOG,LOGGED,,False,2026-09-19T09:31:10.592774+00:00,dry_run=True
LOG-002187,ALT-000381,EMAIL,DRY_RUN,analyst-oncall@cybercrime-analytics.local,False,2026-09-19T09:31:10.592774+00:00,dry_run=True
LOG-002188,ALT-000381,SMS,SIMULATED_DELIVERED,+91-XXXXXXXXXX-LEA,True,2026-09-19T09:31:10.592774+00:00,
LOG-002189,ALT-000381,SMS,SIMULATED_DELIVERED,+91-XXXXXXXXXX-I4C,True,2026-09-19T09:31:10.592774+00:00,
LOG-002190,ALT-000381,WEBHOOK,SIMULATED_SENT,"LEA_PORTAL, BANK_FMS_SIMULATED",True,2026-09-19T09:31:10.592774+00:00,sev=HIGH score=39
LOG-002191,ALT-000382,LOG,LOGGED,,False,2026-09-19T09:31:10.592774+00:00,dry_run=True
LOG-002192,ALT-000382,EMAIL,DRY_RUN,analyst-oncall@cybercrime-analytics.local,False,2026-09-19T09:31:10.592774+00:00,dry_run=True
LOG-002193,ALT-000382,SMS,SIMULATED_DELIVERED,+91-XXXXXXXXXX-LEA,True,2026-09-19T09:31:10.594087+00:00,
LOG-002194,ALT-000382,SMS,SIMULATED_DELIVERED,+91-XXXXXXXXXX-I4C,True,2026-09-19T09:31:10.594087+00:00,
LOG-002195,ALT-000382,WEBHOOK,SIMULATED_SENT,"LEA_PORTAL, BANK_FMS_SIMULATED",True,2026-09-19T09:31:10.594087+00:00,sev=HIGH score=35
LOG-002196,ALT-000383,LOG,LOGGED,,False,2026-09-19T09:31:10.594087+00:00,dry_run=True
LOG-002197,ALT-000383,EMAIL,DRY_RUN,analyst-oncall@cybercrime-analytics.local,False,2026-09-19T09:31:10.594087+00:00,dry_run=True
LOG-002198,ALT-000383,SMS,SIMULATED_DELIVERED,+91-XXXXXXXXXX-LEA,True,2026-09-19T09:31:10.594087+00:00,
LOG-002199,ALT-000383,SMS,SIMULATED_DELIVERED,+91-XXXXXXXXXX-I4C,True,2026-09-19T09:31:10.594087+00:00,
LOG-002200,ALT-000383,WEBHOOK,SIMULATED_SENT,"LEA_PORTAL, BANK_FMS_SIMULATED",True,2026-09-19T09:31:10.595087+00:00,sev=HIGH score=27
LOG-002201,ALT-000384,LOG,LOGGED,,False,2026-09-19T09:31:10.595087+00:00,dry_run=True
LOG-002202,ALT-000384,EMAIL,DRY_RUN,analyst-oncall@cybercrime-analytics.local,False,2026-09-19T09:31:10.595087+00:00,dry_run=True
LOG-002203,ALT-000384,SMS,SIMULATED_DELIVERED,+91-XXXXXXXXXX-LEA,True,2026-09-19T09:31:10.595087+00:00,
LOG-002204,ALT-000384,SMS,SIMULATED_DELIVERED,+91-XXXXXXXXXX-I4C,True,2026-09-19T09:31:10.595087+00:00,
LOG-002205,ALT-000384,WEBHOOK,SIMULATED_SENT,"LEA_PORTAL, BANK_FMS_SIMULATED",True,2026-09-19T09:31:10.595087+00:00,sev=HIGH score=23
LOG-002206,ALT-000385,LOG,LOGGED,,False,2026-09-19T09:31:10.595087+00:00,dry_run=True
LOG-002207,ALT-000385,EMAIL,DRY_RUN,analyst-oncall@cybercrime-analytics.local,False,2026-09-19T09:31:10.595087+00:00,dry_run=True
LOG-002208,ALT-000385,SMS,SIMULATED_DELIVERED,+91-XXXXXXXXXX-LEA,True,2026-09-19T09:31:10.595087+00:00,
LOG-002209,ALT-000385,SMS,SIMULATED_DELIVERED,+91-XXXXXXXXXX-I4C,True,2026-09-19T09:31:10.595087+00:00,
LOG-002210,ALT-000385,WEBHOOK,SIMULATED_SENT,"LEA_PORTAL, BANK_FMS_SIMULATED",True,2026-09-19T09:31:10.595087+00:00,sev=HIGH score=28
LOG-002211,ALT-000386,LOG,LOGGED,,False,2026-09-19T09:31:10.596474+00:00,dry_run=True
LOG-002212,ALT-000386,EMAIL,DRY_RUN,analyst-oncall@cybercrime-analytics.local,False,2026-09-19T09:31:10.596474+00:00,dry_run=True
LOG-002213,ALT-000386,SMS,SIMULATED_DELIVERED,+91-XXXXXXXXXX-LEA,True,2026-09-19T09:31:10.596474+00:00,
LOG-002214,ALT-000386,SMS,SIMULATED_DELIVERED,+91-XXXXXXXXXX-I4C,True,2026-09-19T09:31:10.596474+00:00,
LOG-002215,ALT-000386,WEBHOOK,SIMULATED_SENT,"LEA_PORTAL, BANK_FMS_SIMULATED",True,2026-09-19T09:31:10.596474+00:00,sev=HIGH score=37
LOG-002216,ALT-000387,LOG,LOGGED,,False,2026-09-19T09:31:10.596474+00:00,dry_run=True
LOG-002217,ALT-000387,EMAIL,DRY_RUN,analyst-oncall@cybercrime-analytics.local,False,2026-09-19T09:31:10.596474+00:00,dry_run=True
LOG-002218,ALT-000387,SMS,SIMULATED_DELIVERED,+91-XXXXXXXXXX-LEA,True,2026-09-19T09:31:10.596474+00:00,
LOG-002219,ALT-000387,SMS,SIMULATED_DELIVERED,+91-XXXXXXXXXX-I4C,True,2026-09-19T09:31:10.597480+00:00,
LOG-002220,ALT-000387,WEBHOOK,SIMULATED_SENT,"LEA_PORTAL, BANK_FMS_SIMULATED",True,2026-09-19T09:31:10.597480+00:00,sev=HIGH score=36
LOG-002221,ALT-000388,LOG,LOGGED,,False,2026-09-19T09:31:10.597480+00:00,dry_run=True
LOG-002222,ALT-000388,EMAIL,DRY_RUN,analyst-oncall@cybercrime-analytics.local,False,2026-09-19T09:31:10.597480+00:00,dry_run=True
LOG-002223,ALT-000388,SMS,SIMULATED_DELIVERED,+91-XXXXXXXXXX-LEA,True,2026-09-19T09:31:10.597480+00:00,
LOG-002224,ALT-000388,SMS,SIMULATED_DELIVERED,+91-XXXXXXXXXX-I4C,True,2026-09-19T09:31:10.597480+00:00,
LOG-002225,ALT-000388,WEBHOOK,SIMULATED_SENT,"LEA_PORTAL, BANK_FMS_SIMULATED",True,2026-09-19T09:31:10.597480+00:00,sev=HIGH score=39
LOG-002226,ALT-000389,LOG,LOGGED,,False,2026-09-19T09:31:10.597480+00:00,dry_run=True
LOG-002227,ALT-000389,EMAIL,DRY_RUN,analyst-oncall@cybercrime-analytics.local,False,2026-09-19T09:31:10.597480+00:00,dry_run=True
LOG-002228,ALT-000389,SMS,SIMULATED_DELIVERED,+91-XXXXXXXXXX-LEA,True,2026-09-19T09:31:10.598480+00:00,
LOG-002229,ALT-000389,SMS,SIMULATED_DELIVERED,+91-XXXXXXXXXX-I4C,True,2026-09-19T09:31:10.598480+00:00,
LOG-002230,ALT-000389,WEBHOOK,SIMULATED_SENT,"LEA_PORTAL, BANK_FMS_SIMULATED",True,2026-09-19T09:31:10.598480+00:00,sev=HIGH score=40
LOG-002231,ALT-000390,LOG,LOGGED,,False,2026-09-19T09:31:10.599489+00:00,dry_run=True
LOG-002232,ALT-000390,EMAIL,DRY_RUN,analyst-oncall@cybercrime-analytics.local,False,2026-09-19T09:31:10.599489+00:00,dry_run=True
LOG-002233,ALT-000390,SMS,SIMULATED_DELIVERED,+91-XXXXXXXXXX-LEA,True,2026-09-19T09:31:10.599489+00:00,
LOG-002234,ALT-000390,SMS,SIMULATED_DELIVERED,+91-XXXXXXXXXX-I4C,True,2026-09-19T09:31:10.599489+00:00,
LOG-002235,ALT-000390,WEBHOOK,SIMULATED_SENT,"LEA_PORTAL, BANK_FMS_SIMULATED",True,2026-09-19T09:31:10.600489+00:00,sev=HIGH score=34
LOG-002236,ALT-000391,LOG,LOGGED,,False,2026-09-19T09:31:10.600489+00:00,dry_run=True
LOG-002237,ALT-000391,EMAIL,DRY_RUN,analyst-oncall@cybercrime-analytics.local,False,2026-09-19T09:31:10.600489+00:00,dry_run=True
LOG-002238,ALT-000391,SMS,SIMULATED_DELIVERED,+91-XXXXXXXXXX-LEA,True,2026-09-19T09:31:10.601486+00:00,
LOG-002239,ALT-000391,SMS,SIMULATED_DELIVERED,+91-XXXXXXXXXX-I4C,True,2026-09-19T09:31:10.601486+00:00,
LOG-002240,ALT-000391,WEBHOOK,SIMULATED_SENT,"LEA_PORTAL, BANK_FMS_SIMULATED",True,2026-09-19T09:31:10.601486+00:00,sev=HIGH score=33
LOG-002241,ALT-000392,LOG,LOGGED,,False,2026-09-19T09:31:10.601486+00:00,dry_run=True
LOG-002242,ALT-000392,EMAIL,DRY_RUN,analyst-oncall@cybercrime-analytics.local,False,2026-09-19T09:31:10.601486+00:00,dry_run=True
LOG-002243,ALT-000392,SMS,SIMULATED_DELIVERED,+91-XXXXXXXXXX-LEA,True,2026-09-19T09:31:10.601486+00:00,
LOG-002244,ALT-000392,SMS,SIMULATED_DELIVERED,+91-XXXXXXXXXX-I4C,True,2026-09-19T09:31:10.602487+00:00,
LOG-002245,ALT-000392,WEBHOOK,SIMULATED_SENT,"LEA_PORTAL, BANK_FMS_SIMULATED",True,2026-09-19T09:31:10.602487+00:00,sev=HIGH score=36
LOG-002246,ALT-000393,LOG,LOGGED,,False,2026-09-19T09:31:10.602487+00:00,dry_run=True
LOG-002247,ALT-000393,EMAIL,DRY_RUN,analyst-oncall@cybercrime-analytics.local,False,2026-09-19T09:31:10.602487+00:00,dry_run=True
LOG-002248,ALT-000393,SMS,SIMULATED_DELIVERED,+91-XXXXXXXXXX-LEA,True,2026-09-19T09:31:10.602487+00:00,
LOG-002249,ALT-000393,SMS,SIMULATED_DELIVERED,+91-XXXXXXXXXX-I4C,True,2026-09-19T09:31:10.602487+00:00,
LOG-002250,ALT-000393,WEBHOOK,SIMULATED_SENT,"LEA_PORTAL, BANK_FMS_SIMULATED",True,2026-09-19T09:31:10.602487+00:00,sev=HIGH score=26
LOG-002251,ALT-000394,LOG,LOGGED,,False,2026-09-19T09:31:10.602487+00:00,dry_run=True
LOG-002252,ALT-000394,EMAIL,DRY_RUN,analyst-oncall@cybercrime-analytics.local,False,2026-09-19T09:31:10.602487+00:00,dry_run=True
LOG-002253,ALT-000394,SMS,SIMULATED_DELIVERED,+91-XXXXXXXXXX-LEA,True,2026-09-19T09:31:10.602487+00:00,
LOG-002254,ALT-000394,SMS,SIMULATED_DELIVERED,+91-XXXXXXXXXX-I4C,True,2026-09-19T09:31:10.602487+00:00,
LOG-002255,ALT-000394,WEBHOOK,SIMULATED_SENT,"LEA_PORTAL, BANK_FMS_SIMULATED",True,2026-09-19T09:31:10.603844+00:00,sev=HIGH score=34
LOG-002256,ALT-000395,LOG,LOGGED,,False,2026-09-19T09:31:10.603844+00:00,dry_run=True
LOG-002257,ALT-000395,EMAIL,DRY_RUN,analyst-oncall@cybercrime-analytics.local,False,2026-09-19T09:31:10.603844+00:00,dry_run=True
LOG-002258,ALT-000395,SMS,SIMULATED_DELIVERED,+91-XXXXXXXXXX-LEA,True,2026-09-19T09:31:10.603844+00:00,
LOG-002259,ALT-000395,SMS,SIMULATED_DELIVERED,+91-XXXXXXXXXX-I4C,True,2026-09-19T09:31:10.603844+00:00,
LOG-002260,ALT-000395,WEBHOOK,SIMULATED_SENT,"LEA_PORTAL, BANK_FMS_SIMULATED",True,2026-09-19T09:31:10.603844+00:00,sev=HIGH score=30
LOG-002261,ALT-000396,LOG,LOGGED,,False,2026-09-19T09:31:10.603844+00:00,dry_run=True
LOG-002262,ALT-000396,EMAIL,DRY_RUN,analyst-oncall@cybercrime-analytics.local,False,2026-09-19T09:31:10.603844+00:00,dry_run=True
LOG-002263,ALT-000396,SMS,SIMULATED_DELIVERED,+91-XXXXXXXXXX-LEA,True,2026-09-19T09:31:10.603844+00:00,
LOG-002264,ALT-000396,SMS,SIMULATED_DELIVERED,+91-XXXXXXXXXX-I4C,True,2026-09-19T09:31:10.603844+00:00,
LOG-002265,ALT-000396,WEBHOOK,SIMULATED_SENT,"LEA_PORTAL, BANK_FMS_SIMULATED",True,2026-09-19T09:31:10.603844+00:00,sev=HIGH score=37
LOG-002266,ALT-000397,LOG,LOGGED,,False,2026-09-19T09:31:10.605203+00:00,dry_run=True
LOG-002267,ALT-000397,EMAIL,DRY_RUN,analyst-oncall@cybercrime-analytics.local,False,2026-09-19T09:31:10.605203+00:00,dry_run=True
LOG-002268,ALT-000397,SMS,SIMULATED_DELIVERED,+91-XXXXXXXXXX-LEA,True,2026-09-19T09:31:10.605203+00:00,
LOG-002269,ALT-000397,SMS,SIMULATED_DELIVERED,+91-XXXXXXXXXX-I4C,True,2026-09-19T09:31:10.605203+00:00,
LOG-002270,ALT-000397,WEBHOOK,SIMULATED_SENT,"LEA_PORTAL, BANK_FMS_SIMULATED",True,2026-09-19T09:31:10.606525+00:00,sev=HIGH score=32
LOG-002271,ALT-000398,LOG,LOGGED,,False,2026-09-19T09:31:10.606525+00:00,dry_run=True
LOG-002272,ALT-000398,EMAIL,DRY_RUN,analyst-oncall@cybercrime-analytics.local,False,2026-09-19T09:31:10.606525+00:00,dry_run=True
LOG-002273,ALT-000398,SMS,SIMULATED_DELIVERED,+91-XXXXXXXXXX-LEA,True,2026-09-19T09:31:10.606525+00:00,
LOG-002274,ALT-000398,SMS,SIMULATED_DELIVERED,+91-XXXXXXXXXX-I4C,True,2026-09-19T09:31:10.606525+00:00,
LOG-002275,ALT-000398,WEBHOOK,SIMULATED_SENT,"LEA_PORTAL, BANK_FMS_SIMULATED",True,2026-09-19T09:31:10.606525+00:00,sev=HIGH score=30
LOG-002276,ALT-000399,LOG,LOGGED,,False,2026-09-19T09:31:10.606525+00:00,dry_run=True
LOG-002277,ALT-000399,EMAIL,DRY_RUN,analyst-oncall@cybercrime-analytics.local,False,2026-09-19T09:31:10.606525+00:00,dry_run=True
LOG-002278,ALT-000399,SMS,SIMULATED_DELIVERED,+91-XXXXXXXXXX-LEA,True,2026-09-19T09:31:10.608005+00:00,
LOG-002279,ALT-000399,SMS,SIMULATED_DELIVERED,+91-XXXXXXXXXX-I4C,True,2026-09-19T09:31:10.608005+00:00,
LOG-002280,ALT-000399,WEBHOOK,SIMULATED_SENT,"LEA_PORTAL, BANK_FMS_SIMULATED",True,2026-09-19T09:31:10.608005+00:00,sev=HIGH score=40
LOG-002281,ALT-000400,LOG,LOGGED,,False,2026-09-19T09:31:10.608005+00:00,dry_run=True
LOG-002282,ALT-000400,EMAIL,DRY_RUN,analyst-oncall@cybercrime-analytics.local,False,2026-09-19T09:31:10.608005+00:00,dry_run=True
LOG-002283,ALT-000400,SMS,SIMULATED_DELIVERED,+91-XXXXXXXXXX-LEA,True,2026-09-19T09:31:10.608005+00:00,
LOG-002284,ALT-000400,SMS,SIMULATED_DELIVERED,+91-XXXXXXXXXX-I4C,True,2026-09-19T09:31:10.608005+00:00,
LOG-002285,ALT-000400,WEBHOOK,SIMULATED_SENT,"LEA_PORTAL, BANK_FMS_SIMULATED",True,2026-09-19T09:31:10.608005+00:00,sev=HIGH score=12
LOG-002286,ALT-000401,LOG,LOGGED,,False,2026-09-19T09:31:10.608005+00:00,dry_run=True
LOG-002287,ALT-000401,EMAIL,DRY_RUN,analyst-oncall@cybercrime-analytics.local,False,2026-09-19T09:31:10.608005+00:00,dry_run=True
LOG-002288,ALT-000401,SMS,SIMULATED_DELIVERED,+91-XXXXXXXXXX-LEA,True,2026-09-19T09:31:10.608005+00:00,
LOG-002289,ALT-000401,SMS,SIMULATED_DELIVERED,+91-XXXXXXXXXX-I4C,True,2026-09-19T09:31:10.608005+00:00,
LOG-002290,ALT-000401,WEBHOOK,SIMULATED_SENT,"LEA_PORTAL, BANK_FMS_SIMULATED",True,2026-09-19T09:31:10.609474+00:00,sev=HIGH score=28
LOG-002291,ALT-000402,LOG,LOGGED,,False,2026-09-19T09:31:10.609474+00:00,dry_run=True
LOG-002292,ALT-000402,EMAIL,DRY_RUN,analyst-oncall@cybercrime-analytics.local,False,2026-09-19T09:31:10.609474+00:00,dry_run=True
LOG-002293,ALT-000402,SMS,SIMULATED_DELIVERED,+91-XXXXXXXXXX-LEA,True,2026-09-19T09:31:10.609474+00:00,
LOG-002294,ALT-000402,SMS,SIMULATED_DELIVERED,+91-XXXXXXXXXX-I4C,True,2026-09-19T09:31:10.609474+00:00,
LOG-002295,ALT-000402,WEBHOOK,SIMULATED_SENT,"LEA_PORTAL, BANK_FMS_SIMULATED",True,2026-09-19T09:31:10.609474+00:00,sev=HIGH score=36
LOG-002296,ALT-000403,LOG,LOGGED,,False,2026-09-19T09:31:10.609474+00:00,dry_run=True
LOG-002297,ALT-000403,EMAIL,DRY_RUN,analyst-oncall@cybercrime-analytics.local,False,2026-09-19T09:31:10.609474+00:00,dry_run=True
LOG-002298,ALT-000403,SMS,SIMULATED_DELIVERED,+91-XXXXXXXXXX-LEA,True,2026-09-19T09:31:10.609474+00:00,
LOG-002299,ALT-000403,SMS,SIMULATED_DELIVERED,+91-XXXXXXXXXX-I4C,True,2026-09-19T09:31:10.609474+00:00,
LOG-002300,ALT-000403,WEBHOOK,SIMULATED_SENT,"LEA_PORTAL, BANK_FMS_SIMULATED",True,2026-09-19T09:31:10.609474+00:00,sev=HIGH score=15
LOG-002301,ALT-000404,LOG,LOGGED,,False,2026-09-19T09:31:10.609474+00:00,dry_run=True
LOG-002302,ALT-000404,EMAIL,DRY_RUN,analyst-oncall@cybercrime-analytics.local,False,2026-09-19T09:31:10.609474+00:00,dry_run=True
LOG-002303,ALT-000404,SMS,SIMULATED_DELIVERED,+91-XXXXXXXXXX-LEA,True,2026-09-19T09:31:10.610902+00:00,
LOG-002304,ALT-000404,SMS,SIMULATED_DELIVERED,+91-XXXXXXXXXX-I4C,True,2026-09-19T09:31:10.610902+00:00,
LOG-002305,ALT-000404,WEBHOOK,SIMULATED_SENT,"LEA_PORTAL, BANK_FMS_SIMULATED",True,2026-09-19T09:31:10.610902+00:00,sev=HIGH score=44
LOG-002306,ALT-000405,LOG,LOGGED,,False,2026-09-19T09:31:10.610902+00:00,dry_run=True
LOG-002307,ALT-000405,EMAIL,DRY_RUN,analyst-oncall@cybercrime-analytics.local,False,2026-09-19T09:31:10.610902+00:00,dry_run=True
LOG-002308,ALT-000405,SMS,SIMULATED_DELIVERED,+91-XXXXXXXXXX-LEA,True,2026-09-19T09:31:10.610902+00:00,
LOG-002309,ALT-000405,SMS,SIMULATED_DELIVERED,+91-XXXXXXXXXX-I4C,True,2026-09-19T09:31:10.610902+00:00,
LOG-002310,ALT-000405,WEBHOOK,SIMULATED_SENT,"LEA_PORTAL, BANK_FMS_SIMULATED",True,2026-09-19T09:31:10.610902+00:00,sev=HIGH score=20
LOG-002311,ALT-000406,LOG,LOGGED,,False,2026-09-19T09:31:10.610902+00:00,dry_run=True
LOG-002312,ALT-000406,EMAIL,DRY_RUN,analyst-oncall@cybercrime-analytics.local,False,2026-09-19T09:31:10.610902+00:00,dry_run=True
LOG-002313,ALT-000406,SMS,SIMULATED_DELIVERED,+91-XXXXXXXXXX-LEA,True,2026-09-19T09:31:10.612341+00:00,
LOG-002314,ALT-000406,SMS,SIMULATED_DELIVERED,+91-XXXXXXXXXX-I4C,True,2026-09-19T09:31:10.612341+00:00,
LOG-002315,ALT-000406,WEBHOOK,SIMULATED_SENT,"LEA_PORTAL, BANK_FMS_SIMULATED",True,2026-09-19T09:31:10.612341+00:00,sev=HIGH score=23
LOG-002316,ALT-000407,LOG,LOGGED,,False,2026-09-19T09:31:10.612341+00:00,dry_run=True
LOG-002317,ALT-000407,EMAIL,DRY_RUN,analyst-oncall@cybercrime-analytics.local,False,2026-09-19T09:31:10.612341+00:00,dry_run=True
LOG-002318,ALT-000407,SMS,SIMULATED_DELIVERED,+91-XXXXXXXXXX-LEA,True,2026-09-19T09:31:10.612341+00:00,
LOG-002319,ALT-000407,SMS,SIMULATED_DELIVERED,+91-XXXXXXXXXX-I4C,True,2026-09-19T09:31:10.612341+00:00,
LOG-002320,ALT-000407,WEBHOOK,SIMULATED_SENT,"LEA_PORTAL, BANK_FMS_SIMULATED",True,2026-09-19T09:31:10.612341+00:00,sev=HIGH score=29
LOG-002321,ALT-000408,LOG,LOGGED,,False,2026-09-19T09:31:10.612341+00:00,dry_run=True
LOG-002322,ALT-000408,EMAIL,DRY_RUN,analyst-oncall@cybercrime-analytics.local,False,2026-09-19T09:31:10.614101+00:00,dry_run=True
LOG-002323,ALT-000408,SMS,SIMULATED_DELIVERED,+91-XXXXXXXXXX-LEA,True,2026-09-19T09:31:10.614101+00:00,
LOG-002324,ALT-000408,SMS,SIMULATED_DELIVERED,+91-XXXXXXXXXX-I4C,True,2026-09-19T09:31:10.614101+00:00,
LOG-002325,ALT-000408,WEBHOOK,SIMULATED_SENT,"LEA_PORTAL, BANK_FMS_SIMULATED",True,2026-09-19T09:31:10.614101+00:00,sev=HIGH score=33
LOG-002326,ALT-000409,LOG,LOGGED,,False,2026-09-19T09:31:10.614101+00:00,dry_run=True
LOG-002327,ALT-000409,EMAIL,DRY_RUN,analyst-oncall@cybercrime-analytics.local,False,2026-09-19T09:31:10.614101+00:00,dry_run=True
LOG-002328,ALT-000409,SMS,SIMULATED_DELIVERED,+91-XXXXXXXXXX-LEA,True,2026-09-19T09:31:10.614101+00:00,
LOG-002329,ALT-000409,SMS,SIMULATED_DELIVERED,+91-XXXXXXXXXX-I4C,True,2026-09-19T09:31:10.615529+00:00,
LOG-002330,ALT-000409,WEBHOOK,SIMULATED_SENT,"LEA_PORTAL, BANK_FMS_SIMULATED",True,2026-09-19T09:31:10.615529+00:00,sev=HIGH score=33
LOG-002331,ALT-000410,LOG,LOGGED,,False,2026-09-19T09:31:10.615529+00:00,dry_run=True
LOG-002332,ALT-000410,EMAIL,DRY_RUN,analyst-oncall@cybercrime-analytics.local,False,2026-09-19T09:31:10.615529+00:00,dry_run=True
LOG-002333,ALT-000410,SMS,SIMULATED_DELIVERED,+91-XXXXXXXXXX-LEA,True,2026-09-19T09:31:10.615529+00:00,
LOG-002334,ALT-000410,SMS,SIMULATED_DELIVERED,+91-XXXXXXXXXX-I4C,True,2026-09-19T09:31:10.615529+00:00,
LOG-002335,ALT-000410,WEBHOOK,SIMULATED_SENT,"LEA_PORTAL, BANK_FMS_SIMULATED",True,2026-09-19T09:31:10.615529+00:00,sev=HIGH score=37
LOG-002336,ALT-000411,LOG,LOGGED,,False,2026-09-19T09:31:10.616993+00:00,dry_run=True
LOG-002337,ALT-000411,EMAIL,DRY_RUN,analyst-oncall@cybercrime-analytics.local,False,2026-09-19T09:31:10.616993+00:00,dry_run=True
LOG-002338,ALT-000411,SMS,SIMULATED_DELIVERED,+91-XXXXXXXXXX-LEA,True,2026-09-19T09:31:10.616993+00:00,
LOG-002339,ALT-000411,SMS,SIMULATED_DELIVERED,+91-XXXXXXXXXX-I4C,True,2026-09-19T09:31:10.616993+00:00,
LOG-002340,ALT-000411,WEBHOOK,SIMULATED_SENT,"LEA_PORTAL, BANK_FMS_SIMULATED",True,2026-09-19T09:31:10.616993+00:00,sev=CRITICAL score=91
LOG-002341,ALT-000412,LOG,LOGGED,,False,2026-09-19T09:31:10.616993+00:00,dry_run=True
LOG-002342,ALT-000412,EMAIL,DRY_RUN,analyst-oncall@cybercrime-analytics.local,False,2026-09-19T09:31:10.616993+00:00,dry_run=True
LOG-002343,ALT-000412,SMS,SIMULATED_DELIVERED,+91-XXXXXXXXXX-LEA,True,2026-09-19T09:31:10.616993+00:00,
LOG-002344,ALT-000412,SMS,SIMULATED_DELIVERED,+91-XXXXXXXXXX-I4C,True,2026-09-19T09:31:10.616993+00:00,
LOG-002345,ALT-000412,WEBHOOK,SIMULATED_SENT,"LEA_PORTAL, BANK_FMS_SIMULATED",True,2026-09-19T09:31:10.616993+00:00,sev=CRITICAL score=88
LOG-002346,ALT-DISP-01,LOG,LOGGED,,False,2026-09-19T09:33:21.927312+00:00,dry_run=True
LOG-002347,ALT-DISP-01,EMAIL,DRY_RUN,analyst-oncall@cybercrime-analytics.local,False,2026-09-19T09:33:21.927312+00:00,dry_run=True
LOG-002348,ALT-DISP-01,SMS,SIMULATED_DELIVERED,+91-XXXXXXXXXX-LEA,True,2026-09-19T09:33:21.927312+00:00,
LOG-002349,ALT-DISP-01,SMS,SIMULATED_DELIVERED,+91-XXXXXXXXXX-I4C,True,2026-09-19T09:33:21.927826+00:00,
LOG-002350,ALT-DISP-01,WEBHOOK,SIMULATED_SENT,"LEA_PORTAL, BANK_FMS_SIMULATED",True,2026-09-19T09:33:21.927826+00:00,sev=HIGH score=68
LOG-002351,ALT-DISP-01,LOG,LOGGED,,False,2026-09-19T09:40:22.962263+00:00,dry_run=True
LOG-002352,ALT-DISP-01,EMAIL,DRY_RUN,analyst-oncall@cybercrime-analytics.local,False,2026-09-19T09:40:22.962263+00:00,dry_run=True
LOG-002353,ALT-DISP-01,SMS,SIMULATED_DELIVERED,+91-XXXXXXXXXX-LEA,True,2026-09-19T09:40:22.962779+00:00,
LOG-002354,ALT-DISP-01,SMS,SIMULATED_DELIVERED,+91-XXXXXXXXXX-I4C,True,2026-09-19T09:40:22.962779+00:00,
LOG-002355,ALT-DISP-01,WEBHOOK,SIMULATED_SENT,"LEA_PORTAL, BANK_FMS_SIMULATED",True,2026-09-19T09:40:22.962779+00:00,sev=HIGH score=68
LOG-002356,ALT-000413,LOG,LOGGED,,False,2026-09-19T12:18:28.904882+00:00,dry_run=True
LOG-002357,ALT-000413,EMAIL,DRY_RUN,analyst-oncall@cybercrime-analytics.local,False,2026-09-19T12:18:28.905893+00:00,dry_run=True
LOG-002358,ALT-000413,SMS,SIMULATED_DELIVERED,+91-XXXXXXXXXX-LEA,True,2026-09-19T12:18:28.905893+00:00,
LOG-002359,ALT-000413,SMS,SIMULATED_DELIVERED,+91-XXXXXXXXXX-I4C,True,2026-09-19T12:18:28.905893+00:00,
LOG-002360,ALT-000413,WEBHOOK,SIMULATED_SENT,"LEA_PORTAL, BANK_FMS_SIMULATED",True,2026-09-19T12:18:28.905893+00:00,sev=HIGH score=61
LOG-002361,ALT-000414,LOG,LOGGED,,False,2026-09-19T12:18:28.906892+00:00,dry_run=True
LOG-002362,ALT-000414,EMAIL,DRY_RUN,analyst-oncall@cybercrime-analytics.local,False,2026-09-19T12:18:28.906892+00:00,dry_run=True
LOG-002363,ALT-000414,SMS,SIMULATED_DELIVERED,+91-XXXXXXXXXX-LEA,True,2026-09-19T12:18:28.906892+00:00,
LOG-002364,ALT-000414,SMS,SIMULATED_DELIVERED,+91-XXXXXXXXXX-I4C,True,2026-09-19T12:18:28.906892+00:00,
LOG-002365,ALT-000414,WEBHOOK,SIMULATED_SENT,"LEA_PORTAL, BANK_FMS_SIMULATED",True,2026-09-19T12:18:28.906892+00:00,sev=HIGH score=63
LOG-002366,ALT-000415,LOG,LOGGED,,False,2026-09-19T12:18:28.907889+00:00,dry_run=True
LOG-002367,ALT-000415,EMAIL,DRY_RUN,analyst-oncall@cybercrime-analytics.local,False,2026-09-19T12:18:28.907889+00:00,dry_run=True
LOG-002368,ALT-000415,SMS,SIMULATED_DELIVERED,+91-XXXXXXXXXX-LEA,True,2026-09-19T12:18:28.907889+00:00,
LOG-002369,ALT-000415,SMS,SIMULATED_DELIVERED,+91-XXXXXXXXXX-I4C,True,2026-09-19T12:18:28.907889+00:00,
LOG-002370,ALT-000415,WEBHOOK,SIMULATED_SENT,"LEA_PORTAL, BANK_FMS_SIMULATED",True,2026-09-19T12:18:28.907889+00:00,sev=HIGH score=60
LOG-002371,ALT-000416,LOG,LOGGED,,False,2026-09-19T12:18:28.908891+00:00,dry_run=True
LOG-002372,ALT-000416,EMAIL,DRY_RUN,analyst-oncall@cybercrime-analytics.local,False,2026-09-19T12:18:28.908891+00:00,dry_run=True
LOG-002373,ALT-000416,SMS,SIMULATED_DELIVERED,+91-XXXXXXXXXX-LEA,True,2026-09-19T12:18:28.908891+00:00,
LOG-002374,ALT-000416,SMS,SIMULATED_DELIVERED,+91-XXXXXXXXXX-I4C,True,2026-09-19T12:18:28.909891+00:00,
LOG-002375,ALT-000416,WEBHOOK,SIMULATED_SENT,"LEA_PORTAL, BANK_FMS_SIMULATED",True,2026-09-19T12:18:28.909891+00:00,sev=HIGH score=61
LOG-002376,ALT-000417,LOG,LOGGED,,False,2026-09-19T12:18:28.909891+00:00,dry_run=True
LOG-002377,ALT-000417,EMAIL,DRY_RUN,analyst-oncall@cybercrime-analytics.local,False,2026-09-19T12:18:28.909891+00:00,dry_run=True
LOG-002378,ALT-000417,SMS,SIMULATED_DELIVERED,+91-XXXXXXXXXX-LEA,True,2026-09-19T12:18:28.910892+00:00,
LOG-002379,ALT-000417,SMS,SIMULATED_DELIVERED,+91-XXXXXXXXXX-I4C,True,2026-09-19T12:18:28.910892+00:00,
LOG-002380,ALT-000417,WEBHOOK,SIMULATED_SENT,"LEA_PORTAL, BANK_FMS_SIMULATED",True,2026-09-19T12:18:28.910892+00:00,sev=HIGH score=60
LOG-002381,ALT-000418,LOG,LOGGED,,False,2026-09-19T12:18:28.910892+00:00,dry_run=True
LOG-002382,ALT-000418,EMAIL,DRY_RUN,analyst-oncall@cybercrime-analytics.local,False,2026-09-19T12:18:28.911931+00:00,dry_run=True
LOG-002383,ALT-000418,SMS,SIMULATED_DELIVERED,+91-XXXXXXXXXX-LEA,True,2026-09-19T12:18:28.911931+00:00,
LOG-002384,ALT-000418,SMS,SIMULATED_DELIVERED,+91-XXXXXXXXXX-I4C,True,2026-09-19T12:18:28.911931+00:00,
LOG-002385,ALT-000418,WEBHOOK,SIMULATED_SENT,"LEA_PORTAL, BANK_FMS_SIMULATED",True,2026-09-19T12:18:28.911931+00:00,sev=HIGH score=37
LOG-002386,ALT-000419,LOG,LOGGED,,False,2026-09-19T12:18:28.911931+00:00,dry_run=True
LOG-002387,ALT-000419,EMAIL,DRY_RUN,analyst-oncall@cybercrime-analytics.local,False,2026-09-19T12:18:28.911931+00:00,dry_run=True
LOG-002388,ALT-000419,SMS,SIMULATED_DELIVERED,+91-XXXXXXXXXX-LEA,True,2026-09-19T12:18:28.911931+00:00,
LOG-002389,ALT-000419,SMS,SIMULATED_DELIVERED,+91-XXXXXXXXXX-I4C,True,2026-09-19T12:18:28.913425+00:00,
LOG-002390,ALT-000419,WEBHOOK,SIMULATED_SENT,"LEA_PORTAL, BANK_FMS_SIMULATED",True,2026-09-19T12:18:28.913425+00:00,sev=HIGH score=38
LOG-002391,ALT-000420,LOG,LOGGED,,False,2026-09-19T12:18:28.913425+00:00,dry_run=True
LOG-002392,ALT-000420,EMAIL,DRY_RUN,analyst-oncall@cybercrime-analytics.local,False,2026-09-19T12:18:28.913425+00:00,dry_run=True
LOG-002393,ALT-000420,SMS,SIMULATED_DELIVERED,+91-XXXXXXXXXX-LEA,True,2026-09-19T12:18:28.913425+00:00,
LOG-002394,ALT-000420,SMS,SIMULATED_DELIVERED,+91-XXXXXXXXXX-I4C,True,2026-09-19T12:18:28.913425+00:00,
LOG-002395,ALT-000420,WEBHOOK,SIMULATED_SENT,"LEA_PORTAL, BANK_FMS_SIMULATED",True,2026-09-19T12:18:28.914430+00:00,sev=HIGH score=36
LOG-002396,ALT-000421,LOG,LOGGED,,False,2026-09-19T12:18:28.914430+00:00,dry_run=True
LOG-002397,ALT-000421,EMAIL,DRY_RUN,analyst-oncall@cybercrime-analytics.local,False,2026-09-19T12:18:28.914430+00:00,dry_run=True
LOG-002398,ALT-000421,SMS,SIMULATED_DELIVERED,+91-XXXXXXXXXX-LEA,True,2026-09-19T12:18:28.914430+00:00,
LOG-002399,ALT-000421,SMS,SIMULATED_DELIVERED,+91-XXXXXXXXXX-I4C,True,2026-09-19T12:18:28.914430+00:00,
LOG-002400,ALT-000421,WEBHOOK,SIMULATED_SENT,"LEA_PORTAL, BANK_FMS_SIMULATED",True,2026-09-19T12:18:28.914430+00:00,sev=HIGH score=41
LOG-002401,ALT-000422,LOG,LOGGED,,False,2026-09-19T12:18:28.915433+00:00,dry_run=True
LOG-002402,ALT-000422,EMAIL,DRY_RUN,analyst-oncall@cybercrime-analytics.local,False,2026-09-19T12:18:28.915433+00:00,dry_run=True
LOG-002403,ALT-000422,SMS,SIMULATED_DELIVERED,+91-XXXXXXXXXX-LEA,True,2026-09-19T12:18:28.915433+00:00,
LOG-002404,ALT-000422,SMS,SIMULATED_DELIVERED,+91-XXXXXXXXXX-I4C,True,2026-09-19T12:18:28.915433+00:00,
LOG-002405,ALT-000422,WEBHOOK,SIMULATED_SENT,"LEA_PORTAL, BANK_FMS_SIMULATED",True,2026-09-19T12:18:28.915433+00:00,sev=HIGH score=31
LOG-002406,ALT-000423,LOG,LOGGED,,False,2026-09-19T12:18:28.916436+00:00,dry_run=True
LOG-002407,ALT-000423,EMAIL,DRY_RUN,analyst-oncall@cybercrime-analytics.local,False,2026-09-19T12:18:28.916436+00:00,dry_run=True
LOG-002408,ALT-000423,SMS,SIMULATED_DELIVERED,+91-XXXXXXXXXX-LEA,True,2026-09-19T12:18:28.916436+00:00,
LOG-002409,ALT-000423,SMS,SIMULATED_DELIVERED,+91-XXXXXXXXXX-I4C,True,2026-09-19T12:18:28.916436+00:00,
LOG-002410,ALT-000423,WEBHOOK,SIMULATED_SENT,"LEA_PORTAL, BANK_FMS_SIMULATED",True,2026-09-19T12:18:28.916436+00:00,sev=HIGH score=31
LOG-002411,ALT-000424,LOG,LOGGED,,False,2026-09-19T12:18:28.917432+00:00,dry_run=True
LOG-002412,ALT-000424,EMAIL,DRY_RUN,analyst-oncall@cybercrime-analytics.local,False,2026-09-19T12:18:28.917432+00:00,dry_run=True
LOG-002413,ALT-000424,SMS,SIMULATED_DELIVERED,+91-XXXXXXXXXX-LEA,True,2026-09-19T12:18:28.917432+00:00,
LOG-002414,ALT-000424,SMS,SIMULATED_DELIVERED,+91-XXXXXXXXXX-I4C,True,2026-09-19T12:18:28.917432+00:00,
LOG-002415,ALT-000424,WEBHOOK,SIMULATED_SENT,"LEA_PORTAL, BANK_FMS_SIMULATED",True,2026-09-19T12:18:28.917432+00:00,sev=HIGH score=32
LOG-002416,ALT-000425,LOG,LOGGED,,False,2026-09-19T12:18:28.917432+00:00,dry_run=True
LOG-002417,ALT-000425,EMAIL,DRY_RUN,analyst-oncall@cybercrime-analytics.local,False,2026-09-19T12:18:28.918432+00:00,dry_run=True
LOG-002418,ALT-000425,SMS,SIMULATED_DELIVERED,+91-XXXXXXXXXX-LEA,True,2026-09-19T12:18:28.918432+00:00,
LOG-002419,ALT-000425,SMS,SIMULATED_DELIVERED,+91-XXXXXXXXXX-I4C,True,2026-09-19T12:18:28.918432+00:00,
LOG-002420,ALT-000425,WEBHOOK,SIMULATED_SENT,"LEA_PORTAL, BANK_FMS_SIMULATED",True,2026-09-19T12:18:28.918432+00:00,sev=HIGH score=34
LOG-002421,ALT-000426,LOG,LOGGED,,False,2026-09-19T12:18:28.918432+00:00,dry_run=True
LOG-002422,ALT-000426,EMAIL,DRY_RUN,analyst-oncall@cybercrime-analytics.local,False,2026-09-19T12:18:28.918432+00:00,dry_run=True
LOG-002423,ALT-000426,SMS,SIMULATED_DELIVERED,+91-XXXXXXXXXX-LEA,True,2026-09-19T12:18:28.919435+00:00,
LOG-002424,ALT-000426,SMS,SIMULATED_DELIVERED,+91-XXXXXXXXXX-I4C,True,2026-09-19T12:18:28.919435+00:00,
LOG-002425,ALT-000426,WEBHOOK,SIMULATED_SENT,"LEA_PORTAL, BANK_FMS_SIMULATED",True,2026-09-19T12:18:28.919435+00:00,sev=HIGH score=38
LOG-002426,ALT-000427,LOG,LOGGED,,False,2026-09-19T12:18:28.919435+00:00,dry_run=True
LOG-002427,ALT-000427,EMAIL,DRY_RUN,analyst-oncall@cybercrime-analytics.local,False,2026-09-19T12:18:28.919435+00:00,dry_run=True
LOG-002428,ALT-000427,SMS,SIMULATED_DELIVERED,+91-XXXXXXXXXX-LEA,True,2026-09-19T12:18:28.919435+00:00,
LOG-002429,ALT-000427,SMS,SIMULATED_DELIVERED,+91-XXXXXXXXXX-I4C,True,2026-09-19T12:18:28.919435+00:00,
LOG-002430,ALT-000427,WEBHOOK,SIMULATED_SENT,"LEA_PORTAL, BANK_FMS_SIMULATED",True,2026-09-19T12:18:28.919435+00:00,sev=HIGH score=65
LOG-002431,ALT-000428,LOG,LOGGED,,False,2026-09-19T12:18:28.920943+00:00,dry_run=True
LOG-002432,ALT-000428,EMAIL,DRY_RUN,analyst-oncall@cybercrime-analytics.local,False,2026-09-19T12:18:28.920943+00:00,dry_run=True
LOG-002433,ALT-000428,SMS,SIMULATED_DELIVERED,+91-XXXXXXXXXX-LEA,True,2026-09-19T12:18:28.920943+00:00,
LOG-002434,ALT-000428,SMS,SIMULATED_DELIVERED,+91-XXXXXXXXXX-I4C,True,2026-09-19T12:18:28.920943+00:00,
LOG-002435,ALT-000428,WEBHOOK,SIMULATED_SENT,"LEA_PORTAL, BANK_FMS_SIMULATED",True,2026-09-19T12:18:28.920943+00:00,sev=HIGH score=30
LOG-002436,ALT-000429,LOG,LOGGED,,False,2026-09-19T12:18:28.920943+00:00,dry_run=True
LOG-002437,ALT-000429,EMAIL,DRY_RUN,analyst-oncall@cybercrime-analytics.local,False,2026-09-19T12:18:28.920943+00:00,dry_run=True
LOG-002438,ALT-000429,SMS,SIMULATED_DELIVERED,+91-XXXXXXXXXX-LEA,True,2026-09-19T12:18:28.922323+00:00,
LOG-002439,ALT-000429,SMS,SIMULATED_DELIVERED,+91-XXXXXXXXXX-I4C,True,2026-09-19T12:18:28.922323+00:00,
LOG-002440,ALT-000429,WEBHOOK,SIMULATED_SENT,"LEA_PORTAL, BANK_FMS_SIMULATED",True,2026-09-19T12:18:28.922323+00:00,sev=HIGH score=34
LOG-002441,ALT-000430,LOG,LOGGED,,False,2026-09-19T12:18:28.922323+00:00,dry_run=True
LOG-002442,ALT-000430,EMAIL,DRY_RUN,analyst-oncall@cybercrime-analytics.local,False,2026-09-19T12:18:28.922323+00:00,dry_run=True
LOG-002443,ALT-000430,SMS,SIMULATED_DELIVERED,+91-XXXXXXXXXX-LEA,True,2026-09-19T12:18:28.923330+00:00,
LOG-002444,ALT-000430,SMS,SIMULATED_DELIVERED,+91-XXXXXXXXXX-I4C,True,2026-09-19T12:18:28.923330+00:00,
LOG-002445,ALT-000430,WEBHOOK,SIMULATED_SENT,"LEA_PORTAL, BANK_FMS_SIMULATED",True,2026-09-19T12:18:28.923330+00:00,sev=HIGH score=42
LOG-002446,ALT-000431,LOG,LOGGED,,False,2026-09-19T12:18:28.923330+00:00,dry_run=True
LOG-002447,ALT-000431,EMAIL,DRY_RUN,analyst-oncall@cybercrime-analytics.local,False,2026-09-19T12:18:28.923330+00:00,dry_run=True
LOG-002448,ALT-000431,SMS,SIMULATED_DELIVERED,+91-XXXXXXXXXX-LEA,True,2026-09-19T12:18:28.924329+00:00,
LOG-002449,ALT-000431,SMS,SIMULATED_DELIVERED,+91-XXXXXXXXXX-I4C,True,2026-09-19T12:18:28.924329+00:00,
LOG-002450,ALT-000431,WEBHOOK,SIMULATED_SENT,"LEA_PORTAL, BANK_FMS_SIMULATED",True,2026-09-19T12:18:28.924329+00:00,sev=HIGH score=52
LOG-002451,ALT-000432,LOG,LOGGED,,False,2026-09-19T12:18:28.924329+00:00,dry_run=True
LOG-002452,ALT-000432,EMAIL,DRY_RUN,analyst-oncall@cybercrime-analytics.local,False,2026-09-19T12:18:28.924329+00:00,dry_run=True
LOG-002453,ALT-000432,SMS,SIMULATED_DELIVERED,+91-XXXXXXXXXX-LEA,True,2026-09-19T12:18:28.924329+00:00,
LOG-002454,ALT-000432,SMS,SIMULATED_DELIVERED,+91-XXXXXXXXXX-I4C,True,2026-09-19T12:18:28.925329+00:00,
LOG-002455,ALT-000432,WEBHOOK,SIMULATED_SENT,"LEA_PORTAL, BANK_FMS_SIMULATED",True,2026-09-19T12:18:28.925329+00:00,sev=HIGH score=39
LOG-002456,ALT-000433,LOG,LOGGED,,False,2026-09-19T12:18:28.925329+00:00,dry_run=True
LOG-002457,ALT-000433,EMAIL,DRY_RUN,analyst-oncall@cybercrime-analytics.local,False,2026-09-19T12:18:28.925329+00:00,dry_run=True
LOG-002458,ALT-000433,SMS,SIMULATED_DELIVERED,+91-XXXXXXXXXX-LEA,True,2026-09-19T12:18:28.925329+00:00,
LOG-002459,ALT-000433,SMS,SIMULATED_DELIVERED,+91-XXXXXXXXXX-I4C,True,2026-09-19T12:18:28.925329+00:00,
LOG-002460,ALT-000433,WEBHOOK,SIMULATED_SENT,"LEA_PORTAL, BANK_FMS_SIMULATED",True,2026-09-19T12:18:28.926331+00:00,sev=HIGH score=35
LOG-002461,ALT-000434,LOG,LOGGED,,False,2026-09-19T12:18:28.926331+00:00,dry_run=True
LOG-002462,ALT-000434,EMAIL,DRY_RUN,analyst-oncall@cybercrime-analytics.local,False,2026-09-19T12:18:28.926331+00:00,dry_run=True
LOG-002463,ALT-000434,SMS,SIMULATED_DELIVERED,+91-XXXXXXXXXX-LEA,True,2026-09-19T12:18:28.926331+00:00,
LOG-002464,ALT-000434,SMS,SIMULATED_DELIVERED,+91-XXXXXXXXXX-I4C,True,2026-09-19T12:18:28.926331+00:00,
LOG-002465,ALT-000434,WEBHOOK,SIMULATED_SENT,"LEA_PORTAL, BANK_FMS_SIMULATED",True,2026-09-19T12:18:28.926331+00:00,sev=HIGH score=27
LOG-002466,ALT-000435,LOG,LOGGED,,False,2026-09-19T12:18:28.927329+00:00,dry_run=True
LOG-002467,ALT-000435,EMAIL,DRY_RUN,analyst-oncall@cybercrime-analytics.local,False,2026-09-19T12:18:28.927329+00:00,dry_run=True
LOG-002468,ALT-000435,SMS,SIMULATED_DELIVERED,+91-XXXXXXXXXX-LEA,True,2026-09-19T12:18:28.927329+00:00,
LOG-002469,ALT-000435,SMS,SIMULATED_DELIVERED,+91-XXXXXXXXXX-I4C,True,2026-09-19T12:18:28.927329+00:00,
LOG-002470,ALT-000435,WEBHOOK,SIMULATED_SENT,"LEA_PORTAL, BANK_FMS_SIMULATED",True,2026-09-19T12:18:28.927329+00:00,sev=HIGH score=23
LOG-002471,ALT-000436,LOG,LOGGED,,False,2026-09-19T12:18:28.928329+00:00,dry_run=True
LOG-002472,ALT-000436,EMAIL,DRY_RUN,analyst-oncall@cybercrime-analytics.local,False,2026-09-19T12:18:28.928329+00:00,dry_run=True
LOG-002473,ALT-000436,SMS,SIMULATED_DELIVERED,+91-XXXXXXXXXX-LEA,True,2026-09-19T12:18:28.928329+00:00,
LOG-002474,ALT-000436,SMS,SIMULATED_DELIVERED,+91-XXXXXXXXXX-I4C,True,2026-09-19T12:18:28.928329+00:00,
LOG-002475,ALT-000436,WEBHOOK,SIMULATED_SENT,"LEA_PORTAL, BANK_FMS_SIMULATED",True,2026-09-19T12:18:28.928329+00:00,sev=HIGH score=28
LOG-002476,ALT-000437,LOG,LOGGED,,False,2026-09-19T12:18:28.929329+00:00,dry_run=True
LOG-002477,ALT-000437,EMAIL,DRY_RUN,analyst-oncall@cybercrime-analytics.local,False,2026-09-19T12:18:28.929329+00:00,dry_run=True
LOG-002478,ALT-000437,SMS,SIMULATED_DELIVERED,+91-XXXXXXXXXX-LEA,True,2026-09-19T12:18:28.929329+00:00,
LOG-002479,ALT-000437,SMS,SIMULATED_DELIVERED,+91-XXXXXXXXXX-I4C,True,2026-09-19T12:18:28.929329+00:00,
LOG-002480,ALT-000437,WEBHOOK,SIMULATED_SENT,"LEA_PORTAL, BANK_FMS_SIMULATED",True,2026-09-19T12:18:28.929329+00:00,sev=HIGH score=37
LOG-002481,ALT-000438,LOG,LOGGED,,False,2026-09-19T12:18:28.929329+00:00,dry_run=True
LOG-002482,ALT-000438,EMAIL,DRY_RUN,analyst-oncall@cybercrime-analytics.local,False,2026-09-19T12:18:28.929329+00:00,dry_run=True
LOG-002483,ALT-000438,SMS,SIMULATED_DELIVERED,+91-XXXXXXXXXX-LEA,True,2026-09-19T12:18:28.929329+00:00,
LOG-002484,ALT-000438,SMS,SIMULATED_DELIVERED,+91-XXXXXXXXXX-I4C,True,2026-09-19T12:18:28.929329+00:00,
LOG-002485,ALT-000438,WEBHOOK,SIMULATED_SENT,"LEA_PORTAL, BANK_FMS_SIMULATED",True,2026-09-19T12:18:28.929329+00:00,sev=HIGH score=36
LOG-002486,ALT-000439,LOG,LOGGED,,False,2026-09-19T12:18:28.930941+00:00,dry_run=True
LOG-002487,ALT-000439,EMAIL,DRY_RUN,analyst-oncall@cybercrime-analytics.local,False,2026-09-19T12:18:28.930941+00:00,dry_run=True
LOG-002488,ALT-000439,SMS,SIMULATED_DELIVERED,+91-XXXXXXXXXX-LEA,True,2026-09-19T12:18:28.930941+00:00,
LOG-002489,ALT-000439,SMS,SIMULATED_DELIVERED,+91-XXXXXXXXXX-I4C,True,2026-09-19T12:18:28.930941+00:00,
LOG-002490,ALT-000439,WEBHOOK,SIMULATED_SENT,"LEA_PORTAL, BANK_FMS_SIMULATED",True,2026-09-19T12:18:28.930941+00:00,sev=HIGH score=39
LOG-002491,ALT-000440,LOG,LOGGED,,False,2026-09-19T12:18:28.930941+00:00,dry_run=True
LOG-002492,ALT-000440,EMAIL,DRY_RUN,analyst-oncall@cybercrime-analytics.local,False,2026-09-19T12:18:28.930941+00:00,dry_run=True
LOG-002493,ALT-000440,SMS,SIMULATED_DELIVERED,+91-XXXXXXXXXX-LEA,True,2026-09-19T12:18:28.932227+00:00,
LOG-002494,ALT-000440,SMS,SIMULATED_DELIVERED,+91-XXXXXXXXXX-I4C,True,2026-09-19T12:18:28.932227+00:00,
LOG-002495,ALT-000440,WEBHOOK,SIMULATED_SENT,"LEA_PORTAL, BANK_FMS_SIMULATED",True,2026-09-19T12:18:28.932227+00:00,sev=HIGH score=40
LOG-002496,ALT-000441,LOG,LOGGED,,False,2026-09-19T12:18:28.932227+00:00,dry_run=True
LOG-002497,ALT-000441,EMAIL,DRY_RUN,analyst-oncall@cybercrime-analytics.local,False,2026-09-19T12:18:28.932227+00:00,dry_run=True
LOG-002498,ALT-000441,SMS,SIMULATED_DELIVERED,+91-XXXXXXXXXX-LEA,True,2026-09-19T12:18:28.932227+00:00,
LOG-002499,ALT-000441,SMS,SIMULATED_DELIVERED,+91-XXXXXXXXXX-I4C,True,2026-09-19T12:18:28.932227+00:00,
LOG-002500,ALT-000441,WEBHOOK,SIMULATED_SENT,"LEA_PORTAL, BANK_FMS_SIMULATED",True,2026-09-19T12:18:28.932227+00:00,sev=HIGH score=34
LOG-002501,ALT-000442,LOG,LOGGED,,False,2026-09-19T12:18:28.933667+00:00,dry_run=True
LOG-002502,ALT-000442,EMAIL,DRY_RUN,analyst-oncall@cybercrime-analytics.local,False,2026-09-19T12:18:28.933667+00:00,dry_run=True
LOG-002503,ALT-000442,SMS,SIMULATED_DELIVERED,+91-XXXXXXXXXX-LEA,True,2026-09-19T12:18:28.933667+00:00,
LOG-002504,ALT-000442,SMS,SIMULATED_DELIVERED,+91-XXXXXXXXXX-I4C,True,2026-09-19T12:18:28.933667+00:00,
LOG-002505,ALT-000442,WEBHOOK,SIMULATED_SENT,"LEA_PORTAL, BANK_FMS_SIMULATED",True,2026-09-19T12:18:28.933667+00:00,sev=HIGH score=33
LOG-002506,ALT-000443,LOG,LOGGED,,False,2026-09-19T12:18:28.933667+00:00,dry_run=True
LOG-002507,ALT-000443,EMAIL,DRY_RUN,analyst-oncall@cybercrime-analytics.local,False,2026-09-19T12:18:28.934846+00:00,dry_run=True
LOG-002508,ALT-000443,SMS,SIMULATED_DELIVERED,+91-XXXXXXXXXX-LEA,True,2026-09-19T12:18:28.934846+00:00,
LOG-002509,ALT-000443,SMS,SIMULATED_DELIVERED,+91-XXXXXXXXXX-I4C,True,2026-09-19T12:18:28.934846+00:00,
LOG-002510,ALT-000443,WEBHOOK,SIMULATED_SENT,"LEA_PORTAL, BANK_FMS_SIMULATED",True,2026-09-19T12:18:28.934846+00:00,sev=HIGH score=36
LOG-002511,ALT-000444,LOG,LOGGED,,False,2026-09-19T12:18:28.934846+00:00,dry_run=True
LOG-002512,ALT-000444,EMAIL,DRY_RUN,analyst-oncall@cybercrime-analytics.local,False,2026-09-19T12:18:28.935851+00:00,dry_run=True
LOG-002513,ALT-000444,SMS,SIMULATED_DELIVERED,+91-XXXXXXXXXX-LEA,True,2026-09-19T12:18:28.935851+00:00,
LOG-002514,ALT-000444,SMS,SIMULATED_DELIVERED,+91-XXXXXXXXXX-I4C,True,2026-09-19T12:18:28.935851+00:00,
LOG-002515,ALT-000444,WEBHOOK,SIMULATED_SENT,"LEA_PORTAL, BANK_FMS_SIMULATED",True,2026-09-19T12:18:28.935851+00:00,sev=HIGH score=26
LOG-002516,ALT-000445,LOG,LOGGED,,False,2026-09-19T12:18:28.935851+00:00,dry_run=True
LOG-002517,ALT-000445,EMAIL,DRY_RUN,analyst-oncall@cybercrime-analytics.local,False,2026-09-19T12:18:28.936854+00:00,dry_run=True
LOG-002518,ALT-000445,SMS,SIMULATED_DELIVERED,+91-XXXXXXXXXX-LEA,True,2026-09-19T12:18:28.936854+00:00,
LOG-002519,ALT-000445,SMS,SIMULATED_DELIVERED,+91-XXXXXXXXXX-I4C,True,2026-09-19T12:18:28.936854+00:00,
LOG-002520,ALT-000445,WEBHOOK,SIMULATED_SENT,"LEA_PORTAL, BANK_FMS_SIMULATED",True,2026-09-19T12:18:28.936854+00:00,sev=HIGH score=34
LOG-002521,ALT-000446,LOG,LOGGED,,False,2026-09-19T12:18:28.936854+00:00,dry_run=True
LOG-002522,ALT-000446,EMAIL,DRY_RUN,analyst-oncall@cybercrime-analytics.local,False,2026-09-19T12:18:28.936854+00:00,dry_run=True
LOG-002523,ALT-000446,SMS,SIMULATED_DELIVERED,+91-XXXXXXXXXX-LEA,True,2026-09-19T12:18:28.938067+00:00,
LOG-002524,ALT-000446,SMS,SIMULATED_DELIVERED,+91-XXXXXXXXXX-I4C,True,2026-09-19T12:18:28.938067+00:00,
LOG-002525,ALT-000446,WEBHOOK,SIMULATED_SENT,"LEA_PORTAL, BANK_FMS_SIMULATED",True,2026-09-19T12:18:28.938067+00:00,sev=HIGH score=30
LOG-002526,ALT-000447,LOG,LOGGED,,False,2026-09-19T12:18:28.938067+00:00,dry_run=True
LOG-002527,ALT-000447,EMAIL,DRY_RUN,analyst-oncall@cybercrime-analytics.local,False,2026-09-19T12:18:28.938067+00:00,dry_run=True
LOG-002528,ALT-000447,SMS,SIMULATED_DELIVERED,+91-XXXXXXXXXX-LEA,True,2026-09-19T12:18:28.938067+00:00,
LOG-002529,ALT-000447,SMS,SIMULATED_DELIVERED,+91-XXXXXXXXXX-I4C,True,2026-09-19T12:18:28.939072+00:00,
LOG-002530,ALT-000447,WEBHOOK,SIMULATED_SENT,"LEA_PORTAL, BANK_FMS_SIMULATED",True,2026-09-19T12:18:28.939072+00:00,sev=HIGH score=37
LOG-002531,ALT-000448,LOG,LOGGED,,False,2026-09-19T12:18:28.939072+00:00,dry_run=True
LOG-002532,ALT-000448,EMAIL,DRY_RUN,analyst-oncall@cybercrime-analytics.local,False,2026-09-19T12:18:28.939072+00:00,dry_run=True
LOG-002533,ALT-000448,SMS,SIMULATED_DELIVERED,+91-XXXXXXXXXX-LEA,True,2026-09-19T12:18:28.939072+00:00,
LOG-002534,ALT-000448,SMS,SIMULATED_DELIVERED,+91-XXXXXXXXXX-I4C,True,2026-09-19T12:18:28.939072+00:00,
LOG-002535,ALT-000448,WEBHOOK,SIMULATED_SENT,"LEA_PORTAL, BANK_FMS_SIMULATED",True,2026-09-19T12:18:28.939072+00:00,sev=HIGH score=32
LOG-002536,ALT-000449,LOG,LOGGED,,False,2026-09-19T12:18:28.940071+00:00,dry_run=True
LOG-002537,ALT-000449,EMAIL,DRY_RUN,analyst-oncall@cybercrime-analytics.local,False,2026-09-19T12:18:28.940071+00:00,dry_run=True
LOG-002538,ALT-000449,SMS,SIMULATED_DELIVERED,+91-XXXXXXXXXX-LEA,True,2026-09-19T12:18:28.940071+00:00,
LOG-002539,ALT-000449,SMS,SIMULATED_DELIVERED,+91-XXXXXXXXXX-I4C,True,2026-09-19T12:18:28.940071+00:00,
LOG-002540,ALT-000449,WEBHOOK,SIMULATED_SENT,"LEA_PORTAL, BANK_FMS_SIMULATED",True,2026-09-19T12:18:28.940071+00:00,sev=HIGH score=30
LOG-002541,ALT-000450,LOG,LOGGED,,False,2026-09-19T12:18:28.941073+00:00,dry_run=True
LOG-002542,ALT-000450,EMAIL,DRY_RUN,analyst-oncall@cybercrime-analytics.local,False,2026-09-19T12:18:28.941073+00:00,dry_run=True
LOG-002543,ALT-000450,SMS,SIMULATED_DELIVERED,+91-XXXXXXXXXX-LEA,True,2026-09-19T12:18:28.941073+00:00,
LOG-002544,ALT-000450,SMS,SIMULATED_DELIVERED,+91-XXXXXXXXXX-I4C,True,2026-09-19T12:18:28.941578+00:00,
LOG-002545,ALT-000450,WEBHOOK,SIMULATED_SENT,"LEA_PORTAL, BANK_FMS_SIMULATED",True,2026-09-19T12:18:28.941578+00:00,sev=HIGH score=40
LOG-002546,ALT-000451,LOG,LOGGED,,False,2026-09-19T12:18:28.941578+00:00,dry_run=True
LOG-002547,ALT-000451,EMAIL,DRY_RUN,analyst-oncall@cybercrime-analytics.local,False,2026-09-19T12:18:28.941578+00:00,dry_run=True
LOG-002548,ALT-000451,SMS,SIMULATED_DELIVERED,+91-XXXXXXXXXX-LEA,True,2026-09-19T12:18:28.942587+00:00,
LOG-002549,ALT-000451,SMS,SIMULATED_DELIVERED,+91-XXXXXXXXXX-I4C,True,2026-09-19T12:18:28.942587+00:00,
LOG-002550,ALT-000451,WEBHOOK,SIMULATED_SENT,"LEA_PORTAL, BANK_FMS_SIMULATED",True,2026-09-19T12:18:28.942587+00:00,sev=HIGH score=12
LOG-002551,ALT-000452,LOG,LOGGED,,False,2026-09-19T12:18:28.942587+00:00,dry_run=True
LOG-002552,ALT-000452,EMAIL,DRY_RUN,analyst-oncall@cybercrime-analytics.local,False,2026-09-19T12:18:28.942587+00:00,dry_run=True
LOG-002553,ALT-000452,SMS,SIMULATED_DELIVERED,+91-XXXXXXXXXX-LEA,True,2026-09-19T12:18:28.942587+00:00,
LOG-002554,ALT-000452,SMS,SIMULATED_DELIVERED,+91-XXXXXXXXXX-I4C,True,2026-09-19T12:18:28.943585+00:00,
LOG-002555,ALT-000452,WEBHOOK,SIMULATED_SENT,"LEA_PORTAL, BANK_FMS_SIMULATED",True,2026-09-19T12:18:28.943585+00:00,sev=HIGH score=28
LOG-002556,ALT-000453,LOG,LOGGED,,False,2026-09-19T12:18:28.943585+00:00,dry_run=True
LOG-002557,ALT-000453,EMAIL,DRY_RUN,analyst-oncall@cybercrime-analytics.local,False,2026-09-19T12:18:28.943585+00:00,dry_run=True
LOG-002558,ALT-000453,SMS,SIMULATED_DELIVERED,+91-XXXXXXXXXX-LEA,True,2026-09-19T12:18:28.943585+00:00,
LOG-002559,ALT-000453,SMS,SIMULATED_DELIVERED,+91-XXXXXXXXXX-I4C,True,2026-09-19T12:18:28.943585+00:00,
LOG-002560,ALT-000453,WEBHOOK,SIMULATED_SENT,"LEA_PORTAL, BANK_FMS_SIMULATED",True,2026-09-19T12:18:28.943585+00:00,sev=HIGH score=36
LOG-002561,ALT-000454,LOG,LOGGED,,False,2026-09-19T12:18:28.945094+00:00,dry_run=True
LOG-002562,ALT-000454,EMAIL,DRY_RUN,analyst-oncall@cybercrime-analytics.local,False,2026-09-19T12:18:28.945094+00:00,dry_run=True
LOG-002563,ALT-000454,SMS,SIMULATED_DELIVERED,+91-XXXXXXXXXX-LEA,True,2026-09-19T12:18:28.945094+00:00,
LOG-002564,ALT-000454,SMS,SIMULATED_DELIVERED,+91-XXXXXXXXXX-I4C,True,2026-09-19T12:18:28.945094+00:00,
LOG-002565,ALT-000454,WEBHOOK,SIMULATED_SENT,"LEA_PORTAL, BANK_FMS_SIMULATED",True,2026-09-19T12:18:28.945094+00:00,sev=HIGH score=15
LOG-002566,ALT-000455,LOG,LOGGED,,False,2026-09-19T12:18:28.945094+00:00,dry_run=True
LOG-002567,ALT-000455,EMAIL,DRY_RUN,analyst-oncall@cybercrime-analytics.local,False,2026-09-19T12:18:28.946533+00:00,dry_run=True
LOG-002568,ALT-000455,SMS,SIMULATED_DELIVERED,+91-XXXXXXXXXX-LEA,True,2026-09-19T12:18:28.946533+00:00,
LOG-002569,ALT-000455,SMS,SIMULATED_DELIVERED,+91-XXXXXXXXXX-I4C,True,2026-09-19T12:18:28.946533+00:00,
LOG-002570,ALT-000455,WEBHOOK,SIMULATED_SENT,"LEA_PORTAL, BANK_FMS_SIMULATED",True,2026-09-19T12:18:28.946533+00:00,sev=HIGH score=44
LOG-002571,ALT-000456,LOG,LOGGED,,False,2026-09-19T12:18:28.946533+00:00,dry_run=True
LOG-002572,ALT-000456,EMAIL,DRY_RUN,analyst-oncall@cybercrime-analytics.local,False,2026-09-19T12:18:28.946533+00:00,dry_run=True
LOG-002573,ALT-000456,SMS,SIMULATED_DELIVERED,+91-XXXXXXXXXX-LEA,True,2026-09-19T12:18:28.947537+00:00,
LOG-002574,ALT-000456,SMS,SIMULATED_DELIVERED,+91-XXXXXXXXXX-I4C,True,2026-09-19T12:18:28.947537+00:00,
LOG-002575,ALT-000456,WEBHOOK,SIMULATED_SENT,"LEA_PORTAL, BANK_FMS_SIMULATED",True,2026-09-19T12:18:28.947537+00:00,sev=HIGH score=20
LOG-002576,ALT-000457,LOG,LOGGED,,False,2026-09-19T12:18:28.947537+00:00,dry_run=True
LOG-002577,ALT-000457,EMAIL,DRY_RUN,analyst-oncall@cybercrime-analytics.local,False,2026-09-19T12:18:28.947537+00:00,dry_run=True
LOG-002578,ALT-000457,SMS,SIMULATED_DELIVERED,+91-XXXXXXXXXX-LEA,True,2026-09-19T12:18:28.948544+00:00,
LOG-002579,ALT-000457,SMS,SIMULATED_DELIVERED,+91-XXXXXXXXXX-I4C,True,2026-09-19T12:18:28.948544+00:00,
LOG-002580,ALT-000457,WEBHOOK,SIMULATED_SENT,"LEA_PORTAL, BANK_FMS_SIMULATED",True,2026-09-19T12:18:28.948544+00:00,sev=HIGH score=23
LOG-002581,ALT-000458,LOG,LOGGED,,False,2026-09-19T12:18:28.948544+00:00,dry_run=True
LOG-002582,ALT-000458,EMAIL,DRY_RUN,analyst-oncall@cybercrime-analytics.local,False,2026-09-19T12:18:28.948544+00:00,dry_run=True
LOG-002583,ALT-000458,SMS,SIMULATED_DELIVERED,+91-XXXXXXXXXX-LEA,True,2026-09-19T12:18:28.948544+00:00,
LOG-002584,ALT-000458,SMS,SIMULATED_DELIVERED,+91-XXXXXXXXXX-I4C,True,2026-09-19T12:18:28.948544+00:00,
LOG-002585,ALT-000458,WEBHOOK,SIMULATED_SENT,"LEA_PORTAL, BANK_FMS_SIMULATED",True,2026-09-19T12:18:28.949543+00:00,sev=HIGH score=29
LOG-002586,ALT-000459,LOG,LOGGED,,False,2026-09-19T12:18:28.949543+00:00,dry_run=True
LOG-002587,ALT-000459,EMAIL,DRY_RUN,analyst-oncall@cybercrime-analytics.local,False,2026-09-19T12:18:28.949543+00:00,dry_run=True
LOG-002588,ALT-000459,SMS,SIMULATED_DELIVERED,+91-XXXXXXXXXX-LEA,True,2026-09-19T12:18:28.949543+00:00,
LOG-002589,ALT-000459,SMS,SIMULATED_DELIVERED,+91-XXXXXXXXXX-I4C,True,2026-09-19T12:18:28.949543+00:00,
LOG-002590,ALT-000459,WEBHOOK,SIMULATED_SENT,"LEA_PORTAL, BANK_FMS_SIMULATED",True,2026-09-19T12:18:28.949543+00:00,sev=HIGH score=33
LOG-002591,ALT-000460,LOG,LOGGED,,False,2026-09-19T12:18:28.949543+00:00,dry_run=True
LOG-002592,ALT-000460,EMAIL,DRY_RUN,analyst-oncall@cybercrime-analytics.local,False,2026-09-19T12:18:28.951053+00:00,dry_run=True
LOG-002593,ALT-000460,SMS,SIMULATED_DELIVERED,+91-XXXXXXXXXX-LEA,True,2026-09-19T12:18:28.951053+00:00,
LOG-002594,ALT-000460,SMS,SIMULATED_DELIVERED,+91-XXXXXXXXXX-I4C,True,2026-09-19T12:18:28.951053+00:00,
LOG-002595,ALT-000460,WEBHOOK,SIMULATED_SENT,"LEA_PORTAL, BANK_FMS_SIMULATED",True,2026-09-19T12:18:28.951053+00:00,sev=HIGH score=33
LOG-002596,ALT-000461,LOG,LOGGED,,False,2026-09-19T12:18:28.951053+00:00,dry_run=True
LOG-002597,ALT-000461,EMAIL,DRY_RUN,analyst-oncall@cybercrime-analytics.local,False,2026-09-19T12:18:28.952073+00:00,dry_run=True
LOG-002598,ALT-000461,SMS,SIMULATED_DELIVERED,+91-XXXXXXXXXX-LEA,True,2026-09-19T12:18:28.952073+00:00,
LOG-002599,ALT-000461,SMS,SIMULATED_DELIVERED,+91-XXXXXXXXXX-I4C,True,2026-09-19T12:18:28.952073+00:00,
LOG-002600,ALT-000461,WEBHOOK,SIMULATED_SENT,"LEA_PORTAL, BANK_FMS_SIMULATED",True,2026-09-19T12:18:28.952073+00:00,sev=HIGH score=37
LOG-002601,ALT-000462,LOG,LOGGED,,False,2026-09-19T12:18:28.952073+00:00,dry_run=True
LOG-002602,ALT-000462,EMAIL,DRY_RUN,analyst-oncall@cybercrime-analytics.local,False,2026-09-19T12:18:28.953075+00:00,dry_run=True
LOG-002603,ALT-000462,SMS,SIMULATED_DELIVERED,+91-XXXXXXXXXX-LEA,True,2026-09-19T12:18:28.953075+00:00,
LOG-002604,ALT-000462,SMS,SIMULATED_DELIVERED,+91-XXXXXXXXXX-I4C,True,2026-09-19T12:18:28.953075+00:00,
LOG-002605,ALT-000462,WEBHOOK,SIMULATED_SENT,"LEA_PORTAL, BANK_FMS_SIMULATED",True,2026-09-19T12:18:28.953075+00:00,sev=CRITICAL score=91
LOG-002606,ALT-000463,LOG,LOGGED,,False,2026-09-19T12:18:28.953075+00:00,dry_run=True
LOG-002607,ALT-000463,EMAIL,DRY_RUN,analyst-oncall@cybercrime-analytics.local,False,2026-09-19T12:18:28.953075+00:00,dry_run=True
LOG-002608,ALT-000463,SMS,SIMULATED_DELIVERED,+91-XXXXXXXXXX-LEA,True,2026-09-19T12:18:28.954071+00:00,
LOG-002609,ALT-000463,SMS,SIMULATED_DELIVERED,+91-XXXXXXXXXX-I4C,True,2026-09-19T12:18:28.954071+00:00,
LOG-002610,ALT-000463,WEBHOOK,SIMULATED_SENT,"LEA_PORTAL, BANK_FMS_SIMULATED",True,2026-09-19T12:18:28.954071+00:00,sev=CRITICAL score=88
LOG-002611,ALT-DISP-01,LOG,LOGGED,,False,2026-09-19T12:20:52.385448+00:00,dry_run=True
LOG-002612,ALT-DISP-01,EMAIL,DRY_RUN,analyst-oncall@cybercrime-analytics.local,False,2026-09-19T12:20:52.385448+00:00,dry_run=True
LOG-002613,ALT-DISP-01,SMS,SIMULATED_DELIVERED,+91-XXXXXXXXXX-LEA,True,2026-09-19T12:20:52.385986+00:00,
LOG-002614,ALT-DISP-01,SMS,SIMULATED_DELIVERED,+91-XXXXXXXXXX-I4C,True,2026-09-19T12:20:52.385986+00:00,
LOG-002615,ALT-DISP-01,WEBHOOK,SIMULATED_SENT,"LEA_PORTAL, BANK_FMS_SIMULATED",True,2026-09-19T12:20:52.385986+00:00,sev=HIGH score=68
LOG-002616,ALT-DISP-01,LOG,LOGGED,,False,2026-09-19T12:42:49.486529+00:00,dry_run=True
LOG-002617,ALT-DISP-01,EMAIL,DRY_RUN,analyst-oncall@cybercrime-analytics.local,False,2026-09-19T12:42:49.486529+00:00,dry_run=True
LOG-002618,ALT-DISP-01,SMS,SIMULATED_DELIVERED,+91-XXXXXXXXXX-LEA,True,2026-09-19T12:42:49.487051+00:00,
LOG-002619,ALT-DISP-01,SMS,SIMULATED_DELIVERED,+91-XXXXXXXXXX-I4C,True,2026-09-19T12:42:49.487051+00:00,
LOG-002620,ALT-DISP-01,WEBHOOK,SIMULATED_SENT,"LEA_PORTAL, BANK_FMS_SIMULATED",True,2026-09-19T12:42:49.487051+00:00,sev=HIGH score=68
LOG-002621,ALT-DISP-01,LOG,LOGGED,,False,2026-09-19T12:43:48.314465+00:00,dry_run=True
LOG-002622,ALT-DISP-01,EMAIL,DRY_RUN,analyst-oncall@cybercrime-analytics.local,False,2026-09-19T12:43:48.314465+00:00,dry_run=True
LOG-002623,ALT-DISP-01,SMS,SIMULATED_DELIVERED,+91-XXXXXXXXXX-LEA,True,2026-09-19T12:43:48.314465+00:00,
LOG-002624,ALT-DISP-01,SMS,SIMULATED_DELIVERED,+91-XXXXXXXXXX-I4C,True,2026-09-19T12:43:48.314993+00:00,
LOG-002625,ALT-DISP-01,WEBHOOK,SIMULATED_SENT,"LEA_PORTAL, BANK_FMS_SIMULATED",True,2026-09-19T12:43:48.314993+00:00,sev=HIGH score=68
LOG-002626,ALT-000467,LOG,LOGGED,,False,2026-09-19T16:06:01.727459+00:00,dry_run=True
LOG-002627,ALT-000467,EMAIL,DRY_RUN,analyst-oncall@cybercrime-analytics.local,False,2026-09-19T16:06:01.727459+00:00,dry_run=True
LOG-002628,ALT-000467,SMS,SIMULATED_DELIVERED,+91-XXXXXXXXXX-LEA,True,2026-09-19T16:06:01.727459+00:00,
LOG-002629,ALT-000467,SMS,SIMULATED_DELIVERED,+91-XXXXXXXXXX-I4C,True,2026-09-19T16:06:01.727459+00:00,
LOG-002630,ALT-000467,WEBHOOK,SIMULATED_SENT,"LEA_PORTAL, BANK_FMS_SIMULATED",True,2026-09-19T16:06:01.728475+00:00,sev=HIGH score=61
LOG-002631,ALT-000468,LOG,LOGGED,,False,2026-09-19T16:06:01.728475+00:00,dry_run=True
LOG-002632,ALT-000468,EMAIL,DRY_RUN,analyst-oncall@cybercrime-analytics.local,False,2026-09-19T16:06:01.728475+00:00,dry_run=True
LOG-002633,ALT-000468,SMS,SIMULATED_DELIVERED,+91-XXXXXXXXXX-LEA,True,2026-09-19T16:06:01.728475+00:00,
LOG-002634,ALT-000468,SMS,SIMULATED_DELIVERED,+91-XXXXXXXXXX-I4C,True,2026-09-19T16:06:01.728475+00:00,
LOG-002635,ALT-000468,WEBHOOK,SIMULATED_SENT,"LEA_PORTAL, BANK_FMS_SIMULATED",True,2026-09-19T16:06:01.729478+00:00,sev=HIGH score=63
LOG-002636,ALT-000469,LOG,LOGGED,,False,2026-09-19T16:06:01.729478+00:00,dry_run=True
LOG-002637,ALT-000469,EMAIL,DRY_RUN,analyst-oncall@cybercrime-analytics.local,False,2026-09-19T16:06:01.730479+00:00,dry_run=True
LOG-002638,ALT-000469,SMS,SIMULATED_DELIVERED,+91-XXXXXXXXXX-LEA,True,2026-09-19T16:06:01.730479+00:00,
LOG-002639,ALT-000469,SMS,SIMULATED_DELIVERED,+91-XXXXXXXXXX-I4C,True,2026-09-19T16:06:01.730479+00:00,
LOG-002640,ALT-000469,WEBHOOK,SIMULATED_SENT,"LEA_PORTAL, BANK_FMS_SIMULATED",True,2026-09-19T16:06:01.730479+00:00,sev=HIGH score=60
LOG-002641,ALT-000470,LOG,LOGGED,,False,2026-09-19T16:06:01.730479+00:00,dry_run=True
LOG-002642,ALT-000470,EMAIL,DRY_RUN,analyst-oncall@cybercrime-analytics.local,False,2026-09-19T16:06:01.730479+00:00,dry_run=True
LOG-002643,ALT-000470,SMS,SIMULATED_DELIVERED,+91-XXXXXXXXXX-LEA,True,2026-09-19T16:06:01.731627+00:00,
LOG-002644,ALT-000470,SMS,SIMULATED_DELIVERED,+91-XXXXXXXXXX-I4C,True,2026-09-19T16:06:01.731627+00:00,
LOG-002645,ALT-000470,WEBHOOK,SIMULATED_SENT,"LEA_PORTAL, BANK_FMS_SIMULATED",True,2026-09-19T16:06:01.731627+00:00,sev=HIGH score=61
LOG-002646,ALT-000471,LOG,LOGGED,,False,2026-09-19T16:06:01.731627+00:00,dry_run=True
LOG-002647,ALT-000471,EMAIL,DRY_RUN,analyst-oncall@cybercrime-analytics.local,False,2026-09-19T16:06:01.731627+00:00,dry_run=True
LOG-002648,ALT-000471,SMS,SIMULATED_DELIVERED,+91-XXXXXXXXXX-LEA,True,2026-09-19T16:06:01.731627+00:00,
LOG-002649,ALT-000471,SMS,SIMULATED_DELIVERED,+91-XXXXXXXXXX-I4C,True,2026-09-19T16:06:01.731627+00:00,
LOG-002650,ALT-000471,WEBHOOK,SIMULATED_SENT,"LEA_PORTAL, BANK_FMS_SIMULATED",True,2026-09-19T16:06:01.732634+00:00,sev=HIGH score=60
LOG-002651,ALT-000472,LOG,LOGGED,,False,2026-09-19T16:06:01.732634+00:00,dry_run=True
LOG-002652,ALT-000472,EMAIL,DRY_RUN,analyst-oncall@cybercrime-analytics.local,False,2026-09-19T16:06:01.732634+00:00,dry_run=True
LOG-002653,ALT-000472,SMS,SIMULATED_DELIVERED,+91-XXXXXXXXXX-LEA,True,2026-09-19T16:06:01.732634+00:00,
LOG-002654,ALT-000472,SMS,SIMULATED_DELIVERED,+91-XXXXXXXXXX-I4C,True,2026-09-19T16:06:01.732634+00:00,
LOG-002655,ALT-000472,WEBHOOK,SIMULATED_SENT,"LEA_PORTAL, BANK_FMS_SIMULATED",True,2026-09-19T16:06:01.733696+00:00,sev=HIGH score=37
LOG-002656,ALT-000473,LOG,LOGGED,,False,2026-09-19T16:06:01.733696+00:00,dry_run=True
LOG-002657,ALT-000473,EMAIL,DRY_RUN,analyst-oncall@cybercrime-analytics.local,False,2026-09-19T16:06:01.733696+00:00,dry_run=True
LOG-002658,ALT-000473,SMS,SIMULATED_DELIVERED,+91-XXXXXXXXXX-LEA,True,2026-09-19T16:06:01.733696+00:00,
LOG-002659,ALT-000473,SMS,SIMULATED_DELIVERED,+91-XXXXXXXXXX-I4C,True,2026-09-19T16:06:01.733696+00:00,
LOG-002660,ALT-000473,WEBHOOK,SIMULATED_SENT,"LEA_PORTAL, BANK_FMS_SIMULATED",True,2026-09-19T16:06:01.733696+00:00,sev=HIGH score=38
LOG-002661,ALT-000474,LOG,LOGGED,,False,2026-09-19T16:06:01.734861+00:00,dry_run=True
LOG-002662,ALT-000474,EMAIL,DRY_RUN,analyst-oncall@cybercrime-analytics.local,False,2026-09-19T16:06:01.734861+00:00,dry_run=True
LOG-002663,ALT-000474,SMS,SIMULATED_DELIVERED,+91-XXXXXXXXXX-LEA,True,2026-09-19T16:06:01.734861+00:00,
LOG-002664,ALT-000474,SMS,SIMULATED_DELIVERED,+91-XXXXXXXXXX-I4C,True,2026-09-19T16:06:01.734861+00:00,
LOG-002665,ALT-000474,WEBHOOK,SIMULATED_SENT,"LEA_PORTAL, BANK_FMS_SIMULATED",True,2026-09-19T16:06:01.734861+00:00,sev=HIGH score=36
LOG-002666,ALT-000475,LOG,LOGGED,,False,2026-09-19T16:06:01.735819+00:00,dry_run=True
LOG-002667,ALT-000475,EMAIL,DRY_RUN,analyst-oncall@cybercrime-analytics.local,False,2026-09-19T16:06:01.735819+00:00,dry_run=True
LOG-002668,ALT-000475,SMS,SIMULATED_DELIVERED,+91-XXXXXXXXXX-LEA,True,2026-09-19T16:06:01.735819+00:00,
LOG-002669,ALT-000475,SMS,SIMULATED_DELIVERED,+91-XXXXXXXXXX-I4C,True,2026-09-19T16:06:01.735819+00:00,
LOG-002670,ALT-000475,WEBHOOK,SIMULATED_SENT,"LEA_PORTAL, BANK_FMS_SIMULATED",True,2026-09-19T16:06:01.736825+00:00,sev=HIGH score=41
LOG-002671,ALT-000476,LOG,LOGGED,,False,2026-09-19T16:06:01.737361+00:00,dry_run=True
LOG-002672,ALT-000476,EMAIL,DRY_RUN,analyst-oncall@cybercrime-analytics.local,False,2026-09-19T16:06:01.737361+00:00,dry_run=True
LOG-002673,ALT-000476,SMS,SIMULATED_DELIVERED,+91-XXXXXXXXXX-LEA,True,2026-09-19T16:06:01.737361+00:00,
LOG-002674,ALT-000476,SMS,SIMULATED_DELIVERED,+91-XXXXXXXXXX-I4C,True,2026-09-19T16:06:01.737867+00:00,
LOG-002675,ALT-000476,WEBHOOK,SIMULATED_SENT,"LEA_PORTAL, BANK_FMS_SIMULATED",True,2026-09-19T16:06:01.737867+00:00,sev=HIGH score=31
LOG-002676,ALT-000477,LOG,LOGGED,,False,2026-09-19T16:06:01.737867+00:00,dry_run=True
LOG-002677,ALT-000477,EMAIL,DRY_RUN,analyst-oncall@cybercrime-analytics.local,False,2026-09-19T16:06:01.737867+00:00,dry_run=True
LOG-002678,ALT-000477,SMS,SIMULATED_DELIVERED,+91-XXXXXXXXXX-LEA,True,2026-09-19T16:06:01.737867+00:00,
LOG-002679,ALT-000477,SMS,SIMULATED_DELIVERED,+91-XXXXXXXXXX-I4C,True,2026-09-19T16:06:01.737867+00:00,
LOG-002680,ALT-000477,WEBHOOK,SIMULATED_SENT,"LEA_PORTAL, BANK_FMS_SIMULATED",True,2026-09-19T16:06:01.737867+00:00,sev=HIGH score=31
LOG-002681,ALT-000478,LOG,LOGGED,,False,2026-09-19T16:06:01.738872+00:00,dry_run=True
LOG-002682,ALT-000478,EMAIL,DRY_RUN,analyst-oncall@cybercrime-analytics.local,False,2026-09-19T16:06:01.738872+00:00,dry_run=True
LOG-002683,ALT-000478,SMS,SIMULATED_DELIVERED,+91-XXXXXXXXXX-LEA,True,2026-09-19T16:06:01.738872+00:00,
LOG-002684,ALT-000478,SMS,SIMULATED_DELIVERED,+91-XXXXXXXXXX-I4C,True,2026-09-19T16:06:01.739377+00:00,
LOG-002685,ALT-000478,WEBHOOK,SIMULATED_SENT,"LEA_PORTAL, BANK_FMS_SIMULATED",True,2026-09-19T16:06:01.739377+00:00,sev=HIGH score=32
LOG-002686,ALT-000479,LOG,LOGGED,,False,2026-09-19T16:06:01.739377+00:00,dry_run=True
LOG-002687,ALT-000479,EMAIL,DRY_RUN,analyst-oncall@cybercrime-analytics.local,False,2026-09-19T16:06:01.739377+00:00,dry_run=True
LOG-002688,ALT-000479,SMS,SIMULATED_DELIVERED,+91-XXXXXXXXXX-LEA,True,2026-09-19T16:06:01.739377+00:00,
LOG-002689,ALT-000479,SMS,SIMULATED_DELIVERED,+91-XXXXXXXXXX-I4C,True,2026-09-19T16:06:01.739377+00:00,
LOG-002690,ALT-000479,WEBHOOK,SIMULATED_SENT,"LEA_PORTAL, BANK_FMS_SIMULATED",True,2026-09-19T16:06:01.739377+00:00,sev=HIGH score=34
LOG-002691,ALT-000480,LOG,LOGGED,,False,2026-09-19T16:06:01.739377+00:00,dry_run=True
LOG-002692,ALT-000480,EMAIL,DRY_RUN,analyst-oncall@cybercrime-analytics.local,False,2026-09-19T16:06:01.739377+00:00,dry_run=True
LOG-002693,ALT-000480,SMS,SIMULATED_DELIVERED,+91-XXXXXXXXXX-LEA,True,2026-09-19T16:06:01.739377+00:00,
LOG-002694,ALT-000480,SMS,SIMULATED_DELIVERED,+91-XXXXXXXXXX-I4C,True,2026-09-19T16:06:01.739377+00:00,
LOG-002695,ALT-000480,WEBHOOK,SIMULATED_SENT,"LEA_PORTAL, BANK_FMS_SIMULATED",True,2026-09-19T16:06:01.740897+00:00,sev=HIGH score=38
LOG-002696,ALT-000481,LOG,LOGGED,,False,2026-09-19T16:06:01.740897+00:00,dry_run=True
LOG-002697,ALT-000481,EMAIL,DRY_RUN,analyst-oncall@cybercrime-analytics.local,False,2026-09-19T16:06:01.740897+00:00,dry_run=True
LOG-002698,ALT-000481,SMS,SIMULATED_DELIVERED,+91-XXXXXXXXXX-LEA,True,2026-09-19T16:06:01.740897+00:00,
LOG-002699,ALT-000481,SMS,SIMULATED_DELIVERED,+91-XXXXXXXXXX-I4C,True,2026-09-19T16:06:01.740897+00:00,
LOG-002700,ALT-000481,WEBHOOK,SIMULATED_SENT,"LEA_PORTAL, BANK_FMS_SIMULATED",True,2026-09-19T16:06:01.740897+00:00,sev=HIGH score=65
LOG-002701,ALT-000482,LOG,LOGGED,,False,2026-09-19T16:06:01.740897+00:00,dry_run=True
LOG-002702,ALT-000482,EMAIL,DRY_RUN,analyst-oncall@cybercrime-analytics.local,False,2026-09-19T16:06:01.740897+00:00,dry_run=True
LOG-002703,ALT-000482,SMS,SIMULATED_DELIVERED,+91-XXXXXXXXXX-LEA,True,2026-09-19T16:06:01.742420+00:00,
LOG-002704,ALT-000482,SMS,SIMULATED_DELIVERED,+91-XXXXXXXXXX-I4C,True,2026-09-19T16:06:01.742420+00:00,
LOG-002705,ALT-000482,WEBHOOK,SIMULATED_SENT,"LEA_PORTAL, BANK_FMS_SIMULATED",True,2026-09-19T16:06:01.742420+00:00,sev=HIGH score=30
LOG-002706,ALT-000483,LOG,LOGGED,,False,2026-09-19T16:06:01.742420+00:00,dry_run=True
LOG-002707,ALT-000483,EMAIL,DRY_RUN,analyst-oncall@cybercrime-analytics.local,False,2026-09-19T16:06:01.742420+00:00,dry_run=True
LOG-002708,ALT-000483,SMS,SIMULATED_DELIVERED,+91-XXXXXXXXXX-LEA,True,2026-09-19T16:06:01.743429+00:00,
LOG-002709,ALT-000483,SMS,SIMULATED_DELIVERED,+91-XXXXXXXXXX-I4C,True,2026-09-19T16:06:01.743429+00:00,
LOG-002710,ALT-000483,WEBHOOK,SIMULATED_SENT,"LEA_PORTAL, BANK_FMS_SIMULATED",True,2026-09-19T16:06:01.743429+00:00,sev=HIGH score=34
LOG-002711,ALT-000484,LOG,LOGGED,,False,2026-09-19T16:06:01.743429+00:00,dry_run=True
LOG-002712,ALT-000484,EMAIL,DRY_RUN,analyst-oncall@cybercrime-analytics.local,False,2026-09-19T16:06:01.744427+00:00,dry_run=True
LOG-002713,ALT-000484,SMS,SIMULATED_DELIVERED,+91-XXXXXXXXXX-LEA,True,2026-09-19T16:06:01.744427+00:00,
LOG-002714,ALT-000484,SMS,SIMULATED_DELIVERED,+91-XXXXXXXXXX-I4C,True,2026-09-19T16:06:01.744427+00:00,
LOG-002715,ALT-000484,WEBHOOK,SIMULATED_SENT,"LEA_PORTAL, BANK_FMS_SIMULATED",True,2026-09-19T16:06:01.744427+00:00,sev=HIGH score=42
LOG-002716,ALT-000485,LOG,LOGGED,,False,2026-09-19T16:06:01.744427+00:00,dry_run=True
LOG-002717,ALT-000485,EMAIL,DRY_RUN,analyst-oncall@cybercrime-analytics.local,False,2026-09-19T16:06:01.745427+00:00,dry_run=True
LOG-002718,ALT-000485,SMS,SIMULATED_DELIVERED,+91-XXXXXXXXXX-LEA,True,2026-09-19T16:06:01.745427+00:00,
LOG-002719,ALT-000485,SMS,SIMULATED_DELIVERED,+91-XXXXXXXXXX-I4C,True,2026-09-19T16:06:01.745427+00:00,
LOG-002720,ALT-000485,WEBHOOK,SIMULATED_SENT,"LEA_PORTAL, BANK_FMS_SIMULATED",True,2026-09-19T16:06:01.745427+00:00,sev=HIGH score=52
LOG-002721,ALT-000486,LOG,LOGGED,,False,2026-09-19T16:06:01.746426+00:00,dry_run=True
LOG-002722,ALT-000486,EMAIL,DRY_RUN,analyst-oncall@cybercrime-analytics.local,False,2026-09-19T16:06:01.746426+00:00,dry_run=True
LOG-002723,ALT-000486,SMS,SIMULATED_DELIVERED,+91-XXXXXXXXXX-LEA,True,2026-09-19T16:06:01.746426+00:00,
LOG-002724,ALT-000486,SMS,SIMULATED_DELIVERED,+91-XXXXXXXXXX-I4C,True,2026-09-19T16:06:01.746426+00:00,
LOG-002725,ALT-000486,WEBHOOK,SIMULATED_SENT,"LEA_PORTAL, BANK_FMS_SIMULATED",True,2026-09-19T16:06:01.746426+00:00,sev=HIGH score=39
LOG-002726,ALT-000487,LOG,LOGGED,,False,2026-09-19T16:06:01.746426+00:00,dry_run=True
LOG-002727,ALT-000487,EMAIL,DRY_RUN,analyst-oncall@cybercrime-analytics.local,False,2026-09-19T16:06:01.747427+00:00,dry_run=True
LOG-002728,ALT-000487,SMS,SIMULATED_DELIVERED,+91-XXXXXXXXXX-LEA,True,2026-09-19T16:06:01.747427+00:00,
LOG-002729,ALT-000487,SMS,SIMULATED_DELIVERED,+91-XXXXXXXXXX-I4C,True,2026-09-19T16:06:01.747427+00:00,
LOG-002730,ALT-000487,WEBHOOK,SIMULATED_SENT,"LEA_PORTAL, BANK_FMS_SIMULATED",True,2026-09-19T16:06:01.747427+00:00,sev=HIGH score=35
LOG-002731,ALT-000488,LOG,LOGGED,,False,2026-09-19T16:06:01.747427+00:00,dry_run=True
LOG-002732,ALT-000488,EMAIL,DRY_RUN,analyst-oncall@cybercrime-analytics.local,False,2026-09-19T16:06:01.747427+00:00,dry_run=True
LOG-002733,ALT-000488,SMS,SIMULATED_DELIVERED,+91-XXXXXXXXXX-LEA,True,2026-09-19T16:06:01.748427+00:00,
LOG-002734,ALT-000488,SMS,SIMULATED_DELIVERED,+91-XXXXXXXXXX-I4C,True,2026-09-19T16:06:01.748427+00:00,
LOG-002735,ALT-000488,WEBHOOK,SIMULATED_SENT,"LEA_PORTAL, BANK_FMS_SIMULATED",True,2026-09-19T16:06:01.748427+00:00,sev=HIGH score=27
LOG-002736,ALT-000489,LOG,LOGGED,,False,2026-09-19T16:06:01.748427+00:00,dry_run=True
LOG-002737,ALT-000489,EMAIL,DRY_RUN,analyst-oncall@cybercrime-analytics.local,False,2026-09-19T16:06:01.748427+00:00,dry_run=True
LOG-002738,ALT-000489,SMS,SIMULATED_DELIVERED,+91-XXXXXXXXXX-LEA,True,2026-09-19T16:06:01.748427+00:00,
LOG-002739,ALT-000489,SMS,SIMULATED_DELIVERED,+91-XXXXXXXXXX-I4C,True,2026-09-19T16:06:01.749465+00:00,
LOG-002740,ALT-000489,WEBHOOK,SIMULATED_SENT,"LEA_PORTAL, BANK_FMS_SIMULATED",True,2026-09-19T16:06:01.749465+00:00,sev=HIGH score=23
LOG-002741,ALT-000490,LOG,LOGGED,,False,2026-09-19T16:06:01.749465+00:00,dry_run=True
LOG-002742,ALT-000490,EMAIL,DRY_RUN,analyst-oncall@cybercrime-analytics.local,False,2026-09-19T16:06:01.750481+00:00,dry_run=True
LOG-002743,ALT-000490,SMS,SIMULATED_DELIVERED,+91-XXXXXXXXXX-LEA,True,2026-09-19T16:06:01.750481+00:00,
LOG-002744,ALT-000490,SMS,SIMULATED_DELIVERED,+91-XXXXXXXXXX-I4C,True,2026-09-19T16:06:01.750481+00:00,
LOG-002745,ALT-000490,WEBHOOK,SIMULATED_SENT,"LEA_PORTAL, BANK_FMS_SIMULATED",True,2026-09-19T16:06:01.750481+00:00,sev=HIGH score=28
LOG-002746,ALT-000491,LOG,LOGGED,,False,2026-09-19T16:06:01.750481+00:00,dry_run=True
LOG-002747,ALT-000491,EMAIL,DRY_RUN,analyst-oncall@cybercrime-analytics.local,False,2026-09-19T16:06:01.750481+00:00,dry_run=True
LOG-002748,ALT-000491,SMS,SIMULATED_DELIVERED,+91-XXXXXXXXXX-LEA,True,2026-09-19T16:06:01.751619+00:00,
LOG-002749,ALT-000491,SMS,SIMULATED_DELIVERED,+91-XXXXXXXXXX-I4C,True,2026-09-19T16:06:01.751619+00:00,
LOG-002750,ALT-000491,WEBHOOK,SIMULATED_SENT,"LEA_PORTAL, BANK_FMS_SIMULATED",True,2026-09-19T16:06:01.751619+00:00,sev=HIGH score=37
LOG-002751,ALT-000492,LOG,LOGGED,,False,2026-09-19T16:06:01.751619+00:00,dry_run=True
LOG-002752,ALT-000492,EMAIL,DRY_RUN,analyst-oncall@cybercrime-analytics.local,False,2026-09-19T16:06:01.751619+00:00,dry_run=True
LOG-002753,ALT-000492,SMS,SIMULATED_DELIVERED,+91-XXXXXXXXXX-LEA,True,2026-09-19T16:06:01.751619+00:00,
LOG-002754,ALT-000492,SMS,SIMULATED_DELIVERED,+91-XXXXXXXXXX-I4C,True,2026-09-19T16:06:01.751619+00:00,
LOG-002755,ALT-000492,WEBHOOK,SIMULATED_SENT,"LEA_PORTAL, BANK_FMS_SIMULATED",True,2026-09-19T16:06:01.752625+00:00,sev=HIGH score=36
LOG-002756,ALT-000493,LOG,LOGGED,,False,2026-09-19T16:06:01.752625+00:00,dry_run=True
LOG-002757,ALT-000493,EMAIL,DRY_RUN,analyst-oncall@cybercrime-analytics.local,False,2026-09-19T16:06:01.752625+00:00,dry_run=True
LOG-002758,ALT-000493,SMS,SIMULATED_DELIVERED,+91-XXXXXXXXXX-LEA,True,2026-09-19T16:06:01.752625+00:00,
LOG-002759,ALT-000493,SMS,SIMULATED_DELIVERED,+91-XXXXXXXXXX-I4C,True,2026-09-19T16:06:01.752625+00:00,
LOG-002760,ALT-000493,WEBHOOK,SIMULATED_SENT,"LEA_PORTAL, BANK_FMS_SIMULATED",True,2026-09-19T16:06:01.752625+00:00,sev=HIGH score=39
LOG-002761,ALT-000494,LOG,LOGGED,,False,2026-09-19T16:06:01.753631+00:00,dry_run=True
LOG-002762,ALT-000494,EMAIL,DRY_RUN,analyst-oncall@cybercrime-analytics.local,False,2026-09-19T16:06:01.753631+00:00,dry_run=True
LOG-002763,ALT-000494,SMS,SIMULATED_DELIVERED,+91-XXXXXXXXXX-LEA,True,2026-09-19T16:06:01.753631+00:00,
LOG-002764,ALT-000494,SMS,SIMULATED_DELIVERED,+91-XXXXXXXXXX-I4C,True,2026-09-19T16:06:01.753631+00:00,
LOG-002765,ALT-000494,WEBHOOK,SIMULATED_SENT,"LEA_PORTAL, BANK_FMS_SIMULATED",True,2026-09-19T16:06:01.753631+00:00,sev=HIGH score=40
LOG-002766,ALT-000495,LOG,LOGGED,,False,2026-09-19T16:06:01.753631+00:00,dry_run=True
LOG-002767,ALT-000495,EMAIL,DRY_RUN,analyst-oncall@cybercrime-analytics.local,False,2026-09-19T16:06:01.754625+00:00,dry_run=True
LOG-002768,ALT-000495,SMS,SIMULATED_DELIVERED,+91-XXXXXXXXXX-LEA,True,2026-09-19T16:06:01.754625+00:00,
LOG-002769,ALT-000495,SMS,SIMULATED_DELIVERED,+91-XXXXXXXXXX-I4C,True,2026-09-19T16:06:01.754625+00:00,
LOG-002770,ALT-000495,WEBHOOK,SIMULATED_SENT,"LEA_PORTAL, BANK_FMS_SIMULATED",True,2026-09-19T16:06:01.754625+00:00,sev=HIGH score=34
LOG-002771,ALT-000496,LOG,LOGGED,,False,2026-09-19T16:06:01.754625+00:00,dry_run=True
LOG-002772,ALT-000496,EMAIL,DRY_RUN,analyst-oncall@cybercrime-analytics.local,False,2026-09-19T16:06:01.754625+00:00,dry_run=True
LOG-002773,ALT-000496,SMS,SIMULATED_DELIVERED,+91-XXXXXXXXXX-LEA,True,2026-09-19T16:06:01.754625+00:00,
LOG-002774,ALT-000496,SMS,SIMULATED_DELIVERED,+91-XXXXXXXXXX-I4C,True,2026-09-19T16:06:01.754625+00:00,
LOG-002775,ALT-000496,WEBHOOK,SIMULATED_SENT,"LEA_PORTAL, BANK_FMS_SIMULATED",True,2026-09-19T16:06:01.755628+00:00,sev=HIGH score=33
LOG-002776,ALT-000497,LOG,LOGGED,,False,2026-09-19T16:06:01.755628+00:00,dry_run=True
LOG-002777,ALT-000497,EMAIL,DRY_RUN,analyst-oncall@cybercrime-analytics.local,False,2026-09-19T16:06:01.755628+00:00,dry_run=True
LOG-002778,ALT-000497,SMS,SIMULATED_DELIVERED,+91-XXXXXXXXXX-LEA,True,2026-09-19T16:06:01.755628+00:00,
LOG-002779,ALT-000497,SMS,SIMULATED_DELIVERED,+91-XXXXXXXXXX-I4C,True,2026-09-19T16:06:01.755628+00:00,
LOG-002780,ALT-000497,WEBHOOK,SIMULATED_SENT,"LEA_PORTAL, BANK_FMS_SIMULATED",True,2026-09-19T16:06:01.755628+00:00,sev=HIGH score=36
LOG-002781,ALT-000498,LOG,LOGGED,,False,2026-09-19T16:06:01.756626+00:00,dry_run=True
LOG-002782,ALT-000498,EMAIL,DRY_RUN,analyst-oncall@cybercrime-analytics.local,False,2026-09-19T16:06:01.756626+00:00,dry_run=True
LOG-002783,ALT-000498,SMS,SIMULATED_DELIVERED,+91-XXXXXXXXXX-LEA,True,2026-09-19T16:06:01.756626+00:00,
LOG-002784,ALT-000498,SMS,SIMULATED_DELIVERED,+91-XXXXXXXXXX-I4C,True,2026-09-19T16:06:01.756626+00:00,
LOG-002785,ALT-000498,WEBHOOK,SIMULATED_SENT,"LEA_PORTAL, BANK_FMS_SIMULATED",True,2026-09-19T16:06:01.757628+00:00,sev=HIGH score=26
LOG-002786,ALT-000499,LOG,LOGGED,,False,2026-09-19T16:06:01.757628+00:00,dry_run=True
LOG-002787,ALT-000499,EMAIL,DRY_RUN,analyst-oncall@cybercrime-analytics.local,False,2026-09-19T16:06:01.757628+00:00,dry_run=True
LOG-002788,ALT-000499,SMS,SIMULATED_DELIVERED,+91-XXXXXXXXXX-LEA,True,2026-09-19T16:06:01.757628+00:00,
LOG-002789,ALT-000499,SMS,SIMULATED_DELIVERED,+91-XXXXXXXXXX-I4C,True,2026-09-19T16:06:01.757628+00:00,
LOG-002790,ALT-000499,WEBHOOK,SIMULATED_SENT,"LEA_PORTAL, BANK_FMS_SIMULATED",True,2026-09-19T16:06:01.758627+00:00,sev=HIGH score=34
LOG-002791,ALT-000500,LOG,LOGGED,,False,2026-09-19T16:06:01.758627+00:00,dry_run=True
LOG-002792,ALT-000500,EMAIL,DRY_RUN,analyst-oncall@cybercrime-analytics.local,False,2026-09-19T16:06:01.758627+00:00,dry_run=True
LOG-002793,ALT-000500,SMS,SIMULATED_DELIVERED,+91-XXXXXXXXXX-LEA,True,2026-09-19T16:06:01.758627+00:00,
LOG-002794,ALT-000500,SMS,SIMULATED_DELIVERED,+91-XXXXXXXXXX-I4C,True,2026-09-19T16:06:01.758627+00:00,
LOG-002795,ALT-000500,WEBHOOK,SIMULATED_SENT,"LEA_PORTAL, BANK_FMS_SIMULATED",True,2026-09-19T16:06:01.758627+00:00,sev=HIGH score=30
LOG-002796,ALT-000501,LOG,LOGGED,,False,2026-09-19T16:06:01.759631+00:00,dry_run=True
LOG-002797,ALT-000501,EMAIL,DRY_RUN,analyst-oncall@cybercrime-analytics.local,False,2026-09-19T16:06:01.759631+00:00,dry_run=True
LOG-002798,ALT-000501,SMS,SIMULATED_DELIVERED,+91-XXXXXXXXXX-LEA,True,2026-09-19T16:06:01.759631+00:00,
LOG-002799,ALT-000501,SMS,SIMULATED_DELIVERED,+91-XXXXXXXXXX-I4C,True,2026-09-19T16:06:01.759631+00:00,
LOG-002800,ALT-000501,WEBHOOK,SIMULATED_SENT,"LEA_PORTAL, BANK_FMS_SIMULATED",True,2026-09-19T16:06:01.759631+00:00,sev=HIGH score=37
LOG-002801,ALT-000502,LOG,LOGGED,,False,2026-09-19T16:06:01.759631+00:00,dry_run=True
LOG-002802,ALT-000502,EMAIL,DRY_RUN,analyst-oncall@cybercrime-analytics.local,False,2026-09-19T16:06:01.760635+00:00,dry_run=True
LOG-002803,ALT-000502,SMS,SIMULATED_DELIVERED,+91-XXXXXXXXXX-LEA,True,2026-09-19T16:06:01.760635+00:00,
LOG-002804,ALT-000502,SMS,SIMULATED_DELIVERED,+91-XXXXXXXXXX-I4C,True,2026-09-19T16:06:01.760635+00:00,
LOG-002805,ALT-000502,WEBHOOK,SIMULATED_SENT,"LEA_PORTAL, BANK_FMS_SIMULATED",True,2026-09-19T16:06:01.760635+00:00,sev=HIGH score=32
LOG-002806,ALT-000503,LOG,LOGGED,,False,2026-09-19T16:06:01.760635+00:00,dry_run=True
LOG-002807,ALT-000503,EMAIL,DRY_RUN,analyst-oncall@cybercrime-analytics.local,False,2026-09-19T16:06:01.760635+00:00,dry_run=True
LOG-002808,ALT-000503,SMS,SIMULATED_DELIVERED,+91-XXXXXXXXXX-LEA,True,2026-09-19T16:06:01.761636+00:00,
LOG-002809,ALT-000503,SMS,SIMULATED_DELIVERED,+91-XXXXXXXXXX-I4C,True,2026-09-19T16:06:01.761636+00:00,
LOG-002810,ALT-000503,WEBHOOK,SIMULATED_SENT,"LEA_PORTAL, BANK_FMS_SIMULATED",True,2026-09-19T16:06:01.761636+00:00,sev=HIGH score=30
LOG-002811,ALT-000504,LOG,LOGGED,,False,2026-09-19T16:06:01.761636+00:00,dry_run=True
LOG-002812,ALT-000504,EMAIL,DRY_RUN,analyst-oncall@cybercrime-analytics.local,False,2026-09-19T16:06:01.761636+00:00,dry_run=True
LOG-002813,ALT-000504,SMS,SIMULATED_DELIVERED,+91-XXXXXXXXXX-LEA,True,2026-09-19T16:06:01.761636+00:00,
LOG-002814,ALT-000504,SMS,SIMULATED_DELIVERED,+91-XXXXXXXXXX-I4C,True,2026-09-19T16:06:01.761636+00:00,
LOG-002815,ALT-000504,WEBHOOK,SIMULATED_SENT,"LEA_PORTAL, BANK_FMS_SIMULATED",True,2026-09-19T16:06:01.761636+00:00,sev=HIGH score=40
LOG-002816,ALT-000505,LOG,LOGGED,,False,2026-09-19T16:06:01.762651+00:00,dry_run=True
LOG-002817,ALT-000505,EMAIL,DRY_RUN,analyst-oncall@cybercrime-analytics.local,False,2026-09-19T16:06:01.762651+00:00,dry_run=True
LOG-002818,ALT-000505,SMS,SIMULATED_DELIVERED,+91-XXXXXXXXXX-LEA,True,2026-09-19T16:06:01.762651+00:00,
LOG-002819,ALT-000505,SMS,SIMULATED_DELIVERED,+91-XXXXXXXXXX-I4C,True,2026-09-19T16:06:01.762651+00:00,
LOG-002820,ALT-000505,WEBHOOK,SIMULATED_SENT,"LEA_PORTAL, BANK_FMS_SIMULATED",True,2026-09-19T16:06:01.762651+00:00,sev=HIGH score=12
LOG-002821,ALT-000506,LOG,LOGGED,,False,2026-09-19T16:06:01.762651+00:00,dry_run=True
LOG-002822,ALT-000506,EMAIL,DRY_RUN,analyst-oncall@cybercrime-analytics.local,False,2026-09-19T16:06:01.763660+00:00,dry_run=True
LOG-002823,ALT-000506,SMS,SIMULATED_DELIVERED,+91-XXXXXXXXXX-LEA,True,2026-09-19T16:06:01.763660+00:00,
LOG-002824,ALT-000506,SMS,SIMULATED_DELIVERED,+91-XXXXXXXXXX-I4C,True,2026-09-19T16:06:01.763660+00:00,
LOG-002825,ALT-000506,WEBHOOK,SIMULATED_SENT,"LEA_PORTAL, BANK_FMS_SIMULATED",True,2026-09-19T16:06:01.763660+00:00,sev=HIGH score=28
LOG-002826,ALT-000507,LOG,LOGGED,,False,2026-09-19T16:06:01.764673+00:00,dry_run=True
LOG-002827,ALT-000507,EMAIL,DRY_RUN,analyst-oncall@cybercrime-analytics.local,False,2026-09-19T16:06:01.764673+00:00,dry_run=True
LOG-002828,ALT-000507,SMS,SIMULATED_DELIVERED,+91-XXXXXXXXXX-LEA,True,2026-09-19T16:06:01.764673+00:00,
LOG-002829,ALT-000507,SMS,SIMULATED_DELIVERED,+91-XXXXXXXXXX-I4C,True,2026-09-19T16:06:01.764673+00:00,
LOG-002830,ALT-000507,WEBHOOK,SIMULATED_SENT,"LEA_PORTAL, BANK_FMS_SIMULATED",True,2026-09-19T16:06:01.764673+00:00,sev=HIGH score=36
LOG-002831,ALT-000508,LOG,LOGGED,,False,2026-09-19T16:06:01.765659+00:00,dry_run=True
LOG-002832,ALT-000508,EMAIL,DRY_RUN,analyst-oncall@cybercrime-analytics.local,False,2026-09-19T16:06:01.765659+00:00,dry_run=True
LOG-002833,ALT-000508,SMS,SIMULATED_DELIVERED,+91-XXXXXXXXXX-LEA,True,2026-09-19T16:06:01.765659+00:00,
LOG-002834,ALT-000508,SMS,SIMULATED_DELIVERED,+91-XXXXXXXXXX-I4C,True,2026-09-19T16:06:01.765659+00:00,
LOG-002835,ALT-000508,WEBHOOK,SIMULATED_SENT,"LEA_PORTAL, BANK_FMS_SIMULATED",True,2026-09-19T16:06:01.765659+00:00,sev=HIGH score=15
LOG-002836,ALT-000509,LOG,LOGGED,,False,2026-09-19T16:06:01.766664+00:00,dry_run=True
LOG-002837,ALT-000509,EMAIL,DRY_RUN,analyst-oncall@cybercrime-analytics.local,False,2026-09-19T16:06:01.766664+00:00,dry_run=True
LOG-002838,ALT-000509,SMS,SIMULATED_DELIVERED,+91-XXXXXXXXXX-LEA,True,2026-09-19T16:06:01.766664+00:00,
LOG-002839,ALT-000509,SMS,SIMULATED_DELIVERED,+91-XXXXXXXXXX-I4C,True,2026-09-19T16:06:01.766664+00:00,
LOG-002840,ALT-000509,WEBHOOK,SIMULATED_SENT,"LEA_PORTAL, BANK_FMS_SIMULATED",True,2026-09-19T16:06:01.766664+00:00,sev=HIGH score=44
LOG-002841,ALT-000510,LOG,LOGGED,,False,2026-09-19T16:06:01.766664+00:00,dry_run=True
LOG-002842,ALT-000510,EMAIL,DRY_RUN,analyst-oncall@cybercrime-analytics.local,False,2026-09-19T16:06:01.767659+00:00,dry_run=True
LOG-002843,ALT-000510,SMS,SIMULATED_DELIVERED,+91-XXXXXXXXXX-LEA,True,2026-09-19T16:06:01.767659+00:00,
LOG-002844,ALT-000510,SMS,SIMULATED_DELIVERED,+91-XXXXXXXXXX-I4C,True,2026-09-19T16:06:01.767659+00:00,
LOG-002845,ALT-000510,WEBHOOK,SIMULATED_SENT,"LEA_PORTAL, BANK_FMS_SIMULATED",True,2026-09-19T16:06:01.767659+00:00,sev=HIGH score=20
LOG-002846,ALT-000511,LOG,LOGGED,,False,2026-09-19T16:06:01.767659+00:00,dry_run=True
LOG-002847,ALT-000511,EMAIL,DRY_RUN,analyst-oncall@cybercrime-analytics.local,False,2026-09-19T16:06:01.767659+00:00,dry_run=True
LOG-002848,ALT-000511,SMS,SIMULATED_DELIVERED,+91-XXXXXXXXXX-LEA,True,2026-09-19T16:06:01.768657+00:00,
LOG-002849,ALT-000511,SMS,SIMULATED_DELIVERED,+91-XXXXXXXXXX-I4C,True,2026-09-19T16:06:01.768657+00:00,
LOG-002850,ALT-000511,WEBHOOK,SIMULATED_SENT,"LEA_PORTAL, BANK_FMS_SIMULATED",True,2026-09-19T16:06:01.768657+00:00,sev=HIGH score=23
LOG-002851,ALT-000512,LOG,LOGGED,,False,2026-09-19T16:06:01.768657+00:00,dry_run=True
LOG-002852,ALT-000512,EMAIL,DRY_RUN,analyst-oncall@cybercrime-analytics.local,False,2026-09-19T16:06:01.768657+00:00,dry_run=True
LOG-002853,ALT-000512,SMS,SIMULATED_DELIVERED,+91-XXXXXXXXXX-LEA,True,2026-09-19T16:06:01.768657+00:00,
LOG-002854,ALT-000512,SMS,SIMULATED_DELIVERED,+91-XXXXXXXXXX-I4C,True,2026-09-19T16:06:01.769657+00:00,
LOG-002855,ALT-000512,WEBHOOK,SIMULATED_SENT,"LEA_PORTAL, BANK_FMS_SIMULATED",True,2026-09-19T16:06:01.769657+00:00,sev=HIGH score=29
LOG-002856,ALT-000513,LOG,LOGGED,,False,2026-09-19T16:06:01.769657+00:00,dry_run=True
LOG-002857,ALT-000513,EMAIL,DRY_RUN,analyst-oncall@cybercrime-analytics.local,False,2026-09-19T16:06:01.769657+00:00,dry_run=True
LOG-002858,ALT-000513,SMS,SIMULATED_DELIVERED,+91-XXXXXXXXXX-LEA,True,2026-09-19T16:06:01.769657+00:00,
LOG-002859,ALT-000513,SMS,SIMULATED_DELIVERED,+91-XXXXXXXXXX-I4C,True,2026-09-19T16:06:01.769657+00:00,
LOG-002860,ALT-000513,WEBHOOK,SIMULATED_SENT,"LEA_PORTAL, BANK_FMS_SIMULATED",True,2026-09-19T16:06:01.770657+00:00,sev=HIGH score=33
LOG-002861,ALT-000514,LOG,LOGGED,,False,2026-09-19T16:06:01.770657+00:00,dry_run=True
LOG-002862,ALT-000514,EMAIL,DRY_RUN,analyst-oncall@cybercrime-analytics.local,False,2026-09-19T16:06:01.770657+00:00,dry_run=True
LOG-002863,ALT-000514,SMS,SIMULATED_DELIVERED,+91-XXXXXXXXXX-LEA,True,2026-09-19T16:06:01.770657+00:00,
LOG-002864,ALT-000514,SMS,SIMULATED_DELIVERED,+91-XXXXXXXXXX-I4C,True,2026-09-19T16:06:01.770657+00:00,
LOG-002865,ALT-000514,WEBHOOK,SIMULATED_SENT,"LEA_PORTAL, BANK_FMS_SIMULATED",True,2026-09-19T16:06:01.770657+00:00,sev=HIGH score=33
LOG-002866,ALT-000515,LOG,LOGGED,,False,2026-09-19T16:06:01.771658+00:00,dry_run=True
LOG-002867,ALT-000515,EMAIL,DRY_RUN,analyst-oncall@cybercrime-analytics.local,False,2026-09-19T16:06:01.771658+00:00,dry_run=True
LOG-002868,ALT-000515,SMS,SIMULATED_DELIVERED,+91-XXXXXXXXXX-LEA,True,2026-09-19T16:06:01.771658+00:00,
LOG-002869,ALT-000515,SMS,SIMULATED_DELIVERED,+91-XXXXXXXXXX-I4C,True,2026-09-19T16:06:01.772657+00:00,
LOG-002870,ALT-000515,WEBHOOK,SIMULATED_SENT,"LEA_PORTAL, BANK_FMS_SIMULATED",True,2026-09-19T16:06:01.772657+00:00,sev=HIGH score=37
LOG-002871,ALT-000516,LOG,LOGGED,,False,2026-09-19T16:06:01.772657+00:00,dry_run=True
LOG-002872,ALT-000516,EMAIL,DRY_RUN,analyst-oncall@cybercrime-analytics.local,False,2026-09-19T16:06:01.772657+00:00,dry_run=True
LOG-002873,ALT-000516,SMS,SIMULATED_DELIVERED,+91-XXXXXXXXXX-LEA,True,2026-09-19T16:06:01.772657+00:00,
LOG-002874,ALT-000516,SMS,SIMULATED_DELIVERED,+91-XXXXXXXXXX-I4C,True,2026-09-19T16:06:01.772657+00:00,
LOG-002875,ALT-000516,WEBHOOK,SIMULATED_SENT,"LEA_PORTAL, BANK_FMS_SIMULATED",True,2026-09-19T16:06:01.773660+00:00,sev=CRITICAL score=91
LOG-002876,ALT-000517,LOG,LOGGED,,False,2026-09-19T16:06:01.773660+00:00,dry_run=True
LOG-002877,ALT-000517,EMAIL,DRY_RUN,analyst-oncall@cybercrime-analytics.local,False,2026-09-19T16:06:01.773660+00:00,dry_run=True
LOG-002878,ALT-000517,SMS,SIMULATED_DELIVERED,+91-XXXXXXXXXX-LEA,True,2026-09-19T16:06:01.773660+00:00,
LOG-002879,ALT-000517,SMS,SIMULATED_DELIVERED,+91-XXXXXXXXXX-I4C,True,2026-09-19T16:06:01.773660+00:00,
LOG-002880,ALT-000517,WEBHOOK,SIMULATED_SENT,"LEA_PORTAL, BANK_FMS_SIMULATED",True,2026-09-19T16:06:01.774660+00:00,sev=CRITICAL score=88
LOG-002881,ALT-DISP-01,LOG,LOGGED,,False,2026-09-19T16:08:27.174634+00:00,dry_run=True
LOG-002882,ALT-DISP-01,EMAIL,DRY_RUN,analyst-oncall@cybercrime-analytics.local,False,2026-09-19T16:08:27.174634+00:00,dry_run=True
LOG-002883,ALT-DISP-01,SMS,SIMULATED_DELIVERED,+91-XXXXXXXXXX-LEA,True,2026-09-19T16:08:27.175236+00:00,
LOG-002884,ALT-DISP-01,SMS,SIMULATED_DELIVERED,+91-XXXXXXXXXX-I4C,True,2026-09-19T16:08:27.175236+00:00,
LOG-002885,ALT-DISP-01,WEBHOOK,SIMULATED_SENT,"LEA_PORTAL, BANK_FMS_SIMULATED",True,2026-09-19T16:08:27.175236+00:00,sev=HIGH score=68
LOG-002886,ALT-DISP-01,LOG,LOGGED,,False,2026-09-19T16:21:48.316202+00:00,dry_run=True
LOG-002887,ALT-DISP-01,EMAIL,DRY_RUN,analyst-oncall@cybercrime-analytics.local,False,2026-09-19T16:21:48.316202+00:00,dry_run=True
LOG-002888,ALT-DISP-01,SMS,SIMULATED_DELIVERED,+91-XXXXXXXXXX-LEA,True,2026-09-19T16:21:48.317203+00:00,
LOG-002889,ALT-DISP-01,SMS,SIMULATED_DELIVERED,+91-XXXXXXXXXX-I4C,True,2026-09-19T16:21:48.317203+00:00,
LOG-002890,ALT-DISP-01,WEBHOOK,SIMULATED_SENT,"LEA_PORTAL, BANK_FMS_SIMULATED",True,2026-09-19T16:21:48.317203+00:00,sev=HIGH score=68
