case_id,complaint_timestamp,victim_district,location_grid,crime_category_group,predicted_probability,risk_score,risk_category,operational_interpretation
CASE005933,2026-07-27 11:26:18,Mangaluru,12.91_74.86,INVESTMENT_SCAM,0.106474,11,LOW,Low predicted likelihood of a qualifying future withdrawal. Continue routine monitoring.
CASE003187,2026-07-27 11:26:40,Vellore,12.92_79.13,INVESTMENT_SCAM,0.246472,25,LOW,Low predicted likelihood of a qualifying future withdrawal. Continue routine monitoring.
CASE007883,2026-07-27 11:35:15,Mangaluru,12.91_74.86,INVESTMENT_SCAM,0.094887,9,LOW,Low predicted likelihood of a qualifying future withdrawal. Continue routine monitoring.
CASE005309,2026-07-27 11:58:26,Kalaburagi,17.33_76.83,SOCIAL_ENGINEERING,0.335671,34,LOW,Low predicted likelihood of a qualifying future withdrawal. Continue routine monitoring.
CASE008891,2026-07-27 12:11:05,Madurai,9.93_78.12,PAYMENT_FRAUD,0.233893,23,LOW,Low predicted likelihood of a qualifying future withdrawal. Continue routine monitoring.
CASE007683,2026-07-27 12:19:52,Vellore,12.92_79.13,INVESTMENT_SCAM,0.257922,26,LOW,Low predicted likelihood of a qualifying future withdrawal. Continue routine monitoring.
CASE002820,2026-07-27 12:33:02,Chennai,13.08_80.27,SOCIAL_ENGINEERING,0.271242,27,LOW,Low predicted likelihood of a qualifying future withdrawal. Continue routine monitoring.
CASE007672,2026-07-27 12:44:47,Tirunelveli,8.71_77.76,INVESTMENT_SCAM,0.217945,22,LOW,Low predicted likelihood of a qualifying future withdrawal. Continue routine monitoring.
CASE003483,2026-07-27 12:48:36,Kozhikode,11.26_75.78,CREDENTIAL_THEFT,0.303172,30,LOW,Low predicted likelihood of a qualifying future withdrawal. Continue routine monitoring.
CASE004025,2026-07-27 16:02:47,Kollam,8.89_76.61,PAYMENT_FRAUD,0.34,34,LOW,Low predicted likelihood of a qualifying future withdrawal. Continue routine monitoring.
CASE003630,2026-07-27 16:56:15,Erode,11.34_77.72,PAYMENT_FRAUD,0.487101,49,MODERATE,Moderate predicted likelihood. Consider enhanced monitoring by authorized analysts.
CASE009266,2026-07-27 16:56:51,Bengaluru Urban,12.97_77.59,CREDENTIAL_THEFT,0.425095,43,MODERATE,Moderate predicted likelihood. Consider enhanced monitoring by authorized analysts.
CASE003352,2026-07-27 18:23:28,Kollam,8.89_76.61,SOCIAL_ENGINEERING,0.243004,24,LOW,Low predicted likelihood of a qualifying future withdrawal. Continue routine monitoring.
CASE008605,2026-07-27 18:46:20,Tumakuru,13.34_77.1,CREDENTIAL_THEFT,0.408291,41,MODERATE,Moderate predicted likelihood. Consider enhanced monitoring by authorized analysts.
CASE009597,2026-07-27 19:29:50,Rajamahendravaram,16.99_81.78,PAYMENT_FRAUD,0.332842,33,LOW,Low predicted likelihood of a qualifying future withdrawal. Continue routine monitoring.
CASE001341,2026-07-27 20:10:28,Kottayam,9.59_76.52,CREDENTIAL_THEFT,0.379409,38,LOW,Low predicted likelihood of a qualifying future withdrawal. Continue routine monitoring.
CASE007856,2026-07-27 20:19:10,Guntur,16.31_80.44,INVESTMENT_SCAM,0.39693,40,MODERATE,Moderate predicted likelihood. Consider enhanced monitoring by authorized analysts.
CASE005797,2026-07-27 20:25:54,Mangaluru,12.91_74.86,INVESTMENT_SCAM,0.141771,14,LOW,Low predicted likelihood of a qualifying future withdrawal. Continue routine monitoring.
CASE000613,2026-07-27 21:07:27,Nellore,14.44_79.99,INVESTMENT_SCAM,0.389581,39,LOW,Low predicted likelihood of a qualifying future withdrawal. Continue routine monitoring.
CASE006147,2026-07-27 21:22:08,Tumakuru,13.34_77.1,PAYMENT_FRAUD,0.267965,27,LOW,Low predicted likelihood of a qualifying future withdrawal. Continue routine monitoring.
CASE000965,2026-07-27 21:47:27,Madurai,9.93_78.12,SOCIAL_ENGINEERING,0.30008,30,LOW,Low predicted likelihood of a qualifying future withdrawal. Continue routine monitoring.
CASE000554,2026-07-27 21:50:20,Mangaluru,12.91_74.86,PAYMENT_FRAUD,0.168111,17,LOW,Low predicted likelihood of a qualifying future withdrawal. Continue routine monitoring.
CASE008158,2026-07-27 22:00:19,Hubballi,15.36_75.12,PAYMENT_FRAUD,0.207961,21,LOW,Low predicted likelihood of a qualifying future withdrawal. Continue routine monitoring.
CASE001122,2026-07-27 22:40:27,Malappuram,11.05_76.07,PAYMENT_FRAUD,0.339939,34,LOW,Low predicted likelihood of a qualifying future withdrawal. Continue routine monitoring.
CASE007646,2026-07-27 23:00:37,Erode,11.34_77.72,CREDENTIAL_THEFT,0.257597,26,LOW,Low predicted likelihood of a qualifying future withdrawal. Continue routine monitoring.
CASE005424,2026-07-27 23:12:53,Shivamogga,13.93_75.57,CREDENTIAL_THEFT,0.348978,35,LOW,Low predicted likelihood of a qualifying future withdrawal. Continue routine monitoring.
CASE000340,2026-07-27 23:18:16,Kottayam,9.59_76.52,PAYMENT_FRAUD,0.262903,26,LOW,Low predicted likelihood of a qualifying future withdrawal. Continue routine monitoring.
CASE006660,2026-07-28 00:33:13,Tirupati,13.63_79.42,CREDENTIAL_THEFT,0.496927,50,MODERATE,Moderate predicted likelihood. Consider enhanced monitoring by authorized analysts.
CASE002238,2026-07-28 00:57:29,Guntur,16.31_80.44,CREDENTIAL_THEFT,0.415698,42,MODERATE,Moderate predicted likelihood. Consider enhanced monitoring by authorized analysts.
CASE000260,2026-07-28 00:57:46,Palakkad,10.79_76.65,CREDENTIAL_THEFT,0.425351,43,MODERATE,Moderate predicted likelihood. Consider enhanced monitoring by authorized analysts.
CASE002672,2026-07-28 01:48:43,Bengaluru Urban,12.97_77.59,SOCIAL_ENGINEERING,0.356752,36,LOW,Low predicted likelihood of a qualifying future withdrawal. Continue routine monitoring.
CASE004468,2026-07-28 02:06:52,Ernakulam,9.98_76.3,CREDENTIAL_THEFT,0.309573,31,LOW,Low predicted likelihood of a qualifying future withdrawal. Continue routine monitoring.
CASE004558,2026-07-28 02:22:31,Mysuru,12.3_76.64,PAYMENT_FRAUD,0.336828,34,LOW,Low predicted likelihood of a qualifying future withdrawal. Continue routine monitoring.
CASE002312,2026-07-28 02:30:57,Vijayawada,16.51_80.65,CREDENTIAL_THEFT,0.310883,31,LOW,Low predicted likelihood of a qualifying future withdrawal. Continue routine monitoring.
CASE008081,2026-07-28 02:43:55,Thrissur,10.53_76.21,PAYMENT_FRAUD,0.284386,28,LOW,Low predicted likelihood of a qualifying future withdrawal. Continue routine monitoring.
CASE002278,2026-07-28 04:03:23,Chennai,13.08_80.27,SOCIAL_ENGINEERING,0.221417,22,LOW,Low predicted likelihood of a qualifying future withdrawal. Continue routine monitoring.
CASE004177,2026-07-28 05:21:10,Dindigul,10.37_77.98,CREDENTIAL_THEFT,0.389879,39,LOW,Low predicted likelihood of a qualifying future withdrawal. Continue routine monitoring.
CASE003473,2026-07-28 05:34:35,Salem,11.66_78.15,PAYMENT_FRAUD,0.277662,28,LOW,Low predicted likelihood of a qualifying future withdrawal. Continue routine monitoring.
CASE008550,2026-07-28 05:53:58,Bengaluru Urban,12.97_77.59,CREDENTIAL_THEFT,0.255822,26,LOW,Low predicted likelihood of a qualifying future withdrawal. Continue routine monitoring.
CASE008785,2026-07-28 06:03:29,Shivamogga,13.93_75.57,PAYMENT_FRAUD,0.272399,27,LOW,Low predicted likelihood of a qualifying future withdrawal. Continue routine monitoring.
CASE003733,2026-07-28 06:46:48,Kakinada,16.99_82.25,CREDENTIAL_THEFT,0.288887,29,LOW,Low predicted likelihood of a qualifying future withdrawal. Continue routine monitoring.
CASE004490,2026-07-28 07:09:04,Ballari,15.14_76.92,PAYMENT_FRAUD,0.281908,28,LOW,Low predicted likelihood of a qualifying future withdrawal. Continue routine monitoring.
CASE002045,2026-07-28 07:16:33,Bengaluru Urban,12.97_77.59,CREDENTIAL_THEFT,0.302559,30,LOW,Low predicted likelihood of a qualifying future withdrawal. Continue routine monitoring.
CASE009943,2026-07-28 07:21:40,Vellore,12.92_79.13,PAYMENT_FRAUD,0.227445,23,LOW,Low predicted likelihood of a qualifying future withdrawal. Continue routine monitoring.
CASE003566,2026-07-28 07:33:22,Guntur,16.31_80.44,INVESTMENT_SCAM,0.274628,27,LOW,Low predicted likelihood of a qualifying future withdrawal. Continue routine monitoring.
CASE002715,2026-07-28 07:46:51,Tumakuru,13.34_77.1,PAYMENT_FRAUD,0.320395,32,LOW,Low predicted likelihood of a qualifying future withdrawal. Continue routine monitoring.
CASE006555,2026-07-28 08:24:22,Kalaburagi,17.33_76.83,PAYMENT_FRAUD,0.415648,42,MODERATE,Moderate predicted likelihood. Consider enhanced monitoring by authorized analysts.
CASE009676,2026-07-28 08:58:52,Rajamahendravaram,16.99_81.78,SOCIAL_ENGINEERING,0.252317,25,LOW,Low predicted likelihood of a qualifying future withdrawal. Continue routine monitoring.
CASE006235,2026-07-28 09:55:44,Hubballi,15.36_75.12,SOCIAL_ENGINEERING,0.385106,39,LOW,Low predicted likelihood of a qualifying future withdrawal. Continue routine monitoring.
CASE002504,2026-07-28 09:56:53,Anantapur,14.68_77.6,INVESTMENT_SCAM,0.362472,36,LOW,Low predicted likelihood of a qualifying future withdrawal. Continue routine monitoring.
CASE001947,2026-07-28 10:31:06,Bengaluru Urban,12.97_77.59,CREDENTIAL_THEFT,0.337162,34,LOW,Low predicted likelihood of a qualifying future withdrawal. Continue routine monitoring.
CASE005068,2026-07-28 10:42:11,Thiruvananthapuram,8.52_76.94,CREDENTIAL_THEFT,0.278444,28,LOW,Low predicted likelihood of a qualifying future withdrawal. Continue routine monitoring.
CASE002313,2026-07-28 11:10:57,Guntur,16.31_80.44,PAYMENT_FRAUD,0.396254,40,MODERATE,Moderate predicted likelihood. Consider enhanced monitoring by authorized analysts.
CASE008875,2026-07-28 12:55:53,Erode,11.34_77.72,SOCIAL_ENGINEERING,0.138541,14,LOW,Low predicted likelihood of a qualifying future withdrawal. Continue routine monitoring.
CASE001371,2026-07-28 13:41:45,Kalaburagi,17.33_76.83,CREDENTIAL_THEFT,0.438745,44,MODERATE,Moderate predicted likelihood. Consider enhanced monitoring by authorized analysts.
CASE003980,2026-07-28 14:53:56,Anantapur,14.68_77.6,INVESTMENT_SCAM,0.398695,40,MODERATE,Moderate predicted likelihood. Consider enhanced monitoring by authorized analysts.
CASE000383,2026-07-28 15:39:45,Dindigul,10.37_77.98,INVESTMENT_SCAM,0.158376,16,LOW,Low predicted likelihood of a qualifying future withdrawal. Continue routine monitoring.
CASE009157,2026-07-28 16:03:23,Alappuzha,9.5_76.34,INVESTMENT_SCAM,0.333143,33,LOW,Low predicted likelihood of a qualifying future withdrawal. Continue routine monitoring.
CASE006154,2026-07-28 16:41:01,Vijayawada,16.51_80.65,SOCIAL_ENGINEERING,0.293734,29,LOW,Low predicted likelihood of a qualifying future withdrawal. Continue routine monitoring.
CASE002256,2026-07-28 17:05:12,Vellore,12.92_79.13,PAYMENT_FRAUD,0.319651,32,LOW,Low predicted likelihood of a qualifying future withdrawal. Continue routine monitoring.
CASE001878,2026-07-28 17:19:10,Tiruchirappalli,10.79_78.7,CREDENTIAL_THEFT,0.366096,37,LOW,Low predicted likelihood of a qualifying future withdrawal. Continue routine monitoring.
CASE006360,2026-07-28 18:33:50,Kollam,8.89_76.61,CREDENTIAL_THEFT,0.423084,42,MODERATE,Moderate predicted likelihood. Consider enhanced monitoring by authorized analysts.
CASE008519,2026-07-28 19:13:08,Ballari,15.14_76.92,CREDENTIAL_THEFT,0.451374,45,MODERATE,Moderate predicted likelihood. Consider enhanced monitoring by authorized analysts.
CASE000797,2026-07-28 19:18:25,Thiruvananthapuram,8.52_76.94,PAYMENT_FRAUD,0.283605,28,LOW,Low predicted likelihood of a qualifying future withdrawal. Continue routine monitoring.
CASE003556,2026-07-28 19:35:58,Kollam,8.89_76.61,PAYMENT_FRAUD,0.36279,36,LOW,Low predicted likelihood of a qualifying future withdrawal. Continue routine monitoring.
CASE005843,2026-07-28 20:26:42,Erode,11.34_77.72,SOCIAL_ENGINEERING,0.369645,37,LOW,Low predicted likelihood of a qualifying future withdrawal. Continue routine monitoring.
CASE003973,2026-07-28 20:52:14,Kakinada,16.99_82.25,PAYMENT_FRAUD,0.360386,36,LOW,Low predicted likelihood of a qualifying future withdrawal. Continue routine monitoring.
CASE009222,2026-07-28 22:12:55,Thiruvananthapuram,8.52_76.94,INVESTMENT_SCAM,0.378107,38,LOW,Low predicted likelihood of a qualifying future withdrawal. Continue routine monitoring.
CASE004413,2026-07-28 22:41:40,Kottayam,9.59_76.52,PAYMENT_FRAUD,0.379166,38,LOW,Low predicted likelihood of a qualifying future withdrawal. Continue routine monitoring.
CASE000465,2026-07-28 22:46:58,Belagavi,15.85_74.5,CREDENTIAL_THEFT,0.323437,32,LOW,Low predicted likelihood of a qualifying future withdrawal. Continue routine monitoring.
CASE005454,2026-07-28 22:49:46,Bengaluru Urban,12.97_77.59,CREDENTIAL_THEFT,0.337743,34,LOW,Low predicted likelihood of a qualifying future withdrawal. Continue routine monitoring.
CASE002096,2026-07-28 23:27:53,Malappuram,11.05_76.07,INVESTMENT_SCAM,0.343318,34,LOW,Low predicted likelihood of a qualifying future withdrawal. Continue routine monitoring.
CASE002288,2026-07-29 01:09:30,Chennai,13.08_80.27,CREDENTIAL_THEFT,0.376715,38,LOW,Low predicted likelihood of a qualifying future withdrawal. Continue routine monitoring.
CASE006986,2026-07-29 01:20:00,Nellore,14.44_79.99,PAYMENT_FRAUD,0.447441,45,MODERATE,Moderate predicted likelihood. Consider enhanced monitoring by authorized analysts.
CASE003962,2026-07-29 02:16:01,Kadapa,14.47_78.82,PAYMENT_FRAUD,0.359081,36,LOW,Low predicted likelihood of a qualifying future withdrawal. Continue routine monitoring.
CASE004685,2026-07-29 02:22:12,Salem,11.66_78.15,SOCIAL_ENGINEERING,0.44635,45,MODERATE,Moderate predicted likelihood. Consider enhanced monitoring by authorized analysts.
CASE006298,2026-07-29 02:50:09,Visakhapatnam,17.69_83.22,SOCIAL_ENGINEERING,0.254017,25,LOW,Low predicted likelihood of a qualifying future withdrawal. Continue routine monitoring.
CASE007684,2026-07-29 03:46:00,Ernakulam,9.98_76.3,INVESTMENT_SCAM,0.374519,37,LOW,Low predicted likelihood of a qualifying future withdrawal. Continue routine monitoring.
CASE000398,2026-07-29 03:58:36,Palakkad,10.79_76.65,CREDENTIAL_THEFT,0.447173,45,MODERATE,Moderate predicted likelihood. Consider enhanced monitoring by authorized analysts.
CASE000704,2026-07-29 04:01:16,Malappuram,11.05_76.07,INVESTMENT_SCAM,0.314763,31,LOW,Low predicted likelihood of a qualifying future withdrawal. Continue routine monitoring.
CASE002557,2026-07-29 05:46:26,Kalaburagi,17.33_76.83,CREDENTIAL_THEFT,0.383163,38,LOW,Low predicted likelihood of a qualifying future withdrawal. Continue routine monitoring.
CASE003127,2026-07-29 06:32:35,Kakinada,16.99_82.25,SOCIAL_ENGINEERING,0.385353,39,LOW,Low predicted likelihood of a qualifying future withdrawal. Continue routine monitoring.
CASE001209,2026-07-29 06:42:11,Kurnool,15.83_78.04,PAYMENT_FRAUD,0.329458,33,LOW,Low predicted likelihood of a qualifying future withdrawal. Continue routine monitoring.
CASE009836,2026-07-29 07:38:08,Udupi,13.34_74.74,SOCIAL_ENGINEERING,0.310849,31,LOW,Low predicted likelihood of a qualifying future withdrawal. Continue routine monitoring.
CASE002804,2026-07-29 07:49:55,Kannur,11.87_75.37,INVESTMENT_SCAM,0.368059,37,LOW,Low predicted likelihood of a qualifying future withdrawal. Continue routine monitoring.
CASE009090,2026-07-29 07:52:06,Kozhikode,11.26_75.78,PAYMENT_FRAUD,0.221628,22,LOW,Low predicted likelihood of a qualifying future withdrawal. Continue routine monitoring.
CASE003446,2026-07-29 08:03:43,Thiruvananthapuram,8.52_76.94,INVESTMENT_SCAM,0.24473,24,LOW,Low predicted likelihood of a qualifying future withdrawal. Continue routine monitoring.
CASE004773,2026-07-29 08:24:48,Kalaburagi,17.33_76.83,PAYMENT_FRAUD,0.328726,33,LOW,Low predicted likelihood of a qualifying future withdrawal. Continue routine monitoring.
CASE004586,2026-07-29 11:45:18,Bengaluru Urban,12.97_77.59,CREDENTIAL_THEFT,0.30772,31,LOW,Low predicted likelihood of a qualifying future withdrawal. Continue routine monitoring.
CASE008474,2026-07-29 12:57:09,Kottayam,9.59_76.52,PAYMENT_FRAUD,0.323329,32,LOW,Low predicted likelihood of a qualifying future withdrawal. Continue routine monitoring.
CASE001260,2026-07-29 13:36:16,Mysuru,12.3_76.64,PAYMENT_FRAUD,0.351616,35,LOW,Low predicted likelihood of a qualifying future withdrawal. Continue routine monitoring.
CASE009623,2026-07-29 14:24:10,Palakkad,10.79_76.65,CREDENTIAL_THEFT,0.353099,35,LOW,Low predicted likelihood of a qualifying future withdrawal. Continue routine monitoring.
CASE006350,2026-07-29 14:45:49,Tumakuru,13.34_77.1,PAYMENT_FRAUD,0.36557,37,LOW,Low predicted likelihood of a qualifying future withdrawal. Continue routine monitoring.
CASE004302,2026-07-29 15:11:36,Salem,11.66_78.15,CREDENTIAL_THEFT,0.356487,36,LOW,Low predicted likelihood of a qualifying future withdrawal. Continue routine monitoring.
CASE005016,2026-07-29 15:23:00,Ballari,15.14_76.92,PAYMENT_FRAUD,0.282423,28,LOW,Low predicted likelihood of a qualifying future withdrawal. Continue routine monitoring.
CASE008813,2026-07-29 15:33:21,Madurai,9.93_78.12,PAYMENT_FRAUD,0.447301,45,MODERATE,Moderate predicted likelihood. Consider enhanced monitoring by authorized analysts.
CASE001143,2026-07-29 15:59:23,Kakinada,16.99_82.25,INVESTMENT_SCAM,0.481141,48,MODERATE,Moderate predicted likelihood. Consider enhanced monitoring by authorized analysts.
CASE008261,2026-07-29 16:50:43,Anantapur,14.68_77.6,PAYMENT_FRAUD,0.42845,43,MODERATE,Moderate predicted likelihood. Consider enhanced monitoring by authorized analysts.
CASE000867,2026-07-29 16:59:31,Tirupati,13.63_79.42,PAYMENT_FRAUD,0.353132,35,LOW,Low predicted likelihood of a qualifying future withdrawal. Continue routine monitoring.
CASE003562,2026-07-29 17:18:00,Kottayam,9.59_76.52,SOCIAL_ENGINEERING,0.28415,28,LOW,Low predicted likelihood of a qualifying future withdrawal. Continue routine monitoring.
CASE001939,2026-07-29 18:20:01,Rajamahendravaram,16.99_81.78,PAYMENT_FRAUD,0.490746,49,MODERATE,Moderate predicted likelihood. Consider enhanced monitoring by authorized analysts.
CASE004083,2026-07-29 19:13:39,Kalaburagi,17.33_76.83,INVESTMENT_SCAM,0.469895,47,MODERATE,Moderate predicted likelihood. Consider enhanced monitoring by authorized analysts.
CASE001554,2026-07-29 20:38:04,Mysuru,12.3_76.64,PAYMENT_FRAUD,0.467844,47,MODERATE,Moderate predicted likelihood. Consider enhanced monitoring by authorized analysts.
CASE000276,2026-07-29 20:44:29,Chennai,13.08_80.27,INVESTMENT_SCAM,0.409781,41,MODERATE,Moderate predicted likelihood. Consider enhanced monitoring by authorized analysts.
CASE002589,2026-07-29 22:44:10,Mysuru,12.3_76.64,PAYMENT_FRAUD,0.35501,36,LOW,Low predicted likelihood of a qualifying future withdrawal. Continue routine monitoring.
CASE006743,2026-07-30 00:25:20,Coimbatore,11.02_76.96,INVESTMENT_SCAM,0.444075,44,MODERATE,Moderate predicted likelihood. Consider enhanced monitoring by authorized analysts.
CASE008534,2026-07-30 00:45:12,Anantapur,14.68_77.6,CREDENTIAL_THEFT,0.390331,39,LOW,Low predicted likelihood of a qualifying future withdrawal. Continue routine monitoring.
CASE000632,2026-07-30 00:57:19,Nellore,14.44_79.99,INVESTMENT_SCAM,0.516342,52,MODERATE,Moderate predicted likelihood. Consider enhanced monitoring by authorized analysts.
CASE000646,2026-07-30 01:21:35,Thanjavur,10.79_79.14,PAYMENT_FRAUD,0.26983,27,LOW,Low predicted likelihood of a qualifying future withdrawal. Continue routine monitoring.
CASE004254,2026-07-30 02:16:04,Ballari,15.14_76.92,INVESTMENT_SCAM,0.300763,30,LOW,Low predicted likelihood of a qualifying future withdrawal. Continue routine monitoring.
CASE002544,2026-07-30 02:26:09,Kottayam,9.59_76.52,PAYMENT_FRAUD,0.423406,42,MODERATE,Moderate predicted likelihood. Consider enhanced monitoring by authorized analysts.
CASE001747,2026-07-30 02:26:24,Kottayam,9.59_76.52,CREDENTIAL_THEFT,0.31689,32,LOW,Low predicted likelihood of a qualifying future withdrawal. Continue routine monitoring.
CASE004294,2026-07-30 02:27:25,Nellore,14.44_79.99,PAYMENT_FRAUD,0.308212,31,LOW,Low predicted likelihood of a qualifying future withdrawal. Continue routine monitoring.
CASE000852,2026-07-30 04:29:08,Visakhapatnam,17.69_83.22,PAYMENT_FRAUD,0.460775,46,MODERATE,Moderate predicted likelihood. Consider enhanced monitoring by authorized analysts.
CASE009000,2026-07-30 04:43:32,Kannur,11.87_75.37,PAYMENT_FRAUD,0.436996,44,MODERATE,Moderate predicted likelihood. Consider enhanced monitoring by authorized analysts.
CASE006237,2026-07-30 05:00:31,Tumakuru,13.34_77.1,CREDENTIAL_THEFT,0.205314,21,LOW,Low predicted likelihood of a qualifying future withdrawal. Continue routine monitoring.
CASE005762,2026-07-30 05:17:08,Bengaluru Urban,12.97_77.59,CREDENTIAL_THEFT,0.265107,27,LOW,Low predicted likelihood of a qualifying future withdrawal. Continue routine monitoring.
CASE006488,2026-07-30 05:26:50,Thrissur,10.53_76.21,PAYMENT_FRAUD,0.326895,33,LOW,Low predicted likelihood of a qualifying future withdrawal. Continue routine monitoring.
CASE003123,2026-07-30 05:29:05,Anantapur,14.68_77.6,CREDENTIAL_THEFT,0.376043,38,LOW,Low predicted likelihood of a qualifying future withdrawal. Continue routine monitoring.
CASE001109,2026-07-30 05:29:13,Kakinada,16.99_82.25,INVESTMENT_SCAM,0.388467,39,LOW,Low predicted likelihood of a qualifying future withdrawal. Continue routine monitoring.
CASE008784,2026-07-30 05:54:29,Udupi,13.34_74.74,PAYMENT_FRAUD,0.241275,24,LOW,Low predicted likelihood of a qualifying future withdrawal. Continue routine monitoring.
CASE009686,2026-07-30 06:32:05,Erode,11.34_77.72,PAYMENT_FRAUD,0.209447,21,LOW,Low predicted likelihood of a qualifying future withdrawal. Continue routine monitoring.
CASE007524,2026-07-30 07:35:28,Madurai,9.93_78.12,CREDENTIAL_THEFT,0.344633,34,LOW,Low predicted likelihood of a qualifying future withdrawal. Continue routine monitoring.
CASE006578,2026-07-30 08:26:12,Thiruvananthapuram,8.52_76.94,PAYMENT_FRAUD,0.38387,38,LOW,Low predicted likelihood of a qualifying future withdrawal. Continue routine monitoring.
CASE003021,2026-07-30 09:43:45,Ernakulam,9.98_76.3,SOCIAL_ENGINEERING,0.31015,31,LOW,Low predicted likelihood of a qualifying future withdrawal. Continue routine monitoring.
CASE004034,2026-07-30 10:09:14,Kurnool,15.83_78.04,CREDENTIAL_THEFT,0.422541,42,MODERATE,Moderate predicted likelihood. Consider enhanced monitoring by authorized analysts.
CASE000654,2026-07-30 10:10:46,Shivamogga,13.93_75.57,CREDENTIAL_THEFT,0.265055,27,LOW,Low predicted likelihood of a qualifying future withdrawal. Continue routine monitoring.
CASE002441,2026-07-30 10:19:45,Salem,11.66_78.15,CREDENTIAL_THEFT,0.274437,27,LOW,Low predicted likelihood of a qualifying future withdrawal. Continue routine monitoring.
CASE005360,2026-07-30 10:45:27,Nellore,14.44_79.99,SOCIAL_ENGINEERING,0.38048,38,LOW,Low predicted likelihood of a qualifying future withdrawal. Continue routine monitoring.
CASE007303,2026-07-30 11:31:16,Thiruvananthapuram,8.52_76.94,CREDENTIAL_THEFT,0.38171,38,LOW,Low predicted likelihood of a qualifying future withdrawal. Continue routine monitoring.
CASE003404,2026-07-30 12:21:41,Bengaluru Urban,12.97_77.59,CREDENTIAL_THEFT,0.402843,40,MODERATE,Moderate predicted likelihood. Consider enhanced monitoring by authorized analysts.
CASE004991,2026-07-30 13:14:50,Dindigul,10.37_77.98,PAYMENT_FRAUD,0.347613,35,LOW,Low predicted likelihood of a qualifying future withdrawal. Continue routine monitoring.
CASE001536,2026-07-30 13:17:21,Rajamahendravaram,16.99_81.78,PAYMENT_FRAUD,0.403861,40,MODERATE,Moderate predicted likelihood. Consider enhanced monitoring by authorized analysts.
CASE003867,2026-07-30 13:42:09,Kurnool,15.83_78.04,PAYMENT_FRAUD,0.423462,42,MODERATE,Moderate predicted likelihood. Consider enhanced monitoring by authorized analysts.
CASE009256,2026-07-30 14:32:49,Malappuram,11.05_76.07,PAYMENT_FRAUD,0.309793,31,LOW,Low predicted likelihood of a qualifying future withdrawal. Continue routine monitoring.
CASE006728,2026-07-30 14:33:22,Madurai,9.93_78.12,CREDENTIAL_THEFT,0.357659,36,LOW,Low predicted likelihood of a qualifying future withdrawal. Continue routine monitoring.
CASE000755,2026-07-30 14:47:44,Guntur,16.31_80.44,PAYMENT_FRAUD,0.39313,39,LOW,Low predicted likelihood of a qualifying future withdrawal. Continue routine monitoring.
CASE008247,2026-07-30 15:21:21,Vijayawada,16.51_80.65,INVESTMENT_SCAM,0.330714,33,LOW,Low predicted likelihood of a qualifying future withdrawal. Continue routine monitoring.
CASE003731,2026-07-30 15:47:19,Tumakuru,13.34_77.1,CREDENTIAL_THEFT,0.425591,43,MODERATE,Moderate predicted likelihood. Consider enhanced monitoring by authorized analysts.
CASE006403,2026-07-30 15:47:21,Nellore,14.44_79.99,CREDENTIAL_THEFT,0.243984,24,LOW,Low predicted likelihood of a qualifying future withdrawal. Continue routine monitoring.
CASE004323,2026-07-30 15:50:53,Alappuzha,9.5_76.34,PAYMENT_FRAUD,0.339157,34,LOW,Low predicted likelihood of a qualifying future withdrawal. Continue routine monitoring.
CASE004043,2026-07-30 17:16:06,Udupi,13.34_74.74,SOCIAL_ENGINEERING,0.266846,27,LOW,Low predicted likelihood of a qualifying future withdrawal. Continue routine monitoring.
CASE007199,2026-07-30 17:35:13,Palakkad,10.79_76.65,CREDENTIAL_THEFT,0.365178,37,LOW,Low predicted likelihood of a qualifying future withdrawal. Continue routine monitoring.
CASE007087,2026-07-30 18:08:23,Coimbatore,11.02_76.96,PAYMENT_FRAUD,0.322603,32,LOW,Low predicted likelihood of a qualifying future withdrawal. Continue routine monitoring.
CASE005097,2026-07-30 18:22:25,Belagavi,15.85_74.5,PAYMENT_FRAUD,0.358534,36,LOW,Low predicted likelihood of a qualifying future withdrawal. Continue routine monitoring.
CASE002113,2026-07-30 18:59:02,Palakkad,10.79_76.65,PAYMENT_FRAUD,0.318622,32,LOW,Low predicted likelihood of a qualifying future withdrawal. Continue routine monitoring.
CASE007061,2026-07-30 19:38:00,Rajamahendravaram,16.99_81.78,PAYMENT_FRAUD,0.266322,27,LOW,Low predicted likelihood of a qualifying future withdrawal. Continue routine monitoring.
CASE005405,2026-07-30 20:03:08,Belagavi,15.85_74.5,CREDENTIAL_THEFT,0.334427,33,LOW,Low predicted likelihood of a qualifying future withdrawal. Continue routine monitoring.
CASE000481,2026-07-30 20:10:35,Tirunelveli,8.71_77.76,INVESTMENT_SCAM,0.375644,38,LOW,Low predicted likelihood of a qualifying future withdrawal. Continue routine monitoring.
CASE003286,2026-07-30 20:46:34,Mysuru,12.3_76.64,PAYMENT_FRAUD,0.269988,27,LOW,Low predicted likelihood of a qualifying future withdrawal. Continue routine monitoring.
CASE007648,2026-07-30 20:52:56,Bengaluru Urban,12.97_77.59,INVESTMENT_SCAM,0.314528,31,LOW,Low predicted likelihood of a qualifying future withdrawal. Continue routine monitoring.
CASE005409,2026-07-30 21:43:47,Thanjavur,10.79_79.14,PAYMENT_FRAUD,0.395473,40,MODERATE,Moderate predicted likelihood. Consider enhanced monitoring by authorized analysts.
CASE002397,2026-07-30 22:12:44,Ballari,15.14_76.92,CREDENTIAL_THEFT,0.236456,24,LOW,Low predicted likelihood of a qualifying future withdrawal. Continue routine monitoring.
CASE009461,2026-07-30 22:14:19,Vellore,12.92_79.13,CREDENTIAL_THEFT,0.266256,27,LOW,Low predicted likelihood of a qualifying future withdrawal. Continue routine monitoring.
CASE002191,2026-07-30 23:00:44,Tirunelveli,8.71_77.76,CREDENTIAL_THEFT,0.175189,18,LOW,Low predicted likelihood of a qualifying future withdrawal. Continue routine monitoring.
CASE008844,2026-07-31 00:06:14,Ballari,15.14_76.92,PAYMENT_FRAUD,0.27128,27,LOW,Low predicted likelihood of a qualifying future withdrawal. Continue routine monitoring.
CASE002487,2026-07-31 00:09:57,Kurnool,15.83_78.04,PAYMENT_FRAUD,0.315594,32,LOW,Low predicted likelihood of a qualifying future withdrawal. Continue routine monitoring.
CASE004780,2026-07-31 00:46:35,Visakhapatnam,17.69_83.22,CREDENTIAL_THEFT,0.292168,29,LOW,Low predicted likelihood of a qualifying future withdrawal. Continue routine monitoring.
CASE000432,2026-07-31 00:50:00,Kalaburagi,17.33_76.83,CREDENTIAL_THEFT,0.292736,29,LOW,Low predicted likelihood of a qualifying future withdrawal. Continue routine monitoring.
CASE009243,2026-07-31 00:59:39,Malappuram,11.05_76.07,PAYMENT_FRAUD,0.110985,11,LOW,Low predicted likelihood of a qualifying future withdrawal. Continue routine monitoring.
CASE007822,2026-07-31 01:53:48,Ballari,15.14_76.92,CREDENTIAL_THEFT,0.267796,27,LOW,Low predicted likelihood of a qualifying future withdrawal. Continue routine monitoring.
CASE000729,2026-07-31 02:22:01,Mangaluru,12.91_74.86,CREDENTIAL_THEFT,0.114392,11,LOW,Low predicted likelihood of a qualifying future withdrawal. Continue routine monitoring.
CASE000094,2026-07-31 02:25:20,Vijayawada,16.51_80.65,INVESTMENT_SCAM,0.338572,34,LOW,Low predicted likelihood of a qualifying future withdrawal. Continue routine monitoring.
CASE000078,2026-07-31 02:25:37,Kurnool,15.83_78.04,PAYMENT_FRAUD,0.289791,29,LOW,Low predicted likelihood of a qualifying future withdrawal. Continue routine monitoring.
CASE001977,2026-07-31 02:58:50,Thrissur,10.53_76.21,INVESTMENT_SCAM,0.271303,27,LOW,Low predicted likelihood of a qualifying future withdrawal. Continue routine monitoring.
CASE002069,2026-07-31 03:31:09,Vijayawada,16.51_80.65,PAYMENT_FRAUD,0.255918,26,LOW,Low predicted likelihood of a qualifying future withdrawal. Continue routine monitoring.
CASE009959,2026-07-31 04:14:24,Kannur,11.87_75.37,SOCIAL_ENGINEERING,0.41189,41,MODERATE,Moderate predicted likelihood. Consider enhanced monitoring by authorized analysts.
CASE009980,2026-07-31 05:04:45,Ballari,15.14_76.92,CREDENTIAL_THEFT,0.288076,29,LOW,Low predicted likelihood of a qualifying future withdrawal. Continue routine monitoring.
CASE000016,2026-07-31 05:06:40,Visakhapatnam,17.69_83.22,CREDENTIAL_THEFT,0.226879,23,LOW,Low predicted likelihood of a qualifying future withdrawal. Continue routine monitoring.
CASE007133,2026-07-31 05:46:11,Tumakuru,13.34_77.1,CREDENTIAL_THEFT,0.336824,34,LOW,Low predicted likelihood of a qualifying future withdrawal. Continue routine monitoring.
CASE006611,2026-07-31 06:23:30,Thiruvananthapuram,8.52_76.94,SOCIAL_ENGINEERING,0.203062,20,LOW,Low predicted likelihood of a qualifying future withdrawal. Continue routine monitoring.
CASE008330,2026-07-31 06:44:40,Mangaluru,12.91_74.86,CREDENTIAL_THEFT,0.201428,20,LOW,Low predicted likelihood of a qualifying future withdrawal. Continue routine monitoring.
CASE003167,2026-07-31 07:15:05,Shivamogga,13.93_75.57,PAYMENT_FRAUD,0.242148,24,LOW,Low predicted likelihood of a qualifying future withdrawal. Continue routine monitoring.
CASE001632,2026-07-31 08:00:21,Vellore,12.92_79.13,INVESTMENT_SCAM,0.223388,22,LOW,Low predicted likelihood of a qualifying future withdrawal. Continue routine monitoring.
CASE009975,2026-07-31 08:15:09,Kalaburagi,17.33_76.83,PAYMENT_FRAUD,0.355921,36,LOW,Low predicted likelihood of a qualifying future withdrawal. Continue routine monitoring.
CASE005900,2026-07-31 09:51:05,Bengaluru Urban,12.97_77.59,INVESTMENT_SCAM,0.347058,35,LOW,Low predicted likelihood of a qualifying future withdrawal. Continue routine monitoring.
CASE003111,2026-07-31 09:51:42,Bengaluru Urban,12.97_77.59,CREDENTIAL_THEFT,0.34602,35,LOW,Low predicted likelihood of a qualifying future withdrawal. Continue routine monitoring.
CASE006430,2026-07-31 09:55:32,Tiruchirappalli,10.79_78.7,PAYMENT_FRAUD,0.272572,27,LOW,Low predicted likelihood of a qualifying future withdrawal. Continue routine monitoring.
CASE007369,2026-07-31 10:19:37,Tumakuru,13.34_77.1,CREDENTIAL_THEFT,0.276755,28,LOW,Low predicted likelihood of a qualifying future withdrawal. Continue routine monitoring.
CASE006080,2026-07-31 10:33:49,Mysuru,12.3_76.64,PAYMENT_FRAUD,0.163645,16,LOW,Low predicted likelihood of a qualifying future withdrawal. Continue routine monitoring.
CASE005233,2026-07-31 12:17:39,Rajamahendravaram,16.99_81.78,PAYMENT_FRAUD,0.268351,27,LOW,Low predicted likelihood of a qualifying future withdrawal. Continue routine monitoring.
CASE003300,2026-07-31 12:37:29,Visakhapatnam,17.69_83.22,CREDENTIAL_THEFT,0.301816,30,LOW,Low predicted likelihood of a qualifying future withdrawal. Continue routine monitoring.
CASE004537,2026-07-31 12:39:08,Malappuram,11.05_76.07,PAYMENT_FRAUD,0.306089,31,LOW,Low predicted likelihood of a qualifying future withdrawal. Continue routine monitoring.
CASE005315,2026-07-31 13:25:14,Shivamogga,13.93_75.57,CREDENTIAL_THEFT,0.272348,27,LOW,Low predicted likelihood of a qualifying future withdrawal. Continue routine monitoring.
CASE001699,2026-07-31 14:17:35,Vellore,12.92_79.13,PAYMENT_FRAUD,0.152593,15,LOW,Low predicted likelihood of a qualifying future withdrawal. Continue routine monitoring.
CASE004932,2026-07-31 14:59:11,Kannur,11.87_75.37,CREDENTIAL_THEFT,0.300332,30,LOW,Low predicted likelihood of a qualifying future withdrawal. Continue routine monitoring.
CASE007081,2026-07-31 15:35:27,Kannur,11.87_75.37,INVESTMENT_SCAM,0.286719,29,LOW,Low predicted likelihood of a qualifying future withdrawal. Continue routine monitoring.
CASE009548,2026-07-31 15:57:03,Thanjavur,10.79_79.14,INVESTMENT_SCAM,0.227577,23,LOW,Low predicted likelihood of a qualifying future withdrawal. Continue routine monitoring.
CASE000266,2026-07-31 16:34:37,Kadapa,14.47_78.82,CREDENTIAL_THEFT,0.183161,18,LOW,Low predicted likelihood of a qualifying future withdrawal. Continue routine monitoring.
CASE008978,2026-07-31 16:48:06,Udupi,13.34_74.74,PAYMENT_FRAUD,0.242737,24,LOW,Low predicted likelihood of a qualifying future withdrawal. Continue routine monitoring.
CASE003523,2026-07-31 17:00:10,Thanjavur,10.79_79.14,CREDENTIAL_THEFT,0.242432,24,LOW,Low predicted likelihood of a qualifying future withdrawal. Continue routine monitoring.
CASE007965,2026-07-31 17:00:21,Madurai,9.93_78.12,SOCIAL_ENGINEERING,0.185317,19,LOW,Low predicted likelihood of a qualifying future withdrawal. Continue routine monitoring.
CASE002547,2026-07-31 18:41:49,Shivamogga,13.93_75.57,CREDENTIAL_THEFT,0.401179,40,MODERATE,Moderate predicted likelihood. Consider enhanced monitoring by authorized analysts.
CASE002882,2026-07-31 18:58:11,Bengaluru Urban,12.97_77.59,SOCIAL_ENGINEERING,0.263694,26,LOW,Low predicted likelihood of a qualifying future withdrawal. Continue routine monitoring.
CASE008571,2026-07-31 19:03:38,Rajamahendravaram,16.99_81.78,CREDENTIAL_THEFT,0.208486,21,LOW,Low predicted likelihood of a qualifying future withdrawal. Continue routine monitoring.
CASE008220,2026-07-31 19:58:40,Thanjavur,10.79_79.14,SOCIAL_ENGINEERING,0.288632,29,LOW,Low predicted likelihood of a qualifying future withdrawal. Continue routine monitoring.
CASE003129,2026-07-31 20:32:21,Mangaluru,12.91_74.86,INVESTMENT_SCAM,0.103081,10,LOW,Low predicted likelihood of a qualifying future withdrawal. Continue routine monitoring.
CASE004443,2026-07-31 21:45:30,Ernakulam,9.98_76.3,SOCIAL_ENGINEERING,0.317291,32,LOW,Low predicted likelihood of a qualifying future withdrawal. Continue routine monitoring.
CASE003967,2026-07-31 22:17:54,Anantapur,14.68_77.6,INVESTMENT_SCAM,0.315152,32,LOW,Low predicted likelihood of a qualifying future withdrawal. Continue routine monitoring.
CASE003081,2026-07-31 22:29:09,Vellore,12.92_79.13,SOCIAL_ENGINEERING,0.289556,29,LOW,Low predicted likelihood of a qualifying future withdrawal. Continue routine monitoring.
CASE001410,2026-07-31 22:32:43,Kadapa,14.47_78.82,PAYMENT_FRAUD,0.261712,26,LOW,Low predicted likelihood of a qualifying future withdrawal. Continue routine monitoring.
CASE000546,2026-07-31 23:54:29,Kannur,11.87_75.37,CREDENTIAL_THEFT,0.396362,40,MODERATE,Moderate predicted likelihood. Consider enhanced monitoring by authorized analysts.
CASE002684,2026-08-01 00:37:48,Thrissur,10.53_76.21,SOCIAL_ENGINEERING,0.291559,29,LOW,Low predicted likelihood of a qualifying future withdrawal. Continue routine monitoring.
CASE005039,2026-08-01 01:36:04,Chennai,13.08_80.27,SOCIAL_ENGINEERING,0.436191,44,MODERATE,Moderate predicted likelihood. Consider enhanced monitoring by authorized analysts.
CASE003476,2026-08-01 02:36:28,Kannur,11.87_75.37,PAYMENT_FRAUD,0.481423,48,MODERATE,Moderate predicted likelihood. Consider enhanced monitoring by authorized analysts.
CASE003471,2026-08-01 02:50:58,Bengaluru Urban,12.97_77.59,INVESTMENT_SCAM,0.426571,43,MODERATE,Moderate predicted likelihood. Consider enhanced monitoring by authorized analysts.
CASE000758,2026-08-01 03:33:20,Kurnool,15.83_78.04,INVESTMENT_SCAM,0.464176,46,MODERATE,Moderate predicted likelihood. Consider enhanced monitoring by authorized analysts.
CASE002562,2026-08-01 03:54:59,Tirunelveli,8.71_77.76,PAYMENT_FRAUD,0.273724,27,LOW,Low predicted likelihood of a qualifying future withdrawal. Continue routine monitoring.
CASE008413,2026-08-01 06:01:13,Thiruvananthapuram,8.52_76.94,CREDENTIAL_THEFT,0.367843,37,LOW,Low predicted likelihood of a qualifying future withdrawal. Continue routine monitoring.
CASE001394,2026-08-01 06:05:04,Salem,11.66_78.15,PAYMENT_FRAUD,0.443654,44,MODERATE,Moderate predicted likelihood. Consider enhanced monitoring by authorized analysts.
CASE007688,2026-08-01 07:01:47,Kannur,11.87_75.37,INVESTMENT_SCAM,0.345123,35,LOW,Low predicted likelihood of a qualifying future withdrawal. Continue routine monitoring.
CASE002439,2026-08-01 08:38:47,Kollam,8.89_76.61,PAYMENT_FRAUD,0.335295,34,LOW,Low predicted likelihood of a qualifying future withdrawal. Continue routine monitoring.
CASE002074,2026-08-01 10:12:24,Hubballi,15.36_75.12,PAYMENT_FRAUD,0.394518,39,LOW,Low predicted likelihood of a qualifying future withdrawal. Continue routine monitoring.
CASE005594,2026-08-01 11:46:59,Thiruvananthapuram,8.52_76.94,PAYMENT_FRAUD,0.280409,28,LOW,Low predicted likelihood of a qualifying future withdrawal. Continue routine monitoring.
CASE008063,2026-08-01 11:56:32,Tiruchirappalli,10.79_78.7,PAYMENT_FRAUD,0.393343,39,LOW,Low predicted likelihood of a qualifying future withdrawal. Continue routine monitoring.
CASE003201,2026-08-01 12:03:08,Tirupati,13.63_79.42,SOCIAL_ENGINEERING,0.30121,30,LOW,Low predicted likelihood of a qualifying future withdrawal. Continue routine monitoring.
CASE005785,2026-08-01 12:05:51,Malappuram,11.05_76.07,CREDENTIAL_THEFT,0.431734,43,MODERATE,Moderate predicted likelihood. Consider enhanced monitoring by authorized analysts.
CASE004225,2026-08-01 12:07:21,Nellore,14.44_79.99,SOCIAL_ENGINEERING,0.391909,39,LOW,Low predicted likelihood of a qualifying future withdrawal. Continue routine monitoring.
CASE003542,2026-08-01 12:44:38,Rajamahendravaram,16.99_81.78,CREDENTIAL_THEFT,0.35739,36,LOW,Low predicted likelihood of a qualifying future withdrawal. Continue routine monitoring.
CASE009050,2026-08-01 13:03:10,Tiruchirappalli,10.79_78.7,CREDENTIAL_THEFT,0.385206,39,LOW,Low predicted likelihood of a qualifying future withdrawal. Continue routine monitoring.
CASE001034,2026-08-01 14:28:18,Visakhapatnam,17.69_83.22,PAYMENT_FRAUD,0.308865,31,LOW,Low predicted likelihood of a qualifying future withdrawal. Continue routine monitoring.
CASE000284,2026-08-01 15:13:02,Alappuzha,9.5_76.34,SOCIAL_ENGINEERING,0.393582,39,LOW,Low predicted likelihood of a qualifying future withdrawal. Continue routine monitoring.
CASE009133,2026-08-01 16:58:38,Kottayam,9.59_76.52,SOCIAL_ENGINEERING,0.400479,40,MODERATE,Moderate predicted likelihood. Consider enhanced monitoring by authorized analysts.
CASE004970,2026-08-01 18:01:01,Tiruchirappalli,10.79_78.7,CREDENTIAL_THEFT,0.571204,57,MODERATE,Moderate predicted likelihood. Consider enhanced monitoring by authorized analysts.
CASE009102,2026-08-01 18:09:13,Hubballi,15.36_75.12,CREDENTIAL_THEFT,0.423602,42,MODERATE,Moderate predicted likelihood. Consider enhanced monitoring by authorized analysts.
CASE003460,2026-08-01 18:20:50,Malappuram,11.05_76.07,CREDENTIAL_THEFT,0.199934,20,LOW,Low predicted likelihood of a qualifying future withdrawal. Continue routine monitoring.
CASE004027,2026-08-01 18:55:34,Tiruchirappalli,10.79_78.7,PAYMENT_FRAUD,0.551502,55,MODERATE,Moderate predicted likelihood. Consider enhanced monitoring by authorized analysts.
CASE006939,2026-08-01 19:30:55,Anantapur,14.68_77.6,CREDENTIAL_THEFT,0.468331,47,MODERATE,Moderate predicted likelihood. Consider enhanced monitoring by authorized analysts.
CASE008642,2026-08-01 19:55:01,Guntur,16.31_80.44,CREDENTIAL_THEFT,0.474542,47,MODERATE,Moderate predicted likelihood. Consider enhanced monitoring by authorized analysts.
CASE000283,2026-08-01 20:19:42,Nellore,14.44_79.99,SOCIAL_ENGINEERING,0.37081,37,LOW,Low predicted likelihood of a qualifying future withdrawal. Continue routine monitoring.
CASE003311,2026-08-01 21:27:29,Kurnool,15.83_78.04,CREDENTIAL_THEFT,0.381667,38,LOW,Low predicted likelihood of a qualifying future withdrawal. Continue routine monitoring.
CASE003775,2026-08-01 22:18:56,Thiruvananthapuram,8.52_76.94,INVESTMENT_SCAM,0.395175,40,MODERATE,Moderate predicted likelihood. Consider enhanced monitoring by authorized analysts.
CASE009944,2026-08-01 22:37:33,Kurnool,15.83_78.04,INVESTMENT_SCAM,0.321719,32,LOW,Low predicted likelihood of a qualifying future withdrawal. Continue routine monitoring.
CASE007657,2026-08-01 23:44:12,Chennai,13.08_80.27,CREDENTIAL_THEFT,0.347053,35,LOW,Low predicted likelihood of a qualifying future withdrawal. Continue routine monitoring.
CASE006271,2026-08-01 23:47:45,Tumakuru,13.34_77.1,CREDENTIAL_THEFT,0.369884,37,LOW,Low predicted likelihood of a qualifying future withdrawal. Continue routine monitoring.
CASE004576,2026-08-02 00:53:54,Thrissur,10.53_76.21,PAYMENT_FRAUD,0.349825,35,LOW,Low predicted likelihood of a qualifying future withdrawal. Continue routine monitoring.
CASE001240,2026-08-02 01:23:47,Visakhapatnam,17.69_83.22,CREDENTIAL_THEFT,0.414941,41,MODERATE,Moderate predicted likelihood. Consider enhanced monitoring by authorized analysts.
CASE001829,2026-08-02 01:51:53,Anantapur,14.68_77.6,CREDENTIAL_THEFT,0.509888,51,MODERATE,Moderate predicted likelihood. Consider enhanced monitoring by authorized analysts.
CASE004393,2026-08-02 03:49:36,Erode,11.34_77.72,PAYMENT_FRAUD,0.441953,44,MODERATE,Moderate predicted likelihood. Consider enhanced monitoring by authorized analysts.
CASE007220,2026-08-02 04:28:10,Hubballi,15.36_75.12,SOCIAL_ENGINEERING,0.317569,32,LOW,Low predicted likelihood of a qualifying future withdrawal. Continue routine monitoring.
CASE008800,2026-08-02 05:29:37,Vijayawada,16.51_80.65,CREDENTIAL_THEFT,0.470467,47,MODERATE,Moderate predicted likelihood. Consider enhanced monitoring by authorized analysts.
CASE003826,2026-08-02 05:34:50,Erode,11.34_77.72,PAYMENT_FRAUD,0.42717,43,MODERATE,Moderate predicted likelihood. Consider enhanced monitoring by authorized analysts.
CASE002384,2026-08-02 05:47:03,Tirunelveli,8.71_77.76,INVESTMENT_SCAM,0.431818,43,MODERATE,Moderate predicted likelihood. Consider enhanced monitoring by authorized analysts.
CASE007412,2026-08-02 06:10:14,Chennai,13.08_80.27,SOCIAL_ENGINEERING,0.266316,27,LOW,Low predicted likelihood of a qualifying future withdrawal. Continue routine monitoring.
CASE006824,2026-08-02 06:42:48,Ballari,15.14_76.92,CREDENTIAL_THEFT,0.250036,25,LOW,Low predicted likelihood of a qualifying future withdrawal. Continue routine monitoring.
CASE003499,2026-08-02 07:59:33,Belagavi,15.85_74.5,PAYMENT_FRAUD,0.3659,37,LOW,Low predicted likelihood of a qualifying future withdrawal. Continue routine monitoring.
CASE000239,2026-08-02 08:13:58,Palakkad,10.79_76.65,SOCIAL_ENGINEERING,0.376613,38,LOW,Low predicted likelihood of a qualifying future withdrawal. Continue routine monitoring.
CASE009762,2026-08-02 09:19:29,Thrissur,10.53_76.21,CREDENTIAL_THEFT,0.450113,45,MODERATE,Moderate predicted likelihood. Consider enhanced monitoring by authorized analysts.
CASE000309,2026-08-02 09:21:49,Mysuru,12.3_76.64,CREDENTIAL_THEFT,0.290954,29,LOW,Low predicted likelihood of a qualifying future withdrawal. Continue routine monitoring.
CASE009385,2026-08-02 10:16:20,Ballari,15.14_76.92,SOCIAL_ENGINEERING,0.274172,27,LOW,Low predicted likelihood of a qualifying future withdrawal. Continue routine monitoring.
CASE006417,2026-08-02 10:37:24,Madurai,9.93_78.12,PAYMENT_FRAUD,0.330369,33,LOW,Low predicted likelihood of a qualifying future withdrawal. Continue routine monitoring.
CASE003267,2026-08-02 10:49:06,Mysuru,12.3_76.64,CREDENTIAL_THEFT,0.353782,35,LOW,Low predicted likelihood of a qualifying future withdrawal. Continue routine monitoring.
CASE005657,2026-08-02 11:39:35,Kannur,11.87_75.37,CREDENTIAL_THEFT,0.56394,56,MODERATE,Moderate predicted likelihood. Consider enhanced monitoring by authorized analysts.
CASE006462,2026-08-02 13:16:40,Tumakuru,13.34_77.1,CREDENTIAL_THEFT,0.395756,40,MODERATE,Moderate predicted likelihood. Consider enhanced monitoring by authorized analysts.
CASE005567,2026-08-02 13:51:40,Madurai,9.93_78.12,CREDENTIAL_THEFT,0.366113,37,LOW,Low predicted likelihood of a qualifying future withdrawal. Continue routine monitoring.
CASE003864,2026-08-02 14:01:04,Thanjavur,10.79_79.14,PAYMENT_FRAUD,0.341856,34,LOW,Low predicted likelihood of a qualifying future withdrawal. Continue routine monitoring.
CASE006862,2026-08-02 15:03:19,Chennai,13.08_80.27,CREDENTIAL_THEFT,0.322945,32,LOW,Low predicted likelihood of a qualifying future withdrawal. Continue routine monitoring.
CASE003266,2026-08-02 15:16:27,Rajamahendravaram,16.99_81.78,SOCIAL_ENGINEERING,0.399063,40,MODERATE,Moderate predicted likelihood. Consider enhanced monitoring by authorized analysts.
CASE003881,2026-08-02 15:34:03,Belagavi,15.85_74.5,CREDENTIAL_THEFT,0.482621,48,MODERATE,Moderate predicted likelihood. Consider enhanced monitoring by authorized analysts.
CASE008827,2026-08-02 15:53:04,Coimbatore,11.02_76.96,CREDENTIAL_THEFT,0.391281,39,LOW,Low predicted likelihood of a qualifying future withdrawal. Continue routine monitoring.
CASE009578,2026-08-02 17:42:36,Thanjavur,10.79_79.14,PAYMENT_FRAUD,0.404076,40,MODERATE,Moderate predicted likelihood. Consider enhanced monitoring by authorized analysts.
CASE009643,2026-08-02 18:05:29,Udupi,13.34_74.74,PAYMENT_FRAUD,0.324817,32,LOW,Low predicted likelihood of a qualifying future withdrawal. Continue routine monitoring.
CASE000945,2026-08-02 18:08:02,Kottayam,9.59_76.52,PAYMENT_FRAUD,0.329585,33,LOW,Low predicted likelihood of a qualifying future withdrawal. Continue routine monitoring.
CASE009610,2026-08-02 18:18:38,Nellore,14.44_79.99,CREDENTIAL_THEFT,0.361531,36,LOW,Low predicted likelihood of a qualifying future withdrawal. Continue routine monitoring.
CASE001513,2026-08-02 19:13:38,Anantapur,14.68_77.6,PAYMENT_FRAUD,0.545175,55,MODERATE,Moderate predicted likelihood. Consider enhanced monitoring by authorized analysts.
CASE008057,2026-08-02 19:43:55,Salem,11.66_78.15,PAYMENT_FRAUD,0.302211,30,LOW,Low predicted likelihood of a qualifying future withdrawal. Continue routine monitoring.
CASE004444,2026-08-02 19:45:04,Coimbatore,11.02_76.96,PAYMENT_FRAUD,0.290139,29,LOW,Low predicted likelihood of a qualifying future withdrawal. Continue routine monitoring.
CASE008088,2026-08-02 20:16:40,Kadapa,14.47_78.82,PAYMENT_FRAUD,0.275886,28,LOW,Low predicted likelihood of a qualifying future withdrawal. Continue routine monitoring.
CASE003103,2026-08-02 20:37:39,Kottayam,9.59_76.52,INVESTMENT_SCAM,0.303595,30,LOW,Low predicted likelihood of a qualifying future withdrawal. Continue routine monitoring.
CASE005045,2026-08-02 20:56:51,Vellore,12.92_79.13,CREDENTIAL_THEFT,0.401724,40,MODERATE,Moderate predicted likelihood. Consider enhanced monitoring by authorized analysts.
CASE001425,2026-08-02 22:09:22,Rajamahendravaram,16.99_81.78,SOCIAL_ENGINEERING,0.53306,53,MODERATE,Moderate predicted likelihood. Consider enhanced monitoring by authorized analysts.
CASE008272,2026-08-02 22:53:23,Kozhikode,11.26_75.78,SOCIAL_ENGINEERING,0.410277,41,MODERATE,Moderate predicted likelihood. Consider enhanced monitoring by authorized analysts.
CASE006899,2026-08-02 23:36:15,Mysuru,12.3_76.64,SOCIAL_ENGINEERING,0.370427,37,LOW,Low predicted likelihood of a qualifying future withdrawal. Continue routine monitoring.
CASE005034,2026-08-03 00:09:15,Kakinada,16.99_82.25,CREDENTIAL_THEFT,0.43938,44,MODERATE,Moderate predicted likelihood. Consider enhanced monitoring by authorized analysts.
CASE000012,2026-08-03 00:15:27,Mysuru,12.3_76.64,PAYMENT_FRAUD,0.471066,47,MODERATE,Moderate predicted likelihood. Consider enhanced monitoring by authorized analysts.
CASE008533,2026-08-03 00:52:46,Kakinada,16.99_82.25,CREDENTIAL_THEFT,0.427363,43,MODERATE,Moderate predicted likelihood. Consider enhanced monitoring by authorized analysts.
CASE007437,2026-08-03 00:57:12,Vellore,12.92_79.13,SOCIAL_ENGINEERING,0.290628,29,LOW,Low predicted likelihood of a qualifying future withdrawal. Continue routine monitoring.
CASE009112,2026-08-03 00:58:20,Malappuram,11.05_76.07,SOCIAL_ENGINEERING,0.159725,16,LOW,Low predicted likelihood of a qualifying future withdrawal. Continue routine monitoring.
CASE005470,2026-08-03 01:33:59,Nellore,14.44_79.99,PAYMENT_FRAUD,0.401997,40,MODERATE,Moderate predicted likelihood. Consider enhanced monitoring by authorized analysts.
CASE002670,2026-08-03 02:42:04,Rajamahendravaram,16.99_81.78,INVESTMENT_SCAM,0.296984,30,LOW,Low predicted likelihood of a qualifying future withdrawal. Continue routine monitoring.
CASE004802,2026-08-03 05:24:06,Kalaburagi,17.33_76.83,INVESTMENT_SCAM,0.478409,48,MODERATE,Moderate predicted likelihood. Consider enhanced monitoring by authorized analysts.
CASE004837,2026-08-03 05:27:47,Hubballi,15.36_75.12,CREDENTIAL_THEFT,0.31347,31,LOW,Low predicted likelihood of a qualifying future withdrawal. Continue routine monitoring.
CASE002657,2026-08-03 05:41:51,Malappuram,11.05_76.07,SOCIAL_ENGINEERING,0.306925,31,LOW,Low predicted likelihood of a qualifying future withdrawal. Continue routine monitoring.
CASE000293,2026-08-03 07:06:45,Coimbatore,11.02_76.96,PAYMENT_FRAUD,0.345365,35,LOW,Low predicted likelihood of a qualifying future withdrawal. Continue routine monitoring.
CASE007408,2026-08-03 07:39:17,Ernakulam,9.98_76.3,PAYMENT_FRAUD,0.391127,39,LOW,Low predicted likelihood of a qualifying future withdrawal. Continue routine monitoring.
CASE007530,2026-08-03 07:52:10,Erode,11.34_77.72,INVESTMENT_SCAM,0.276192,28,LOW,Low predicted likelihood of a qualifying future withdrawal. Continue routine monitoring.
CASE002072,2026-08-03 08:02:39,Mysuru,12.3_76.64,CREDENTIAL_THEFT,0.418855,42,MODERATE,Moderate predicted likelihood. Consider enhanced monitoring by authorized analysts.
CASE003383,2026-08-03 08:44:42,Thanjavur,10.79_79.14,CREDENTIAL_THEFT,0.329735,33,LOW,Low predicted likelihood of a qualifying future withdrawal. Continue routine monitoring.
CASE003756,2026-08-03 09:45:11,Erode,11.34_77.72,PAYMENT_FRAUD,0.250916,25,LOW,Low predicted likelihood of a qualifying future withdrawal. Continue routine monitoring.
CASE009058,2026-08-03 10:16:20,Coimbatore,11.02_76.96,CREDENTIAL_THEFT,0.523996,52,MODERATE,Moderate predicted likelihood. Consider enhanced monitoring by authorized analysts.
CASE000002,2026-08-03 11:29:34,Erode,11.34_77.72,INVESTMENT_SCAM,0.511105,51,MODERATE,Moderate predicted likelihood. Consider enhanced monitoring by authorized analysts.
CASE004360,2026-08-03 11:32:57,Vijayawada,16.51_80.65,SOCIAL_ENGINEERING,0.425029,43,MODERATE,Moderate predicted likelihood. Consider enhanced monitoring by authorized analysts.
CASE001778,2026-08-03 12:08:44,Kottayam,9.59_76.52,CREDENTIAL_THEFT,0.375426,38,LOW,Low predicted likelihood of a qualifying future withdrawal. Continue routine monitoring.
CASE009813,2026-08-03 14:02:32,Guntur,16.31_80.44,INVESTMENT_SCAM,0.383561,38,LOW,Low predicted likelihood of a qualifying future withdrawal. Continue routine monitoring.
CASE000705,2026-08-03 14:09:11,Coimbatore,11.02_76.96,CREDENTIAL_THEFT,0.539335,54,MODERATE,Moderate predicted likelihood. Consider enhanced monitoring by authorized analysts.
CASE003921,2026-08-03 14:12:16,Ballari,15.14_76.92,PAYMENT_FRAUD,0.297701,30,LOW,Low predicted likelihood of a qualifying future withdrawal. Continue routine monitoring.
CASE005171,2026-08-03 14:35:20,Ernakulam,9.98_76.3,CREDENTIAL_THEFT,0.37531,38,LOW,Low predicted likelihood of a qualifying future withdrawal. Continue routine monitoring.
CASE008077,2026-08-03 14:54:04,Chennai,13.08_80.27,CREDENTIAL_THEFT,0.302559,30,LOW,Low predicted likelihood of a qualifying future withdrawal. Continue routine monitoring.
CASE009165,2026-08-03 16:17:02,Chennai,13.08_80.27,PAYMENT_FRAUD,0.531612,53,MODERATE,Moderate predicted likelihood. Consider enhanced monitoring by authorized analysts.
CASE001210,2026-08-03 16:25:30,Chennai,13.08_80.27,INVESTMENT_SCAM,0.318437,32,LOW,Low predicted likelihood of a qualifying future withdrawal. Continue routine monitoring.
CASE007862,2026-08-03 16:37:56,Nellore,14.44_79.99,PAYMENT_FRAUD,0.372763,37,LOW,Low predicted likelihood of a qualifying future withdrawal. Continue routine monitoring.
CASE007910,2026-08-03 16:40:25,Thiruvananthapuram,8.52_76.94,PAYMENT_FRAUD,0.278634,28,LOW,Low predicted likelihood of a qualifying future withdrawal. Continue routine monitoring.
CASE009322,2026-08-03 17:25:29,Kakinada,16.99_82.25,PAYMENT_FRAUD,0.370036,37,LOW,Low predicted likelihood of a qualifying future withdrawal. Continue routine monitoring.
CASE008223,2026-08-03 19:31:31,Palakkad,10.79_76.65,CREDENTIAL_THEFT,0.428216,43,MODERATE,Moderate predicted likelihood. Consider enhanced monitoring by authorized analysts.
CASE002410,2026-08-03 19:55:15,Vijayawada,16.51_80.65,PAYMENT_FRAUD,0.49918,50,MODERATE,Moderate predicted likelihood. Consider enhanced monitoring by authorized analysts.
CASE002967,2026-08-03 19:55:22,Erode,11.34_77.72,CREDENTIAL_THEFT,0.245601,25,LOW,Low predicted likelihood of a qualifying future withdrawal. Continue routine monitoring.
CASE009778,2026-08-03 20:16:23,Malappuram,11.05_76.07,CREDENTIAL_THEFT,0.397466,40,MODERATE,Moderate predicted likelihood. Consider enhanced monitoring by authorized analysts.
CASE003466,2026-08-03 20:36:00,Visakhapatnam,17.69_83.22,SOCIAL_ENGINEERING,0.377417,38,LOW,Low predicted likelihood of a qualifying future withdrawal. Continue routine monitoring.
CASE009396,2026-08-03 21:00:26,Palakkad,10.79_76.65,PAYMENT_FRAUD,0.362056,36,LOW,Low predicted likelihood of a qualifying future withdrawal. Continue routine monitoring.
CASE009556,2026-08-03 21:14:06,Shivamogga,13.93_75.57,INVESTMENT_SCAM,0.337263,34,LOW,Low predicted likelihood of a qualifying future withdrawal. Continue routine monitoring.
CASE002335,2026-08-03 22:51:26,Thanjavur,10.79_79.14,SOCIAL_ENGINEERING,0.43119,43,MODERATE,Moderate predicted likelihood. Consider enhanced monitoring by authorized analysts.
CASE006332,2026-08-03 22:55:36,Rajamahendravaram,16.99_81.78,CREDENTIAL_THEFT,0.298302,30,LOW,Low predicted likelihood of a qualifying future withdrawal. Continue routine monitoring.
CASE001132,2026-08-03 23:11:57,Kozhikode,11.26_75.78,CREDENTIAL_THEFT,0.404592,40,MODERATE,Moderate predicted likelihood. Consider enhanced monitoring by authorized analysts.
CASE003137,2026-08-04 00:19:54,Malappuram,11.05_76.07,PAYMENT_FRAUD,0.282734,28,LOW,Low predicted likelihood of a qualifying future withdrawal. Continue routine monitoring.
CASE003357,2026-08-04 00:36:07,Nellore,14.44_79.99,PAYMENT_FRAUD,0.459503,46,MODERATE,Moderate predicted likelihood. Consider enhanced monitoring by authorized analysts.
CASE003907,2026-08-04 00:41:05,Kannur,11.87_75.37,INVESTMENT_SCAM,0.313013,31,LOW,Low predicted likelihood of a qualifying future withdrawal. Continue routine monitoring.
CASE009905,2026-08-04 00:43:04,Tirupati,13.63_79.42,SOCIAL_ENGINEERING,0.451234,45,MODERATE,Moderate predicted likelihood. Consider enhanced monitoring by authorized analysts.
CASE009725,2026-08-04 01:12:17,Bengaluru Urban,12.97_77.59,INVESTMENT_SCAM,0.322347,32,LOW,Low predicted likelihood of a qualifying future withdrawal. Continue routine monitoring.
CASE009877,2026-08-04 01:17:22,Erode,11.34_77.72,CREDENTIAL_THEFT,0.297319,30,LOW,Low predicted likelihood of a qualifying future withdrawal. Continue routine monitoring.
CASE003903,2026-08-04 01:35:43,Tirunelveli,8.71_77.76,CREDENTIAL_THEFT,0.326071,33,LOW,Low predicted likelihood of a qualifying future withdrawal. Continue routine monitoring.
CASE002180,2026-08-04 02:38:26,Ballari,15.14_76.92,CREDENTIAL_THEFT,0.262738,26,LOW,Low predicted likelihood of a qualifying future withdrawal. Continue routine monitoring.
CASE004907,2026-08-04 03:13:21,Shivamogga,13.93_75.57,CREDENTIAL_THEFT,0.34247,34,LOW,Low predicted likelihood of a qualifying future withdrawal. Continue routine monitoring.
CASE006261,2026-08-04 03:51:28,Kalaburagi,17.33_76.83,CREDENTIAL_THEFT,0.472234,47,MODERATE,Moderate predicted likelihood. Consider enhanced monitoring by authorized analysts.
CASE005385,2026-08-04 03:55:21,Kozhikode,11.26_75.78,SOCIAL_ENGINEERING,0.42539,43,MODERATE,Moderate predicted likelihood. Consider enhanced monitoring by authorized analysts.
CASE006072,2026-08-04 04:03:08,Anantapur,14.68_77.6,SOCIAL_ENGINEERING,0.447972,45,MODERATE,Moderate predicted likelihood. Consider enhanced monitoring by authorized analysts.
CASE007428,2026-08-04 04:19:05,Kozhikode,11.26_75.78,CREDENTIAL_THEFT,0.352822,35,LOW,Low predicted likelihood of a qualifying future withdrawal. Continue routine monitoring.
CASE006642,2026-08-04 05:15:00,Kozhikode,11.26_75.78,CREDENTIAL_THEFT,0.256776,26,LOW,Low predicted likelihood of a qualifying future withdrawal. Continue routine monitoring.
CASE008431,2026-08-04 05:41:24,Anantapur,14.68_77.6,CREDENTIAL_THEFT,0.355721,36,LOW,Low predicted likelihood of a qualifying future withdrawal. Continue routine monitoring.
CASE000942,2026-08-04 06:34:37,Anantapur,14.68_77.6,SOCIAL_ENGINEERING,0.319192,32,LOW,Low predicted likelihood of a qualifying future withdrawal. Continue routine monitoring.
CASE005522,2026-08-04 06:48:58,Mysuru,12.3_76.64,CREDENTIAL_THEFT,0.309483,31,LOW,Low predicted likelihood of a qualifying future withdrawal. Continue routine monitoring.
CASE002314,2026-08-04 06:53:18,Tumakuru,13.34_77.1,CREDENTIAL_THEFT,0.294307,29,LOW,Low predicted likelihood of a qualifying future withdrawal. Continue routine monitoring.
CASE008069,2026-08-04 08:18:05,Palakkad,10.79_76.65,PAYMENT_FRAUD,0.470866,47,MODERATE,Moderate predicted likelihood. Consider enhanced monitoring by authorized analysts.
CASE003250,2026-08-04 08:53:23,Vellore,12.92_79.13,INVESTMENT_SCAM,0.30519,31,LOW,Low predicted likelihood of a qualifying future withdrawal. Continue routine monitoring.
CASE001221,2026-08-04 09:02:25,Chennai,13.08_80.27,CREDENTIAL_THEFT,0.236369,24,LOW,Low predicted likelihood of a qualifying future withdrawal. Continue routine monitoring.
CASE000023,2026-08-04 09:34:22,Thanjavur,10.79_79.14,INVESTMENT_SCAM,0.349651,35,LOW,Low predicted likelihood of a qualifying future withdrawal. Continue routine monitoring.
CASE000655,2026-08-04 10:34:09,Ernakulam,9.98_76.3,CREDENTIAL_THEFT,0.350057,35,LOW,Low predicted likelihood of a qualifying future withdrawal. Continue routine monitoring.
CASE008752,2026-08-04 11:29:43,Thanjavur,10.79_79.14,PAYMENT_FRAUD,0.405437,41,MODERATE,Moderate predicted likelihood. Consider enhanced monitoring by authorized analysts.
CASE008964,2026-08-04 12:50:03,Thrissur,10.53_76.21,SOCIAL_ENGINEERING,0.429743,43,MODERATE,Moderate predicted likelihood. Consider enhanced monitoring by authorized analysts.
CASE002101,2026-08-04 13:03:01,Kozhikode,11.26_75.78,CREDENTIAL_THEFT,0.410207,41,MODERATE,Moderate predicted likelihood. Consider enhanced monitoring by authorized analysts.
CASE008062,2026-08-04 14:00:02,Kurnool,15.83_78.04,INVESTMENT_SCAM,0.277247,28,LOW,Low predicted likelihood of a qualifying future withdrawal. Continue routine monitoring.
CASE003885,2026-08-04 15:32:09,Rajamahendravaram,16.99_81.78,CREDENTIAL_THEFT,0.434962,43,MODERATE,Moderate predicted likelihood. Consider enhanced monitoring by authorized analysts.
CASE004720,2026-08-04 16:41:51,Nellore,14.44_79.99,INVESTMENT_SCAM,0.40057,40,MODERATE,Moderate predicted likelihood. Consider enhanced monitoring by authorized analysts.
CASE003372,2026-08-04 17:36:15,Visakhapatnam,17.69_83.22,PAYMENT_FRAUD,0.492661,49,MODERATE,Moderate predicted likelihood. Consider enhanced monitoring by authorized analysts.
CASE009837,2026-08-04 18:01:18,Coimbatore,11.02_76.96,PAYMENT_FRAUD,0.455938,46,MODERATE,Moderate predicted likelihood. Consider enhanced monitoring by authorized analysts.
CASE003993,2026-08-04 18:30:37,Kozhikode,11.26_75.78,PAYMENT_FRAUD,0.434978,43,MODERATE,Moderate predicted likelihood. Consider enhanced monitoring by authorized analysts.
CASE003117,2026-08-04 18:42:17,Nellore,14.44_79.99,SOCIAL_ENGINEERING,0.397212,40,MODERATE,Moderate predicted likelihood. Consider enhanced monitoring by authorized analysts.
CASE002612,2026-08-04 18:44:02,Madurai,9.93_78.12,PAYMENT_FRAUD,0.270137,27,LOW,Low predicted likelihood of a qualifying future withdrawal. Continue routine monitoring.
CASE006152,2026-08-04 19:16:10,Kollam,8.89_76.61,PAYMENT_FRAUD,0.248748,25,LOW,Low predicted likelihood of a qualifying future withdrawal. Continue routine monitoring.
CASE009257,2026-08-04 19:19:14,Udupi,13.34_74.74,PAYMENT_FRAUD,0.40062,40,MODERATE,Moderate predicted likelihood. Consider enhanced monitoring by authorized analysts.
CASE005538,2026-08-04 19:26:17,Malappuram,11.05_76.07,INVESTMENT_SCAM,0.335768,34,LOW,Low predicted likelihood of a qualifying future withdrawal. Continue routine monitoring.
CASE008207,2026-08-04 19:41:49,Vellore,12.92_79.13,SOCIAL_ENGINEERING,0.322559,32,LOW,Low predicted likelihood of a qualifying future withdrawal. Continue routine monitoring.
CASE003265,2026-08-04 20:02:19,Kalaburagi,17.33_76.83,PAYMENT_FRAUD,0.336188,34,LOW,Low predicted likelihood of a qualifying future withdrawal. Continue routine monitoring.
CASE003666,2026-08-04 20:44:45,Kurnool,15.83_78.04,CREDENTIAL_THEFT,0.407387,41,MODERATE,Moderate predicted likelihood. Consider enhanced monitoring by authorized analysts.
CASE006659,2026-08-04 20:53:15,Kozhikode,11.26_75.78,PAYMENT_FRAUD,0.447456,45,MODERATE,Moderate predicted likelihood. Consider enhanced monitoring by authorized analysts.
CASE002782,2026-08-04 21:44:03,Udupi,13.34_74.74,CREDENTIAL_THEFT,0.463528,46,MODERATE,Moderate predicted likelihood. Consider enhanced monitoring by authorized analysts.
CASE007284,2026-08-04 21:56:31,Hubballi,15.36_75.12,INVESTMENT_SCAM,0.437897,44,MODERATE,Moderate predicted likelihood. Consider enhanced monitoring by authorized analysts.
CASE002759,2026-08-04 22:24:40,Shivamogga,13.93_75.57,CREDENTIAL_THEFT,0.418299,42,MODERATE,Moderate predicted likelihood. Consider enhanced monitoring by authorized analysts.
CASE007532,2026-08-04 22:25:54,Udupi,13.34_74.74,SOCIAL_ENGINEERING,0.293997,29,LOW,Low predicted likelihood of a qualifying future withdrawal. Continue routine monitoring.
CASE009970,2026-08-05 00:48:42,Madurai,9.93_78.12,CREDENTIAL_THEFT,0.456701,46,MODERATE,Moderate predicted likelihood. Consider enhanced monitoring by authorized analysts.
CASE000126,2026-08-05 00:51:57,Malappuram,11.05_76.07,PAYMENT_FRAUD,0.466887,47,MODERATE,Moderate predicted likelihood. Consider enhanced monitoring by authorized analysts.
CASE000576,2026-08-05 01:42:07,Coimbatore,11.02_76.96,CREDENTIAL_THEFT,0.513931,51,MODERATE,Moderate predicted likelihood. Consider enhanced monitoring by authorized analysts.
CASE004100,2026-08-05 02:17:49,Kakinada,16.99_82.25,CREDENTIAL_THEFT,0.388483,39,LOW,Low predicted likelihood of a qualifying future withdrawal. Continue routine monitoring.
CASE008397,2026-08-05 02:40:16,Thrissur,10.53_76.21,SOCIAL_ENGINEERING,0.413523,41,MODERATE,Moderate predicted likelihood. Consider enhanced monitoring by authorized analysts.
CASE001287,2026-08-05 02:46:22,Tirupati,13.63_79.42,CREDENTIAL_THEFT,0.44457,44,MODERATE,Moderate predicted likelihood. Consider enhanced monitoring by authorized analysts.
CASE007612,2026-08-05 03:28:51,Thrissur,10.53_76.21,CREDENTIAL_THEFT,0.415292,42,MODERATE,Moderate predicted likelihood. Consider enhanced monitoring by authorized analysts.
CASE004180,2026-08-05 03:46:49,Shivamogga,13.93_75.57,PAYMENT_FRAUD,0.322826,32,LOW,Low predicted likelihood of a qualifying future withdrawal. Continue routine monitoring.
CASE000369,2026-08-05 04:03:33,Hubballi,15.36_75.12,INVESTMENT_SCAM,0.39514,40,MODERATE,Moderate predicted likelihood. Consider enhanced monitoring by authorized analysts.
CASE008712,2026-08-05 04:18:49,Bengaluru Urban,12.97_77.59,CREDENTIAL_THEFT,0.439556,44,MODERATE,Moderate predicted likelihood. Consider enhanced monitoring by authorized analysts.
CASE006949,2026-08-05 04:34:55,Salem,11.66_78.15,PAYMENT_FRAUD,0.251796,25,LOW,Low predicted likelihood of a qualifying future withdrawal. Continue routine monitoring.
CASE006907,2026-08-05 04:38:38,Anantapur,14.68_77.6,SOCIAL_ENGINEERING,0.271363,27,LOW,Low predicted likelihood of a qualifying future withdrawal. Continue routine monitoring.
CASE005215,2026-08-05 05:22:53,Kalaburagi,17.33_76.83,CREDENTIAL_THEFT,0.47498,47,MODERATE,Moderate predicted likelihood. Consider enhanced monitoring by authorized analysts.
CASE005916,2026-08-05 05:32:28,Mangaluru,12.91_74.86,CREDENTIAL_THEFT,0.276509,28,LOW,Low predicted likelihood of a qualifying future withdrawal. Continue routine monitoring.
CASE006936,2026-08-05 05:55:04,Ernakulam,9.98_76.3,SOCIAL_ENGINEERING,0.369062,37,LOW,Low predicted likelihood of a qualifying future withdrawal. Continue routine monitoring.
CASE002351,2026-08-05 06:06:10,Kurnool,15.83_78.04,CREDENTIAL_THEFT,0.420592,42,MODERATE,Moderate predicted likelihood. Consider enhanced monitoring by authorized analysts.
CASE001471,2026-08-05 06:43:38,Alappuzha,9.5_76.34,PAYMENT_FRAUD,0.494845,49,MODERATE,Moderate predicted likelihood. Consider enhanced monitoring by authorized analysts.
CASE003273,2026-08-05 06:47:51,Kannur,11.87_75.37,SOCIAL_ENGINEERING,0.376321,38,LOW,Low predicted likelihood of a qualifying future withdrawal. Continue routine monitoring.
CASE000371,2026-08-05 07:48:52,Chennai,13.08_80.27,INVESTMENT_SCAM,0.269852,27,LOW,Low predicted likelihood of a qualifying future withdrawal. Continue routine monitoring.
CASE005114,2026-08-05 08:17:29,Erode,11.34_77.72,PAYMENT_FRAUD,0.373301,37,LOW,Low predicted likelihood of a qualifying future withdrawal. Continue routine monitoring.
CASE005796,2026-08-05 08:23:33,Palakkad,10.79_76.65,INVESTMENT_SCAM,0.341098,34,LOW,Low predicted likelihood of a qualifying future withdrawal. Continue routine monitoring.
CASE003652,2026-08-05 08:49:03,Ernakulam,9.98_76.3,INVESTMENT_SCAM,0.373676,37,LOW,Low predicted likelihood of a qualifying future withdrawal. Continue routine monitoring.
CASE002130,2026-08-05 09:32:29,Salem,11.66_78.15,CREDENTIAL_THEFT,0.362684,36,LOW,Low predicted likelihood of a qualifying future withdrawal. Continue routine monitoring.
CASE000746,2026-08-05 09:45:48,Kakinada,16.99_82.25,SOCIAL_ENGINEERING,0.299236,30,LOW,Low predicted likelihood of a qualifying future withdrawal. Continue routine monitoring.
CASE008381,2026-08-05 10:08:59,Palakkad,10.79_76.65,PAYMENT_FRAUD,0.31758,32,LOW,Low predicted likelihood of a qualifying future withdrawal. Continue routine monitoring.
CASE005175,2026-08-05 11:27:36,Salem,11.66_78.15,CREDENTIAL_THEFT,0.354322,35,LOW,Low predicted likelihood of a qualifying future withdrawal. Continue routine monitoring.
CASE006104,2026-08-05 11:38:42,Kurnool,15.83_78.04,PAYMENT_FRAUD,0.330167,33,LOW,Low predicted likelihood of a qualifying future withdrawal. Continue routine monitoring.
CASE000540,2026-08-05 12:13:40,Anantapur,14.68_77.6,SOCIAL_ENGINEERING,0.244222,24,LOW,Low predicted likelihood of a qualifying future withdrawal. Continue routine monitoring.
CASE009973,2026-08-05 12:18:46,Dindigul,10.37_77.98,PAYMENT_FRAUD,0.194162,19,LOW,Low predicted likelihood of a qualifying future withdrawal. Continue routine monitoring.
CASE001791,2026-08-05 13:06:48,Alappuzha,9.5_76.34,CREDENTIAL_THEFT,0.346665,35,LOW,Low predicted likelihood of a qualifying future withdrawal. Continue routine monitoring.
CASE000181,2026-08-05 13:12:13,Salem,11.66_78.15,SOCIAL_ENGINEERING,0.402616,40,MODERATE,Moderate predicted likelihood. Consider enhanced monitoring by authorized analysts.
CASE004827,2026-08-05 13:35:13,Kottayam,9.59_76.52,CREDENTIAL_THEFT,0.40073,40,MODERATE,Moderate predicted likelihood. Consider enhanced monitoring by authorized analysts.
CASE004058,2026-08-05 14:18:17,Kalaburagi,17.33_76.83,PAYMENT_FRAUD,0.394961,39,LOW,Low predicted likelihood of a qualifying future withdrawal. Continue routine monitoring.
CASE005586,2026-08-05 14:56:00,Kannur,11.87_75.37,SOCIAL_ENGINEERING,0.416554,42,MODERATE,Moderate predicted likelihood. Consider enhanced monitoring by authorized analysts.
CASE003667,2026-08-05 16:14:40,Rajamahendravaram,16.99_81.78,PAYMENT_FRAUD,0.383069,38,LOW,Low predicted likelihood of a qualifying future withdrawal. Continue routine monitoring.
CASE003715,2026-08-05 16:50:22,Thiruvananthapuram,8.52_76.94,CREDENTIAL_THEFT,0.331208,33,LOW,Low predicted likelihood of a qualifying future withdrawal. Continue routine monitoring.
CASE000722,2026-08-05 16:57:11,Kollam,8.89_76.61,CREDENTIAL_THEFT,0.421902,42,MODERATE,Moderate predicted likelihood. Consider enhanced monitoring by authorized analysts.
CASE002693,2026-08-05 17:09:48,Tiruchirappalli,10.79_78.7,INVESTMENT_SCAM,0.348882,35,LOW,Low predicted likelihood of a qualifying future withdrawal. Continue routine monitoring.
CASE002921,2026-08-05 17:32:56,Kozhikode,11.26_75.78,INVESTMENT_SCAM,0.16204,16,LOW,Low predicted likelihood of a qualifying future withdrawal. Continue routine monitoring.
CASE008173,2026-08-05 17:34:02,Guntur,16.31_80.44,CREDENTIAL_THEFT,0.318411,32,LOW,Low predicted likelihood of a qualifying future withdrawal. Continue routine monitoring.
CASE003431,2026-08-05 18:46:06,Kottayam,9.59_76.52,SOCIAL_ENGINEERING,0.296978,30,LOW,Low predicted likelihood of a qualifying future withdrawal. Continue routine monitoring.
CASE003909,2026-08-05 19:00:09,Ballari,15.14_76.92,CREDENTIAL_THEFT,0.218815,22,LOW,Low predicted likelihood of a qualifying future withdrawal. Continue routine monitoring.
CASE009450,2026-08-05 19:13:17,Palakkad,10.79_76.65,SOCIAL_ENGINEERING,0.308621,31,LOW,Low predicted likelihood of a qualifying future withdrawal. Continue routine monitoring.
CASE006134,2026-08-05 20:13:54,Tiruchirappalli,10.79_78.7,PAYMENT_FRAUD,0.367937,37,LOW,Low predicted likelihood of a qualifying future withdrawal. Continue routine monitoring.
CASE008494,2026-08-05 20:24:30,Belagavi,15.85_74.5,CREDENTIAL_THEFT,0.310882,31,LOW,Low predicted likelihood of a qualifying future withdrawal. Continue routine monitoring.
CASE000127,2026-08-05 20:47:59,Kannur,11.87_75.37,INVESTMENT_SCAM,0.38275,38,LOW,Low predicted likelihood of a qualifying future withdrawal. Continue routine monitoring.
CASE006855,2026-08-05 20:48:46,Salem,11.66_78.15,CREDENTIAL_THEFT,0.266586,27,LOW,Low predicted likelihood of a qualifying future withdrawal. Continue routine monitoring.
CASE001899,2026-08-05 20:53:09,Thanjavur,10.79_79.14,CREDENTIAL_THEFT,0.437848,44,MODERATE,Moderate predicted likelihood. Consider enhanced monitoring by authorized analysts.
CASE009438,2026-08-05 21:20:30,Belagavi,15.85_74.5,SOCIAL_ENGINEERING,0.299535,30,LOW,Low predicted likelihood of a qualifying future withdrawal. Continue routine monitoring.
CASE001269,2026-08-05 21:42:18,Thiruvananthapuram,8.52_76.94,CREDENTIAL_THEFT,0.425465,43,MODERATE,Moderate predicted likelihood. Consider enhanced monitoring by authorized analysts.
CASE003747,2026-08-05 21:57:14,Malappuram,11.05_76.07,PAYMENT_FRAUD,0.245137,25,LOW,Low predicted likelihood of a qualifying future withdrawal. Continue routine monitoring.
CASE004440,2026-08-05 22:36:28,Tirunelveli,8.71_77.76,PAYMENT_FRAUD,0.318045,32,LOW,Low predicted likelihood of a qualifying future withdrawal. Continue routine monitoring.
CASE009897,2026-08-05 23:07:35,Kadapa,14.47_78.82,CREDENTIAL_THEFT,0.283342,28,LOW,Low predicted likelihood of a qualifying future withdrawal. Continue routine monitoring.
CASE000494,2026-08-05 23:23:13,Rajamahendravaram,16.99_81.78,PAYMENT_FRAUD,0.242095,24,LOW,Low predicted likelihood of a qualifying future withdrawal. Continue routine monitoring.
CASE002162,2026-08-06 00:21:18,Rajamahendravaram,16.99_81.78,INVESTMENT_SCAM,0.208925,21,LOW,Low predicted likelihood of a qualifying future withdrawal. Continue routine monitoring.
CASE005176,2026-08-06 01:08:06,Kannur,11.87_75.37,CREDENTIAL_THEFT,0.367868,37,LOW,Low predicted likelihood of a qualifying future withdrawal. Continue routine monitoring.
CASE001194,2026-08-06 02:20:45,Vijayawada,16.51_80.65,PAYMENT_FRAUD,0.218327,22,LOW,Low predicted likelihood of a qualifying future withdrawal. Continue routine monitoring.
CASE008711,2026-08-06 02:26:35,Thrissur,10.53_76.21,PAYMENT_FRAUD,0.269083,27,LOW,Low predicted likelihood of a qualifying future withdrawal. Continue routine monitoring.
CASE007886,2026-08-06 02:29:21,Thiruvananthapuram,8.52_76.94,PAYMENT_FRAUD,0.35761,36,LOW,Low predicted likelihood of a qualifying future withdrawal. Continue routine monitoring.
CASE007464,2026-08-06 02:31:05,Coimbatore,11.02_76.96,CREDENTIAL_THEFT,0.418859,42,MODERATE,Moderate predicted likelihood. Consider enhanced monitoring by authorized analysts.
CASE003784,2026-08-06 02:49:52,Hubballi,15.36_75.12,SOCIAL_ENGINEERING,0.333992,33,LOW,Low predicted likelihood of a qualifying future withdrawal. Continue routine monitoring.
CASE003802,2026-08-06 03:06:55,Bengaluru Urban,12.97_77.59,CREDENTIAL_THEFT,0.460329,46,MODERATE,Moderate predicted likelihood. Consider enhanced monitoring by authorized analysts.
CASE008371,2026-08-06 03:32:06,Thanjavur,10.79_79.14,SOCIAL_ENGINEERING,0.28179,28,LOW,Low predicted likelihood of a qualifying future withdrawal. Continue routine monitoring.
CASE006878,2026-08-06 03:41:03,Ballari,15.14_76.92,PAYMENT_FRAUD,0.275075,28,LOW,Low predicted likelihood of a qualifying future withdrawal. Continue routine monitoring.
CASE008637,2026-08-06 03:48:15,Bengaluru Urban,12.97_77.59,PAYMENT_FRAUD,0.424951,42,MODERATE,Moderate predicted likelihood. Consider enhanced monitoring by authorized analysts.
CASE005782,2026-08-06 04:54:31,Kollam,8.89_76.61,CREDENTIAL_THEFT,0.283228,28,LOW,Low predicted likelihood of a qualifying future withdrawal. Continue routine monitoring.
CASE004727,2026-08-06 05:37:01,Udupi,13.34_74.74,SOCIAL_ENGINEERING,0.234918,23,LOW,Low predicted likelihood of a qualifying future withdrawal. Continue routine monitoring.
CASE007126,2026-08-06 05:40:15,Kalaburagi,17.33_76.83,INVESTMENT_SCAM,0.364508,36,LOW,Low predicted likelihood of a qualifying future withdrawal. Continue routine monitoring.
CASE001468,2026-08-06 06:50:50,Tumakuru,13.34_77.1,INVESTMENT_SCAM,0.312534,31,LOW,Low predicted likelihood of a qualifying future withdrawal. Continue routine monitoring.
CASE009641,2026-08-06 07:22:21,Bengaluru Urban,12.97_77.59,PAYMENT_FRAUD,0.40226,40,MODERATE,Moderate predicted likelihood. Consider enhanced monitoring by authorized analysts.
CASE008600,2026-08-06 08:43:06,Ballari,15.14_76.92,PAYMENT_FRAUD,0.232258,23,LOW,Low predicted likelihood of a qualifying future withdrawal. Continue routine monitoring.
CASE004179,2026-08-06 09:42:08,Kottayam,9.59_76.52,SOCIAL_ENGINEERING,0.400816,40,MODERATE,Moderate predicted likelihood. Consider enhanced monitoring by authorized analysts.
CASE004163,2026-08-06 09:59:53,Shivamogga,13.93_75.57,INVESTMENT_SCAM,0.375648,38,LOW,Low predicted likelihood of a qualifying future withdrawal. Continue routine monitoring.
CASE006956,2026-08-06 10:34:44,Vellore,12.92_79.13,SOCIAL_ENGINEERING,0.202249,20,LOW,Low predicted likelihood of a qualifying future withdrawal. Continue routine monitoring.
CASE000684,2026-08-06 12:17:26,Udupi,13.34_74.74,SOCIAL_ENGINEERING,0.28906,29,LOW,Low predicted likelihood of a qualifying future withdrawal. Continue routine monitoring.
CASE008394,2026-08-06 13:03:56,Mangaluru,12.91_74.86,SOCIAL_ENGINEERING,0.218304,22,LOW,Low predicted likelihood of a qualifying future withdrawal. Continue routine monitoring.
CASE004168,2026-08-06 13:21:36,Rajamahendravaram,16.99_81.78,PAYMENT_FRAUD,0.404186,40,MODERATE,Moderate predicted likelihood. Consider enhanced monitoring by authorized analysts.
CASE001662,2026-08-06 14:05:23,Nellore,14.44_79.99,CREDENTIAL_THEFT,0.373712,37,LOW,Low predicted likelihood of a qualifying future withdrawal. Continue routine monitoring.
CASE006905,2026-08-06 14:15:37,Thiruvananthapuram,8.52_76.94,PAYMENT_FRAUD,0.154972,15,LOW,Low predicted likelihood of a qualifying future withdrawal. Continue routine monitoring.
CASE007904,2026-08-06 14:28:47,Thiruvananthapuram,8.52_76.94,CREDENTIAL_THEFT,0.337951,34,LOW,Low predicted likelihood of a qualifying future withdrawal. Continue routine monitoring.
CASE007244,2026-08-06 16:36:48,Thrissur,10.53_76.21,PAYMENT_FRAUD,0.413741,41,MODERATE,Moderate predicted likelihood. Consider enhanced monitoring by authorized analysts.
CASE009717,2026-08-06 17:31:42,Guntur,16.31_80.44,INVESTMENT_SCAM,0.527401,53,MODERATE,Moderate predicted likelihood. Consider enhanced monitoring by authorized analysts.
CASE003023,2026-08-06 17:52:22,Ernakulam,9.98_76.3,PAYMENT_FRAUD,0.447744,45,MODERATE,Moderate predicted likelihood. Consider enhanced monitoring by authorized analysts.
CASE009782,2026-08-06 18:12:20,Ballari,15.14_76.92,PAYMENT_FRAUD,0.186261,19,LOW,Low predicted likelihood of a qualifying future withdrawal. Continue routine monitoring.
CASE007569,2026-08-06 18:35:07,Kozhikode,11.26_75.78,PAYMENT_FRAUD,0.417738,42,MODERATE,Moderate predicted likelihood. Consider enhanced monitoring by authorized analysts.
CASE009972,2026-08-06 19:11:13,Anantapur,14.68_77.6,SOCIAL_ENGINEERING,0.470328,47,MODERATE,Moderate predicted likelihood. Consider enhanced monitoring by authorized analysts.
CASE001048,2026-08-06 20:46:21,Tirupati,13.63_79.42,INVESTMENT_SCAM,0.465216,47,MODERATE,Moderate predicted likelihood. Consider enhanced monitoring by authorized analysts.
CASE008888,2026-08-06 20:49:12,Madurai,9.93_78.12,CREDENTIAL_THEFT,0.469325,47,MODERATE,Moderate predicted likelihood. Consider enhanced monitoring by authorized analysts.
CASE000253,2026-08-06 21:07:18,Bengaluru Urban,12.97_77.59,CREDENTIAL_THEFT,0.498397,50,MODERATE,Moderate predicted likelihood. Consider enhanced monitoring by authorized analysts.
CASE002282,2026-08-06 22:54:19,Thiruvananthapuram,8.52_76.94,CREDENTIAL_THEFT,0.44396,44,MODERATE,Moderate predicted likelihood. Consider enhanced monitoring by authorized analysts.
CASE004536,2026-08-06 23:42:22,Kozhikode,11.26_75.78,CREDENTIAL_THEFT,0.492209,49,MODERATE,Moderate predicted likelihood. Consider enhanced monitoring by authorized analysts.
CASE009816,2026-08-06 23:55:25,Tirupati,13.63_79.42,INVESTMENT_SCAM,0.426879,43,MODERATE,Moderate predicted likelihood. Consider enhanced monitoring by authorized analysts.
CASE008987,2026-08-07 00:50:07,Dindigul,10.37_77.98,SOCIAL_ENGINEERING,0.395116,40,MODERATE,Moderate predicted likelihood. Consider enhanced monitoring by authorized analysts.
CASE007397,2026-08-07 00:52:09,Ballari,15.14_76.92,CREDENTIAL_THEFT,0.450636,45,MODERATE,Moderate predicted likelihood. Consider enhanced monitoring by authorized analysts.
CASE006987,2026-08-07 01:24:20,Mysuru,12.3_76.64,CREDENTIAL_THEFT,0.244126,24,LOW,Low predicted likelihood of a qualifying future withdrawal. Continue routine monitoring.
CASE009500,2026-08-07 02:08:16,Rajamahendravaram,16.99_81.78,PAYMENT_FRAUD,0.382977,38,LOW,Low predicted likelihood of a qualifying future withdrawal. Continue routine monitoring.
CASE006770,2026-08-07 04:51:20,Salem,11.66_78.15,CREDENTIAL_THEFT,0.414408,41,MODERATE,Moderate predicted likelihood. Consider enhanced monitoring by authorized analysts.
CASE007817,2026-08-07 05:18:41,Tumakuru,13.34_77.1,CREDENTIAL_THEFT,0.436516,44,MODERATE,Moderate predicted likelihood. Consider enhanced monitoring by authorized analysts.
CASE005770,2026-08-07 05:50:52,Coimbatore,11.02_76.96,CREDENTIAL_THEFT,0.315472,32,LOW,Low predicted likelihood of a qualifying future withdrawal. Continue routine monitoring.
CASE004600,2026-08-07 05:56:01,Vijayawada,16.51_80.65,PAYMENT_FRAUD,0.380142,38,LOW,Low predicted likelihood of a qualifying future withdrawal. Continue routine monitoring.
CASE001330,2026-08-07 05:56:49,Ernakulam,9.98_76.3,PAYMENT_FRAUD,0.308884,31,LOW,Low predicted likelihood of a qualifying future withdrawal. Continue routine monitoring.
CASE004884,2026-08-07 06:19:34,Chennai,13.08_80.27,CREDENTIAL_THEFT,0.262612,26,LOW,Low predicted likelihood of a qualifying future withdrawal. Continue routine monitoring.
CASE003353,2026-08-07 07:06:57,Kozhikode,11.26_75.78,CREDENTIAL_THEFT,0.418179,42,MODERATE,Moderate predicted likelihood. Consider enhanced monitoring by authorized analysts.
CASE005235,2026-08-07 07:43:32,Salem,11.66_78.15,SOCIAL_ENGINEERING,0.417877,42,MODERATE,Moderate predicted likelihood. Consider enhanced monitoring by authorized analysts.
CASE009410,2026-08-07 07:53:21,Udupi,13.34_74.74,CREDENTIAL_THEFT,0.384002,38,LOW,Low predicted likelihood of a qualifying future withdrawal. Continue routine monitoring.
CASE007505,2026-08-07 08:44:42,Tirupati,13.63_79.42,CREDENTIAL_THEFT,0.459305,46,MODERATE,Moderate predicted likelihood. Consider enhanced monitoring by authorized analysts.
CASE006499,2026-08-07 09:21:07,Ballari,15.14_76.92,CREDENTIAL_THEFT,0.262177,26,LOW,Low predicted likelihood of a qualifying future withdrawal. Continue routine monitoring.
CASE001938,2026-08-07 09:42:44,Malappuram,11.05_76.07,CREDENTIAL_THEFT,0.25383,25,LOW,Low predicted likelihood of a qualifying future withdrawal. Continue routine monitoring.
CASE007056,2026-08-07 10:15:14,Palakkad,10.79_76.65,CREDENTIAL_THEFT,0.397305,40,MODERATE,Moderate predicted likelihood. Consider enhanced monitoring by authorized analysts.
CASE009205,2026-08-07 10:27:24,Anantapur,14.68_77.6,CREDENTIAL_THEFT,0.358958,36,LOW,Low predicted likelihood of a qualifying future withdrawal. Continue routine monitoring.
CASE001924,2026-08-07 11:19:33,Guntur,16.31_80.44,SOCIAL_ENGINEERING,0.37912,38,LOW,Low predicted likelihood of a qualifying future withdrawal. Continue routine monitoring.
CASE004597,2026-08-07 11:24:13,Palakkad,10.79_76.65,PAYMENT_FRAUD,0.431993,43,MODERATE,Moderate predicted likelihood. Consider enhanced monitoring by authorized analysts.
CASE006532,2026-08-07 11:27:41,Kalaburagi,17.33_76.83,PAYMENT_FRAUD,0.445932,45,MODERATE,Moderate predicted likelihood. Consider enhanced monitoring by authorized analysts.
CASE007372,2026-08-07 11:49:56,Thanjavur,10.79_79.14,PAYMENT_FRAUD,0.360598,36,LOW,Low predicted likelihood of a qualifying future withdrawal. Continue routine monitoring.
CASE005600,2026-08-07 12:37:22,Kollam,8.89_76.61,INVESTMENT_SCAM,0.287914,29,LOW,Low predicted likelihood of a qualifying future withdrawal. Continue routine monitoring.
CASE009353,2026-08-07 12:40:37,Kurnool,15.83_78.04,CREDENTIAL_THEFT,0.319319,32,LOW,Low predicted likelihood of a qualifying future withdrawal. Continue routine monitoring.
CASE002022,2026-08-07 12:45:34,Salem,11.66_78.15,PAYMENT_FRAUD,0.453165,45,MODERATE,Moderate predicted likelihood. Consider enhanced monitoring by authorized analysts.
CASE008595,2026-08-07 12:48:37,Ballari,15.14_76.92,PAYMENT_FRAUD,0.249633,25,LOW,Low predicted likelihood of a qualifying future withdrawal. Continue routine monitoring.
CASE003676,2026-08-07 13:32:30,Madurai,9.93_78.12,CREDENTIAL_THEFT,0.283417,28,LOW,Low predicted likelihood of a qualifying future withdrawal. Continue routine monitoring.
CASE003915,2026-08-07 14:03:50,Tumakuru,13.34_77.1,INVESTMENT_SCAM,0.371505,37,LOW,Low predicted likelihood of a qualifying future withdrawal. Continue routine monitoring.
CASE007175,2026-08-07 14:56:20,Thanjavur,10.79_79.14,SOCIAL_ENGINEERING,0.504305,50,MODERATE,Moderate predicted likelihood. Consider enhanced monitoring by authorized analysts.
CASE000464,2026-08-07 15:49:48,Coimbatore,11.02_76.96,PAYMENT_FRAUD,0.45604,46,MODERATE,Moderate predicted likelihood. Consider enhanced monitoring by authorized analysts.
CASE000337,2026-08-07 17:01:19,Ernakulam,9.98_76.3,SOCIAL_ENGINEERING,0.441354,44,MODERATE,Moderate predicted likelihood. Consider enhanced monitoring by authorized analysts.
CASE000860,2026-08-07 17:15:10,Alappuzha,9.5_76.34,CREDENTIAL_THEFT,0.378303,38,LOW,Low predicted likelihood of a qualifying future withdrawal. Continue routine monitoring.
CASE002635,2026-08-07 18:53:02,Coimbatore,11.02_76.96,PAYMENT_FRAUD,0.325928,33,LOW,Low predicted likelihood of a qualifying future withdrawal. Continue routine monitoring.
CASE005043,2026-08-07 19:20:56,Kakinada,16.99_82.25,SOCIAL_ENGINEERING,0.446393,45,MODERATE,Moderate predicted likelihood. Consider enhanced monitoring by authorized analysts.
CASE005867,2026-08-07 19:23:29,Kalaburagi,17.33_76.83,PAYMENT_FRAUD,0.471483,47,MODERATE,Moderate predicted likelihood. Consider enhanced monitoring by authorized analysts.
CASE005474,2026-08-07 19:31:13,Tiruchirappalli,10.79_78.7,CREDENTIAL_THEFT,0.611055,61,HIGH,High predicted likelihood. Prioritize review and verification by authorized personnel.
CASE007940,2026-08-07 19:37:25,Tirunelveli,8.71_77.76,CREDENTIAL_THEFT,0.41774,42,MODERATE,Moderate predicted likelihood. Consider enhanced monitoring by authorized analysts.
CASE009524,2026-08-07 19:42:19,Vijayawada,16.51_80.65,INVESTMENT_SCAM,0.458007,46,MODERATE,Moderate predicted likelihood. Consider enhanced monitoring by authorized analysts.
CASE002484,2026-08-07 20:16:02,Kollam,8.89_76.61,SOCIAL_ENGINEERING,0.258741,26,LOW,Low predicted likelihood of a qualifying future withdrawal. Continue routine monitoring.
CASE008002,2026-08-07 20:17:07,Udupi,13.34_74.74,CREDENTIAL_THEFT,0.275102,28,LOW,Low predicted likelihood of a qualifying future withdrawal. Continue routine monitoring.
CASE007679,2026-08-07 20:27:06,Kadapa,14.47_78.82,SOCIAL_ENGINEERING,0.219601,22,LOW,Low predicted likelihood of a qualifying future withdrawal. Continue routine monitoring.
CASE007067,2026-08-07 20:37:15,Belagavi,15.85_74.5,CREDENTIAL_THEFT,0.417306,42,MODERATE,Moderate predicted likelihood. Consider enhanced monitoring by authorized analysts.
CASE002863,2026-08-07 21:34:17,Belagavi,15.85_74.5,CREDENTIAL_THEFT,0.344555,34,LOW,Low predicted likelihood of a qualifying future withdrawal. Continue routine monitoring.
CASE002958,2026-08-07 22:24:11,Kurnool,15.83_78.04,SOCIAL_ENGINEERING,0.396456,40,MODERATE,Moderate predicted likelihood. Consider enhanced monitoring by authorized analysts.
CASE005191,2026-08-07 22:31:30,Thiruvananthapuram,8.52_76.94,CREDENTIAL_THEFT,0.385405,39,LOW,Low predicted likelihood of a qualifying future withdrawal. Continue routine monitoring.
CASE001720,2026-08-07 22:37:41,Mysuru,12.3_76.64,INVESTMENT_SCAM,0.315979,32,LOW,Low predicted likelihood of a qualifying future withdrawal. Continue routine monitoring.
CASE000903,2026-08-07 23:22:50,Hubballi,15.36_75.12,PAYMENT_FRAUD,0.287211,29,LOW,Low predicted likelihood of a qualifying future withdrawal. Continue routine monitoring.
CASE009167,2026-08-07 23:46:47,Tirunelveli,8.71_77.76,PAYMENT_FRAUD,0.304195,30,LOW,Low predicted likelihood of a qualifying future withdrawal. Continue routine monitoring.
CASE000798,2026-08-07 23:47:56,Thiruvananthapuram,8.52_76.94,PAYMENT_FRAUD,0.242996,24,LOW,Low predicted likelihood of a qualifying future withdrawal. Continue routine monitoring.
CASE007751,2026-08-07 23:59:52,Malappuram,11.05_76.07,INVESTMENT_SCAM,0.310558,31,LOW,Low predicted likelihood of a qualifying future withdrawal. Continue routine monitoring.
CASE009326,2026-08-08 00:54:29,Kollam,8.89_76.61,CREDENTIAL_THEFT,0.346198,35,LOW,Low predicted likelihood of a qualifying future withdrawal. Continue routine monitoring.
CASE006067,2026-08-08 00:58:55,Tirunelveli,8.71_77.76,CREDENTIAL_THEFT,0.343773,34,LOW,Low predicted likelihood of a qualifying future withdrawal. Continue routine monitoring.
CASE005369,2026-08-08 01:05:49,Tirupati,13.63_79.42,CREDENTIAL_THEFT,0.291104,29,LOW,Low predicted likelihood of a qualifying future withdrawal. Continue routine monitoring.
CASE007780,2026-08-08 02:31:45,Kozhikode,11.26_75.78,INVESTMENT_SCAM,0.242691,24,LOW,Low predicted likelihood of a qualifying future withdrawal. Continue routine monitoring.
CASE005390,2026-08-08 02:39:36,Udupi,13.34_74.74,CREDENTIAL_THEFT,0.314731,31,LOW,Low predicted likelihood of a qualifying future withdrawal. Continue routine monitoring.
CASE006538,2026-08-08 02:57:22,Tirupati,13.63_79.42,PAYMENT_FRAUD,0.419858,42,MODERATE,Moderate predicted likelihood. Consider enhanced monitoring by authorized analysts.
CASE005246,2026-08-08 03:15:44,Nellore,14.44_79.99,PAYMENT_FRAUD,0.381421,38,LOW,Low predicted likelihood of a qualifying future withdrawal. Continue routine monitoring.
CASE003400,2026-08-08 03:36:50,Kozhikode,11.26_75.78,PAYMENT_FRAUD,0.429948,43,MODERATE,Moderate predicted likelihood. Consider enhanced monitoring by authorized analysts.
CASE007815,2026-08-08 03:51:44,Tirunelveli,8.71_77.76,CREDENTIAL_THEFT,0.261854,26,LOW,Low predicted likelihood of a qualifying future withdrawal. Continue routine monitoring.
CASE009974,2026-08-08 04:19:35,Palakkad,10.79_76.65,CREDENTIAL_THEFT,0.325747,33,LOW,Low predicted likelihood of a qualifying future withdrawal. Continue routine monitoring.
CASE005003,2026-08-08 05:08:48,Kollam,8.89_76.61,CREDENTIAL_THEFT,0.460769,46,MODERATE,Moderate predicted likelihood. Consider enhanced monitoring by authorized analysts.
CASE008460,2026-08-08 05:50:27,Kozhikode,11.26_75.78,CREDENTIAL_THEFT,0.187146,19,LOW,Low predicted likelihood of a qualifying future withdrawal. Continue routine monitoring.
CASE005849,2026-08-08 05:57:34,Bengaluru Urban,12.97_77.59,SOCIAL_ENGINEERING,0.245016,25,LOW,Low predicted likelihood of a qualifying future withdrawal. Continue routine monitoring.
CASE009956,2026-08-08 06:04:24,Udupi,13.34_74.74,CREDENTIAL_THEFT,0.369454,37,LOW,Low predicted likelihood of a qualifying future withdrawal. Continue routine monitoring.
CASE003895,2026-08-08 09:12:47,Tirupati,13.63_79.42,CREDENTIAL_THEFT,0.21228,21,LOW,Low predicted likelihood of a qualifying future withdrawal. Continue routine monitoring.
CASE009462,2026-08-08 09:26:18,Visakhapatnam,17.69_83.22,CREDENTIAL_THEFT,0.254879,25,LOW,Low predicted likelihood of a qualifying future withdrawal. Continue routine monitoring.
CASE002230,2026-08-08 11:09:14,Kalaburagi,17.33_76.83,SOCIAL_ENGINEERING,0.312702,31,LOW,Low predicted likelihood of a qualifying future withdrawal. Continue routine monitoring.
CASE007451,2026-08-08 11:22:55,Kottayam,9.59_76.52,PAYMENT_FRAUD,0.215976,22,LOW,Low predicted likelihood of a qualifying future withdrawal. Continue routine monitoring.
CASE003516,2026-08-08 11:46:09,Visakhapatnam,17.69_83.22,INVESTMENT_SCAM,0.200955,20,LOW,Low predicted likelihood of a qualifying future withdrawal. Continue routine monitoring.
CASE002493,2026-08-08 12:46:23,Alappuzha,9.5_76.34,INVESTMENT_SCAM,0.397176,40,MODERATE,Moderate predicted likelihood. Consider enhanced monitoring by authorized analysts.
CASE003043,2026-08-08 13:23:01,Palakkad,10.79_76.65,PAYMENT_FRAUD,0.295254,30,LOW,Low predicted likelihood of a qualifying future withdrawal. Continue routine monitoring.
CASE006325,2026-08-08 13:34:48,Thiruvananthapuram,8.52_76.94,PAYMENT_FRAUD,0.246274,25,LOW,Low predicted likelihood of a qualifying future withdrawal. Continue routine monitoring.
CASE001503,2026-08-08 13:36:11,Coimbatore,11.02_76.96,CREDENTIAL_THEFT,0.322749,32,LOW,Low predicted likelihood of a qualifying future withdrawal. Continue routine monitoring.
CASE004152,2026-08-08 14:07:26,Shivamogga,13.93_75.57,CREDENTIAL_THEFT,0.335018,34,LOW,Low predicted likelihood of a qualifying future withdrawal. Continue routine monitoring.
CASE002660,2026-08-08 14:30:51,Kadapa,14.47_78.82,CREDENTIAL_THEFT,0.144715,14,LOW,Low predicted likelihood of a qualifying future withdrawal. Continue routine monitoring.
CASE005482,2026-08-08 14:37:33,Nellore,14.44_79.99,CREDENTIAL_THEFT,0.241062,24,LOW,Low predicted likelihood of a qualifying future withdrawal. Continue routine monitoring.
CASE001404,2026-08-08 15:15:02,Tirupati,13.63_79.42,INVESTMENT_SCAM,0.245319,25,LOW,Low predicted likelihood of a qualifying future withdrawal. Continue routine monitoring.
CASE004835,2026-08-08 15:51:42,Chennai,13.08_80.27,INVESTMENT_SCAM,0.139979,14,LOW,Low predicted likelihood of a qualifying future withdrawal. Continue routine monitoring.
CASE004746,2026-08-08 16:48:02,Thrissur,10.53_76.21,CREDENTIAL_THEFT,0.231221,23,LOW,Low predicted likelihood of a qualifying future withdrawal. Continue routine monitoring.
CASE008469,2026-08-08 16:49:59,Kalaburagi,17.33_76.83,PAYMENT_FRAUD,0.308633,31,LOW,Low predicted likelihood of a qualifying future withdrawal. Continue routine monitoring.
CASE004267,2026-08-08 16:59:36,Thiruvananthapuram,8.52_76.94,CREDENTIAL_THEFT,0.251174,25,LOW,Low predicted likelihood of a qualifying future withdrawal. Continue routine monitoring.
CASE003046,2026-08-08 22:22:29,Thiruvananthapuram,8.52_76.94,CREDENTIAL_THEFT,0.504436,50,MODERATE,Moderate predicted likelihood. Consider enhanced monitoring by authorized analysts.
CASE003395,2026-08-08 22:28:41,Nellore,14.44_79.99,PAYMENT_FRAUD,0.523297,52,MODERATE,Moderate predicted likelihood. Consider enhanced monitoring by authorized analysts.
CASE007083,2026-08-08 22:47:21,Kannur,11.87_75.37,SOCIAL_ENGINEERING,0.384694,38,LOW,Low predicted likelihood of a qualifying future withdrawal. Continue routine monitoring.
CASE005825,2026-08-08 23:05:23,Rajamahendravaram,16.99_81.78,PAYMENT_FRAUD,0.469482,47,MODERATE,Moderate predicted likelihood. Consider enhanced monitoring by authorized analysts.
CASE009776,2026-08-09 01:28:00,Ballari,15.14_76.92,PAYMENT_FRAUD,0.237943,24,LOW,Low predicted likelihood of a qualifying future withdrawal. Continue routine monitoring.
CASE000511,2026-08-09 02:36:49,Vellore,12.92_79.13,PAYMENT_FRAUD,0.347766,35,LOW,Low predicted likelihood of a qualifying future withdrawal. Continue routine monitoring.
CASE009118,2026-08-09 03:37:09,Tirunelveli,8.71_77.76,CREDENTIAL_THEFT,0.422117,42,MODERATE,Moderate predicted likelihood. Consider enhanced monitoring by authorized analysts.
CASE009173,2026-08-09 05:33:06,Dindigul,10.37_77.98,INVESTMENT_SCAM,0.450668,45,MODERATE,Moderate predicted likelihood. Consider enhanced monitoring by authorized analysts.
CASE007772,2026-08-09 06:36:11,Tiruchirappalli,10.79_78.7,PAYMENT_FRAUD,0.631938,63,HIGH,High predicted likelihood. Prioritize review and verification by authorized personnel.
CASE004779,2026-08-09 07:30:44,Tiruchirappalli,10.79_78.7,PAYMENT_FRAUD,0.495411,50,MODERATE,Moderate predicted likelihood. Consider enhanced monitoring by authorized analysts.
CASE003801,2026-08-09 08:07:19,Visakhapatnam,17.69_83.22,CREDENTIAL_THEFT,0.454607,45,MODERATE,Moderate predicted likelihood. Consider enhanced monitoring by authorized analysts.
CASE007292,2026-08-09 08:11:19,Malappuram,11.05_76.07,SOCIAL_ENGINEERING,0.336509,34,LOW,Low predicted likelihood of a qualifying future withdrawal. Continue routine monitoring.
CASE008823,2026-08-09 08:48:10,Madurai,9.93_78.12,INVESTMENT_SCAM,0.33296,33,LOW,Low predicted likelihood of a qualifying future withdrawal. Continue routine monitoring.
CASE005660,2026-08-09 08:58:03,Tumakuru,13.34_77.1,PAYMENT_FRAUD,0.396276,40,MODERATE,Moderate predicted likelihood. Consider enhanced monitoring by authorized analysts.
CASE009742,2026-08-09 08:58:33,Madurai,9.93_78.12,PAYMENT_FRAUD,0.274697,27,LOW,Low predicted likelihood of a qualifying future withdrawal. Continue routine monitoring.
CASE009921,2026-08-09 10:24:03,Tiruchirappalli,10.79_78.7,PAYMENT_FRAUD,0.461704,46,MODERATE,Moderate predicted likelihood. Consider enhanced monitoring by authorized analysts.
CASE004606,2026-08-09 10:53:59,Shivamogga,13.93_75.57,SOCIAL_ENGINEERING,0.354261,35,LOW,Low predicted likelihood of a qualifying future withdrawal. Continue routine monitoring.
CASE009109,2026-08-09 11:45:21,Chennai,13.08_80.27,SOCIAL_ENGINEERING,0.209039,21,LOW,Low predicted likelihood of a qualifying future withdrawal. Continue routine monitoring.
CASE001392,2026-08-09 12:15:36,Tirupati,13.63_79.42,CREDENTIAL_THEFT,0.314717,31,LOW,Low predicted likelihood of a qualifying future withdrawal. Continue routine monitoring.
CASE002945,2026-08-09 12:44:43,Udupi,13.34_74.74,CREDENTIAL_THEFT,0.245369,25,LOW,Low predicted likelihood of a qualifying future withdrawal. Continue routine monitoring.
CASE004757,2026-08-09 13:01:00,Madurai,9.93_78.12,PAYMENT_FRAUD,0.207316,21,LOW,Low predicted likelihood of a qualifying future withdrawal. Continue routine monitoring.
CASE009740,2026-08-09 13:30:48,Tirupati,13.63_79.42,CREDENTIAL_THEFT,0.385724,39,LOW,Low predicted likelihood of a qualifying future withdrawal. Continue routine monitoring.
CASE005671,2026-08-09 13:43:17,Kollam,8.89_76.61,CREDENTIAL_THEFT,0.204778,20,LOW,Low predicted likelihood of a qualifying future withdrawal. Continue routine monitoring.
CASE000924,2026-08-09 14:08:01,Malappuram,11.05_76.07,PAYMENT_FRAUD,0.146672,15,LOW,Low predicted likelihood of a qualifying future withdrawal. Continue routine monitoring.
CASE005801,2026-08-09 14:28:58,Kalaburagi,17.33_76.83,SOCIAL_ENGINEERING,0.426902,43,MODERATE,Moderate predicted likelihood. Consider enhanced monitoring by authorized analysts.
CASE003176,2026-08-09 14:39:58,Mangaluru,12.91_74.86,CREDENTIAL_THEFT,0.148936,15,LOW,Low predicted likelihood of a qualifying future withdrawal. Continue routine monitoring.
CASE007042,2026-08-09 14:51:34,Tirupati,13.63_79.42,INVESTMENT_SCAM,0.269373,27,LOW,Low predicted likelihood of a qualifying future withdrawal. Continue routine monitoring.
CASE007357,2026-08-09 17:24:40,Kannur,11.87_75.37,SOCIAL_ENGINEERING,0.417762,42,MODERATE,Moderate predicted likelihood. Consider enhanced monitoring by authorized analysts.
CASE006289,2026-08-09 17:37:07,Vellore,12.92_79.13,PAYMENT_FRAUD,0.287928,29,LOW,Low predicted likelihood of a qualifying future withdrawal. Continue routine monitoring.
CASE009858,2026-08-09 18:34:13,Coimbatore,11.02_76.96,CREDENTIAL_THEFT,0.277895,28,LOW,Low predicted likelihood of a qualifying future withdrawal. Continue routine monitoring.
CASE004209,2026-08-09 19:19:21,Thiruvananthapuram,8.52_76.94,INVESTMENT_SCAM,0.291864,29,LOW,Low predicted likelihood of a qualifying future withdrawal. Continue routine monitoring.
CASE000175,2026-08-09 19:20:14,Thanjavur,10.79_79.14,CREDENTIAL_THEFT,0.299615,30,LOW,Low predicted likelihood of a qualifying future withdrawal. Continue routine monitoring.
CASE002690,2026-08-09 22:01:53,Belagavi,15.85_74.5,CREDENTIAL_THEFT,0.407793,41,MODERATE,Moderate predicted likelihood. Consider enhanced monitoring by authorized analysts.
CASE005299,2026-08-09 22:43:00,Tumakuru,13.34_77.1,PAYMENT_FRAUD,0.411625,41,MODERATE,Moderate predicted likelihood. Consider enhanced monitoring by authorized analysts.
CASE004329,2026-08-09 23:06:51,Tirupati,13.63_79.42,CREDENTIAL_THEFT,0.340636,34,LOW,Low predicted likelihood of a qualifying future withdrawal. Continue routine monitoring.
CASE009971,2026-08-09 23:18:45,Tumakuru,13.34_77.1,INVESTMENT_SCAM,0.303292,30,LOW,Low predicted likelihood of a qualifying future withdrawal. Continue routine monitoring.
CASE003505,2026-08-10 01:40:28,Tiruchirappalli,10.79_78.7,INVESTMENT_SCAM,0.421133,42,MODERATE,Moderate predicted likelihood. Consider enhanced monitoring by authorized analysts.
CASE004113,2026-08-10 01:59:58,Kottayam,9.59_76.52,PAYMENT_FRAUD,0.430259,43,MODERATE,Moderate predicted likelihood. Consider enhanced monitoring by authorized analysts.
CASE008389,2026-08-10 02:19:24,Thanjavur,10.79_79.14,SOCIAL_ENGINEERING,0.313036,31,LOW,Low predicted likelihood of a qualifying future withdrawal. Continue routine monitoring.
CASE005573,2026-08-10 03:29:53,Thanjavur,10.79_79.14,CREDENTIAL_THEFT,0.424008,42,MODERATE,Moderate predicted likelihood. Consider enhanced monitoring by authorized analysts.
CASE002818,2026-08-10 04:02:30,Kadapa,14.47_78.82,INVESTMENT_SCAM,0.291602,29,LOW,Low predicted likelihood of a qualifying future withdrawal. Continue routine monitoring.
CASE007667,2026-08-10 04:19:37,Mysuru,12.3_76.64,PAYMENT_FRAUD,0.239289,24,LOW,Low predicted likelihood of a qualifying future withdrawal. Continue routine monitoring.
CASE006622,2026-08-10 05:11:56,Palakkad,10.79_76.65,SOCIAL_ENGINEERING,0.290425,29,LOW,Low predicted likelihood of a qualifying future withdrawal. Continue routine monitoring.
CASE003245,2026-08-10 05:12:35,Alappuzha,9.5_76.34,INVESTMENT_SCAM,0.384505,38,LOW,Low predicted likelihood of a qualifying future withdrawal. Continue routine monitoring.
CASE009047,2026-08-10 06:11:10,Vellore,12.92_79.13,PAYMENT_FRAUD,0.347979,35,LOW,Low predicted likelihood of a qualifying future withdrawal. Continue routine monitoring.
CASE007255,2026-08-10 06:52:42,Guntur,16.31_80.44,INVESTMENT_SCAM,0.463699,46,MODERATE,Moderate predicted likelihood. Consider enhanced monitoring by authorized analysts.
CASE002274,2026-08-10 06:54:59,Rajamahendravaram,16.99_81.78,PAYMENT_FRAUD,0.190942,19,LOW,Low predicted likelihood of a qualifying future withdrawal. Continue routine monitoring.
CASE009833,2026-08-10 07:22:49,Coimbatore,11.02_76.96,PAYMENT_FRAUD,0.242455,24,LOW,Low predicted likelihood of a qualifying future withdrawal. Continue routine monitoring.
CASE001746,2026-08-10 09:31:15,Kozhikode,11.26_75.78,PAYMENT_FRAUD,0.213471,21,LOW,Low predicted likelihood of a qualifying future withdrawal. Continue routine monitoring.
CASE001929,2026-08-10 10:06:39,Nellore,14.44_79.99,PAYMENT_FRAUD,0.350062,35,LOW,Low predicted likelihood of a qualifying future withdrawal. Continue routine monitoring.
CASE004822,2026-08-10 10:21:05,Alappuzha,9.5_76.34,INVESTMENT_SCAM,0.324537,32,LOW,Low predicted likelihood of a qualifying future withdrawal. Continue routine monitoring.
CASE007411,2026-08-10 10:34:45,Rajamahendravaram,16.99_81.78,PAYMENT_FRAUD,0.465296,47,MODERATE,Moderate predicted likelihood. Consider enhanced monitoring by authorized analysts.
CASE003555,2026-08-10 12:09:05,Anantapur,14.68_77.6,CREDENTIAL_THEFT,0.295579,30,LOW,Low predicted likelihood of a qualifying future withdrawal. Continue routine monitoring.
CASE004825,2026-08-10 12:41:57,Tiruchirappalli,10.79_78.7,PAYMENT_FRAUD,0.308552,31,LOW,Low predicted likelihood of a qualifying future withdrawal. Continue routine monitoring.
CASE003382,2026-08-10 12:57:12,Thrissur,10.53_76.21,INVESTMENT_SCAM,0.380425,38,LOW,Low predicted likelihood of a qualifying future withdrawal. Continue routine monitoring.
CASE003820,2026-08-10 13:16:36,Guntur,16.31_80.44,INVESTMENT_SCAM,0.312496,31,LOW,Low predicted likelihood of a qualifying future withdrawal. Continue routine monitoring.
CASE006042,2026-08-10 13:32:47,Salem,11.66_78.15,CREDENTIAL_THEFT,0.31274,31,LOW,Low predicted likelihood of a qualifying future withdrawal. Continue routine monitoring.
CASE008996,2026-08-10 14:55:04,Hubballi,15.36_75.12,CREDENTIAL_THEFT,0.257431,26,LOW,Low predicted likelihood of a qualifying future withdrawal. Continue routine monitoring.
CASE004050,2026-08-10 15:01:24,Vellore,12.92_79.13,PAYMENT_FRAUD,0.196905,20,LOW,Low predicted likelihood of a qualifying future withdrawal. Continue routine monitoring.
CASE003143,2026-08-10 15:05:04,Thrissur,10.53_76.21,CREDENTIAL_THEFT,0.342096,34,LOW,Low predicted likelihood of a qualifying future withdrawal. Continue routine monitoring.
CASE005699,2026-08-10 15:18:53,Mangaluru,12.91_74.86,PAYMENT_FRAUD,0.190535,19,LOW,Low predicted likelihood of a qualifying future withdrawal. Continue routine monitoring.
CASE000667,2026-08-10 15:28:51,Nellore,14.44_79.99,SOCIAL_ENGINEERING,0.385262,39,LOW,Low predicted likelihood of a qualifying future withdrawal. Continue routine monitoring.
CASE001076,2026-08-10 17:36:26,Tirunelveli,8.71_77.76,PAYMENT_FRAUD,0.404418,40,MODERATE,Moderate predicted likelihood. Consider enhanced monitoring by authorized analysts.
CASE005935,2026-08-10 18:38:25,Belagavi,15.85_74.5,PAYMENT_FRAUD,0.341569,34,LOW,Low predicted likelihood of a qualifying future withdrawal. Continue routine monitoring.
CASE001546,2026-08-10 18:38:54,Tirupati,13.63_79.42,CREDENTIAL_THEFT,0.344727,34,LOW,Low predicted likelihood of a qualifying future withdrawal. Continue routine monitoring.
CASE008080,2026-08-10 19:01:14,Kakinada,16.99_82.25,CREDENTIAL_THEFT,0.313615,31,LOW,Low predicted likelihood of a qualifying future withdrawal. Continue routine monitoring.
CASE003231,2026-08-10 19:06:17,Kottayam,9.59_76.52,CREDENTIAL_THEFT,0.35497,35,LOW,Low predicted likelihood of a qualifying future withdrawal. Continue routine monitoring.
CASE004701,2026-08-10 19:25:07,Kakinada,16.99_82.25,PAYMENT_FRAUD,0.379723,38,LOW,Low predicted likelihood of a qualifying future withdrawal. Continue routine monitoring.
CASE002729,2026-08-10 19:26:30,Coimbatore,11.02_76.96,PAYMENT_FRAUD,0.310461,31,LOW,Low predicted likelihood of a qualifying future withdrawal. Continue routine monitoring.
CASE000510,2026-08-10 19:41:35,Kottayam,9.59_76.52,PAYMENT_FRAUD,0.384756,38,LOW,Low predicted likelihood of a qualifying future withdrawal. Continue routine monitoring.
CASE008324,2026-08-10 20:01:13,Thiruvananthapuram,8.52_76.94,INVESTMENT_SCAM,0.298765,30,LOW,Low predicted likelihood of a qualifying future withdrawal. Continue routine monitoring.
CASE008143,2026-08-10 21:43:56,Kadapa,14.47_78.82,CREDENTIAL_THEFT,0.280205,28,LOW,Low predicted likelihood of a qualifying future withdrawal. Continue routine monitoring.
CASE004734,2026-08-10 21:44:37,Tirunelveli,8.71_77.76,PAYMENT_FRAUD,0.477858,48,MODERATE,Moderate predicted likelihood. Consider enhanced monitoring by authorized analysts.
CASE004330,2026-08-10 23:16:12,Mysuru,12.3_76.64,PAYMENT_FRAUD,0.330957,33,LOW,Low predicted likelihood of a qualifying future withdrawal. Continue routine monitoring.
CASE003577,2026-08-11 00:38:31,Kollam,8.89_76.61,PAYMENT_FRAUD,0.339617,34,LOW,Low predicted likelihood of a qualifying future withdrawal. Continue routine monitoring.
CASE009259,2026-08-11 01:43:46,Bengaluru Urban,12.97_77.59,INVESTMENT_SCAM,0.36683,37,LOW,Low predicted likelihood of a qualifying future withdrawal. Continue routine monitoring.
CASE001363,2026-08-11 02:44:16,Kollam,8.89_76.61,PAYMENT_FRAUD,0.484645,48,MODERATE,Moderate predicted likelihood. Consider enhanced monitoring by authorized analysts.
CASE005044,2026-08-11 03:18:41,Thanjavur,10.79_79.14,INVESTMENT_SCAM,0.340651,34,LOW,Low predicted likelihood of a qualifying future withdrawal. Continue routine monitoring.
CASE006787,2026-08-11 04:12:04,Thiruvananthapuram,8.52_76.94,INVESTMENT_SCAM,0.428544,43,MODERATE,Moderate predicted likelihood. Consider enhanced monitoring by authorized analysts.
CASE004000,2026-08-11 04:20:37,Malappuram,11.05_76.07,PAYMENT_FRAUD,0.211353,21,LOW,Low predicted likelihood of a qualifying future withdrawal. Continue routine monitoring.
CASE008387,2026-08-11 05:37:59,Ballari,15.14_76.92,CREDENTIAL_THEFT,0.29265,29,LOW,Low predicted likelihood of a qualifying future withdrawal. Continue routine monitoring.
CASE009625,2026-08-11 05:41:41,Kollam,8.89_76.61,CREDENTIAL_THEFT,0.391586,39,LOW,Low predicted likelihood of a qualifying future withdrawal. Continue routine monitoring.
CASE009784,2026-08-11 06:20:26,Guntur,16.31_80.44,PAYMENT_FRAUD,0.409917,41,MODERATE,Moderate predicted likelihood. Consider enhanced monitoring by authorized analysts.
CASE009770,2026-08-11 06:30:30,Vijayawada,16.51_80.65,CREDENTIAL_THEFT,0.403024,40,MODERATE,Moderate predicted likelihood. Consider enhanced monitoring by authorized analysts.
CASE006756,2026-08-11 06:34:32,Guntur,16.31_80.44,PAYMENT_FRAUD,0.348289,35,LOW,Low predicted likelihood of a qualifying future withdrawal. Continue routine monitoring.
CASE008193,2026-08-11 06:59:02,Salem,11.66_78.15,CREDENTIAL_THEFT,0.299837,30,LOW,Low predicted likelihood of a qualifying future withdrawal. Continue routine monitoring.
CASE005986,2026-08-11 08:06:10,Tumakuru,13.34_77.1,PAYMENT_FRAUD,0.477491,48,MODERATE,Moderate predicted likelihood. Consider enhanced monitoring by authorized analysts.
CASE002963,2026-08-11 08:29:25,Belagavi,15.85_74.5,PAYMENT_FRAUD,0.358736,36,LOW,Low predicted likelihood of a qualifying future withdrawal. Continue routine monitoring.
CASE004249,2026-08-11 08:47:13,Vijayawada,16.51_80.65,PAYMENT_FRAUD,0.398887,40,MODERATE,Moderate predicted likelihood. Consider enhanced monitoring by authorized analysts.
CASE000987,2026-08-11 09:40:57,Mysuru,12.3_76.64,CREDENTIAL_THEFT,0.336337,34,LOW,Low predicted likelihood of a qualifying future withdrawal. Continue routine monitoring.
CASE008885,2026-08-11 09:41:30,Guntur,16.31_80.44,PAYMENT_FRAUD,0.464491,46,MODERATE,Moderate predicted likelihood. Consider enhanced monitoring by authorized analysts.
CASE003197,2026-08-11 09:50:46,Palakkad,10.79_76.65,SOCIAL_ENGINEERING,0.435957,44,MODERATE,Moderate predicted likelihood. Consider enhanced monitoring by authorized analysts.
CASE000032,2026-08-11 09:53:55,Bengaluru Urban,12.97_77.59,PAYMENT_FRAUD,0.299183,30,LOW,Low predicted likelihood of a qualifying future withdrawal. Continue routine monitoring.
CASE001457,2026-08-11 10:08:26,Udupi,13.34_74.74,PAYMENT_FRAUD,0.255004,26,LOW,Low predicted likelihood of a qualifying future withdrawal. Continue routine monitoring.
CASE000679,2026-08-11 10:14:11,Mysuru,12.3_76.64,SOCIAL_ENGINEERING,0.300694,30,LOW,Low predicted likelihood of a qualifying future withdrawal. Continue routine monitoring.
CASE009419,2026-08-11 10:38:15,Hubballi,15.36_75.12,SOCIAL_ENGINEERING,0.361524,36,LOW,Low predicted likelihood of a qualifying future withdrawal. Continue routine monitoring.
CASE008288,2026-08-11 10:40:40,Udupi,13.34_74.74,CREDENTIAL_THEFT,0.263055,26,LOW,Low predicted likelihood of a qualifying future withdrawal. Continue routine monitoring.
CASE008744,2026-08-11 10:43:45,Palakkad,10.79_76.65,PAYMENT_FRAUD,0.35098,35,LOW,Low predicted likelihood of a qualifying future withdrawal. Continue routine monitoring.
CASE004084,2026-08-11 11:25:04,Tumakuru,13.34_77.1,PAYMENT_FRAUD,0.362115,36,LOW,Low predicted likelihood of a qualifying future withdrawal. Continue routine monitoring.
CASE008280,2026-08-11 11:58:32,Thrissur,10.53_76.21,SOCIAL_ENGINEERING,0.424552,42,MODERATE,Moderate predicted likelihood. Consider enhanced monitoring by authorized analysts.
CASE001094,2026-08-11 12:04:53,Mysuru,12.3_76.64,SOCIAL_ENGINEERING,0.328264,33,LOW,Low predicted likelihood of a qualifying future withdrawal. Continue routine monitoring.
CASE008291,2026-08-11 12:28:14,Erode,11.34_77.72,INVESTMENT_SCAM,0.449013,45,MODERATE,Moderate predicted likelihood. Consider enhanced monitoring by authorized analysts.
CASE005259,2026-08-11 14:13:42,Shivamogga,13.93_75.57,PAYMENT_FRAUD,0.377932,38,LOW,Low predicted likelihood of a qualifying future withdrawal. Continue routine monitoring.
CASE009537,2026-08-11 14:35:07,Alappuzha,9.5_76.34,CREDENTIAL_THEFT,0.255912,26,LOW,Low predicted likelihood of a qualifying future withdrawal. Continue routine monitoring.
CASE008453,2026-08-11 15:46:18,Bengaluru Urban,12.97_77.59,SOCIAL_ENGINEERING,0.392718,39,LOW,Low predicted likelihood of a qualifying future withdrawal. Continue routine monitoring.
CASE000683,2026-08-11 16:03:09,Hubballi,15.36_75.12,CREDENTIAL_THEFT,0.359873,36,LOW,Low predicted likelihood of a qualifying future withdrawal. Continue routine monitoring.
CASE002193,2026-08-11 16:15:35,Kottayam,9.59_76.52,INVESTMENT_SCAM,0.373881,37,LOW,Low predicted likelihood of a qualifying future withdrawal. Continue routine monitoring.
CASE003679,2026-08-11 17:37:04,Kalaburagi,17.33_76.83,CREDENTIAL_THEFT,0.368301,37,LOW,Low predicted likelihood of a qualifying future withdrawal. Continue routine monitoring.
CASE006018,2026-08-11 17:55:22,Visakhapatnam,17.69_83.22,INVESTMENT_SCAM,0.408592,41,MODERATE,Moderate predicted likelihood. Consider enhanced monitoring by authorized analysts.
CASE008859,2026-08-11 18:45:35,Thanjavur,10.79_79.14,PAYMENT_FRAUD,0.337467,34,LOW,Low predicted likelihood of a qualifying future withdrawal. Continue routine monitoring.
CASE006816,2026-08-11 19:23:14,Hubballi,15.36_75.12,SOCIAL_ENGINEERING,0.458778,46,MODERATE,Moderate predicted likelihood. Consider enhanced monitoring by authorized analysts.
CASE003894,2026-08-11 21:36:22,Thrissur,10.53_76.21,CREDENTIAL_THEFT,0.56703,57,MODERATE,Moderate predicted likelihood. Consider enhanced monitoring by authorized analysts.
CASE006685,2026-08-11 21:36:35,Vellore,12.92_79.13,SOCIAL_ENGINEERING,0.380325,38,LOW,Low predicted likelihood of a qualifying future withdrawal. Continue routine monitoring.
CASE000587,2026-08-11 21:44:18,Kannur,11.87_75.37,SOCIAL_ENGINEERING,0.360356,36,LOW,Low predicted likelihood of a qualifying future withdrawal. Continue routine monitoring.
CASE006853,2026-08-11 22:02:53,Tumakuru,13.34_77.1,INVESTMENT_SCAM,0.36001,36,LOW,Low predicted likelihood of a qualifying future withdrawal. Continue routine monitoring.
CASE009728,2026-08-11 22:12:23,Bengaluru Urban,12.97_77.59,INVESTMENT_SCAM,0.333054,33,LOW,Low predicted likelihood of a qualifying future withdrawal. Continue routine monitoring.
CASE003317,2026-08-11 22:21:39,Chennai,13.08_80.27,INVESTMENT_SCAM,0.256217,26,LOW,Low predicted likelihood of a qualifying future withdrawal. Continue routine monitoring.
CASE006487,2026-08-11 22:35:15,Vellore,12.92_79.13,SOCIAL_ENGINEERING,0.423452,42,MODERATE,Moderate predicted likelihood. Consider enhanced monitoring by authorized analysts.
CASE002485,2026-08-11 23:00:35,Anantapur,14.68_77.6,PAYMENT_FRAUD,0.174142,17,LOW,Low predicted likelihood of a qualifying future withdrawal. Continue routine monitoring.
CASE002528,2026-08-11 23:06:50,Anantapur,14.68_77.6,CREDENTIAL_THEFT,0.3595,36,LOW,Low predicted likelihood of a qualifying future withdrawal. Continue routine monitoring.
CASE002006,2026-08-11 23:54:48,Bengaluru Urban,12.97_77.59,CREDENTIAL_THEFT,0.527956,53,MODERATE,Moderate predicted likelihood. Consider enhanced monitoring by authorized analysts.
CASE007875,2026-08-11 23:57:12,Kottayam,9.59_76.52,PAYMENT_FRAUD,0.386826,39,LOW,Low predicted likelihood of a qualifying future withdrawal. Continue routine monitoring.
CASE003657,2026-08-12 01:22:18,Kozhikode,11.26_75.78,CREDENTIAL_THEFT,0.437547,44,MODERATE,Moderate predicted likelihood. Consider enhanced monitoring by authorized analysts.
CASE006823,2026-08-12 01:58:53,Kozhikode,11.26_75.78,CREDENTIAL_THEFT,0.418404,42,MODERATE,Moderate predicted likelihood. Consider enhanced monitoring by authorized analysts.
CASE000927,2026-08-12 02:15:03,Ernakulam,9.98_76.3,PAYMENT_FRAUD,0.418714,42,MODERATE,Moderate predicted likelihood. Consider enhanced monitoring by authorized analysts.
CASE001774,2026-08-12 02:50:18,Kozhikode,11.26_75.78,PAYMENT_FRAUD,0.391256,39,LOW,Low predicted likelihood of a qualifying future withdrawal. Continue routine monitoring.
CASE000178,2026-08-12 05:11:35,Kannur,11.87_75.37,SOCIAL_ENGINEERING,0.478081,48,MODERATE,Moderate predicted likelihood. Consider enhanced monitoring by authorized analysts.
CASE000487,2026-08-12 06:08:46,Dindigul,10.37_77.98,INVESTMENT_SCAM,0.478908,48,MODERATE,Moderate predicted likelihood. Consider enhanced monitoring by authorized analysts.
CASE000468,2026-08-12 07:12:19,Tirupati,13.63_79.42,CREDENTIAL_THEFT,0.346274,35,LOW,Low predicted likelihood of a qualifying future withdrawal. Continue routine monitoring.
CASE007389,2026-08-12 07:53:53,Bengaluru Urban,12.97_77.59,CREDENTIAL_THEFT,0.452584,45,MODERATE,Moderate predicted likelihood. Consider enhanced monitoring by authorized analysts.
CASE005624,2026-08-12 08:26:34,Thanjavur,10.79_79.14,PAYMENT_FRAUD,0.464782,46,MODERATE,Moderate predicted likelihood. Consider enhanced monitoring by authorized analysts.
CASE003057,2026-08-12 08:37:46,Bengaluru Urban,12.97_77.59,SOCIAL_ENGINEERING,0.443706,44,MODERATE,Moderate predicted likelihood. Consider enhanced monitoring by authorized analysts.
CASE001822,2026-08-12 08:37:58,Vijayawada,16.51_80.65,CREDENTIAL_THEFT,0.458312,46,MODERATE,Moderate predicted likelihood. Consider enhanced monitoring by authorized analysts.
CASE000291,2026-08-12 09:43:38,Nellore,14.44_79.99,SOCIAL_ENGINEERING,0.597966,60,HIGH,High predicted likelihood. Prioritize review and verification by authorized personnel.
CASE003872,2026-08-12 09:44:22,Mysuru,12.3_76.64,PAYMENT_FRAUD,0.436341,44,MODERATE,Moderate predicted likelihood. Consider enhanced monitoring by authorized analysts.
CASE004380,2026-08-12 10:00:49,Rajamahendravaram,16.99_81.78,CREDENTIAL_THEFT,0.265902,27,LOW,Low predicted likelihood of a qualifying future withdrawal. Continue routine monitoring.
CASE009507,2026-08-12 10:18:30,Kannur,11.87_75.37,CREDENTIAL_THEFT,0.521559,52,MODERATE,Moderate predicted likelihood. Consider enhanced monitoring by authorized analysts.
CASE001041,2026-08-12 10:55:55,Ernakulam,9.98_76.3,PAYMENT_FRAUD,0.408516,41,MODERATE,Moderate predicted likelihood. Consider enhanced monitoring by authorized analysts.
CASE005735,2026-08-12 11:25:41,Tirupati,13.63_79.42,INVESTMENT_SCAM,0.400954,40,MODERATE,Moderate predicted likelihood. Consider enhanced monitoring by authorized analysts.
CASE007620,2026-08-12 12:09:32,Dindigul,10.37_77.98,PAYMENT_FRAUD,0.474749,47,MODERATE,Moderate predicted likelihood. Consider enhanced monitoring by authorized analysts.
CASE009190,2026-08-12 12:32:09,Thiruvananthapuram,8.52_76.94,CREDENTIAL_THEFT,0.303846,30,LOW,Low predicted likelihood of a qualifying future withdrawal. Continue routine monitoring.
CASE006525,2026-08-12 12:33:54,Kozhikode,11.26_75.78,PAYMENT_FRAUD,0.271573,27,LOW,Low predicted likelihood of a qualifying future withdrawal. Continue routine monitoring.
CASE005295,2026-08-12 12:37:06,Dindigul,10.37_77.98,INVESTMENT_SCAM,0.432917,43,MODERATE,Moderate predicted likelihood. Consider enhanced monitoring by authorized analysts.
CASE002728,2026-08-12 13:04:30,Tirunelveli,8.71_77.76,SOCIAL_ENGINEERING,0.219123,22,LOW,Low predicted likelihood of a qualifying future withdrawal. Continue routine monitoring.
CASE009904,2026-08-12 13:15:38,Kalaburagi,17.33_76.83,SOCIAL_ENGINEERING,0.36607,37,LOW,Low predicted likelihood of a qualifying future withdrawal. Continue routine monitoring.
CASE003537,2026-08-12 14:02:52,Udupi,13.34_74.74,PAYMENT_FRAUD,0.367631,37,LOW,Low predicted likelihood of a qualifying future withdrawal. Continue routine monitoring.
CASE006309,2026-08-12 15:46:27,Thanjavur,10.79_79.14,PAYMENT_FRAUD,0.481777,48,MODERATE,Moderate predicted likelihood. Consider enhanced monitoring by authorized analysts.
CASE004981,2026-08-12 17:00:23,Thanjavur,10.79_79.14,CREDENTIAL_THEFT,0.387771,39,LOW,Low predicted likelihood of a qualifying future withdrawal. Continue routine monitoring.
CASE007868,2026-08-12 17:01:18,Ballari,15.14_76.92,CREDENTIAL_THEFT,0.31541,32,LOW,Low predicted likelihood of a qualifying future withdrawal. Continue routine monitoring.
CASE004547,2026-08-12 17:19:31,Kozhikode,11.26_75.78,PAYMENT_FRAUD,0.406222,41,MODERATE,Moderate predicted likelihood. Consider enhanced monitoring by authorized analysts.
CASE007608,2026-08-12 17:39:44,Tumakuru,13.34_77.1,CREDENTIAL_THEFT,0.375879,38,LOW,Low predicted likelihood of a qualifying future withdrawal. Continue routine monitoring.
CASE004337,2026-08-12 17:52:00,Visakhapatnam,17.69_83.22,CREDENTIAL_THEFT,0.427466,43,MODERATE,Moderate predicted likelihood. Consider enhanced monitoring by authorized analysts.
CASE007660,2026-08-12 19:39:59,Visakhapatnam,17.69_83.22,SOCIAL_ENGINEERING,0.548034,55,MODERATE,Moderate predicted likelihood. Consider enhanced monitoring by authorized analysts.
CASE008112,2026-08-12 19:50:39,Coimbatore,11.02_76.96,INVESTMENT_SCAM,0.393201,39,LOW,Low predicted likelihood of a qualifying future withdrawal. Continue routine monitoring.
CASE004253,2026-08-12 20:08:25,Shivamogga,13.93_75.57,INVESTMENT_SCAM,0.457509,46,MODERATE,Moderate predicted likelihood. Consider enhanced monitoring by authorized analysts.
CASE000072,2026-08-12 21:01:57,Dindigul,10.37_77.98,PAYMENT_FRAUD,0.491999,49,MODERATE,Moderate predicted likelihood. Consider enhanced monitoring by authorized analysts.
CASE001593,2026-08-12 21:04:27,Bengaluru Urban,12.97_77.59,PAYMENT_FRAUD,0.419161,42,MODERATE,Moderate predicted likelihood. Consider enhanced monitoring by authorized analysts.
CASE002834,2026-08-12 21:05:54,Coimbatore,11.02_76.96,CREDENTIAL_THEFT,0.418425,42,MODERATE,Moderate predicted likelihood. Consider enhanced monitoring by authorized analysts.
CASE007399,2026-08-12 21:53:27,Tiruchirappalli,10.79_78.7,CREDENTIAL_THEFT,0.443579,44,MODERATE,Moderate predicted likelihood. Consider enhanced monitoring by authorized analysts.
CASE006479,2026-08-12 22:07:35,Anantapur,14.68_77.6,CREDENTIAL_THEFT,0.459062,46,MODERATE,Moderate predicted likelihood. Consider enhanced monitoring by authorized analysts.
CASE003724,2026-08-12 23:10:44,Tirunelveli,8.71_77.76,SOCIAL_ENGINEERING,0.281499,28,LOW,Low predicted likelihood of a qualifying future withdrawal. Continue routine monitoring.
CASE005804,2026-08-13 00:09:15,Coimbatore,11.02_76.96,PAYMENT_FRAUD,0.325409,33,LOW,Low predicted likelihood of a qualifying future withdrawal. Continue routine monitoring.
CASE008508,2026-08-13 00:10:55,Visakhapatnam,17.69_83.22,CREDENTIAL_THEFT,0.542765,54,MODERATE,Moderate predicted likelihood. Consider enhanced monitoring by authorized analysts.
CASE004941,2026-08-13 00:16:41,Kurnool,15.83_78.04,CREDENTIAL_THEFT,0.402019,40,MODERATE,Moderate predicted likelihood. Consider enhanced monitoring by authorized analysts.
CASE008196,2026-08-13 00:38:36,Tirupati,13.63_79.42,PAYMENT_FRAUD,0.414393,41,MODERATE,Moderate predicted likelihood. Consider enhanced monitoring by authorized analysts.
CASE006541,2026-08-13 00:40:37,Vijayawada,16.51_80.65,PAYMENT_FRAUD,0.441534,44,MODERATE,Moderate predicted likelihood. Consider enhanced monitoring by authorized analysts.
CASE001707,2026-08-13 02:34:46,Vellore,12.92_79.13,INVESTMENT_SCAM,0.299206,30,LOW,Low predicted likelihood of a qualifying future withdrawal. Continue routine monitoring.
CASE007315,2026-08-13 02:37:31,Dindigul,10.37_77.98,CREDENTIAL_THEFT,0.540534,54,MODERATE,Moderate predicted likelihood. Consider enhanced monitoring by authorized analysts.
CASE006754,2026-08-13 02:53:54,Shivamogga,13.93_75.57,SOCIAL_ENGINEERING,0.436573,44,MODERATE,Moderate predicted likelihood. Consider enhanced monitoring by authorized analysts.
CASE008580,2026-08-13 04:05:08,Coimbatore,11.02_76.96,PAYMENT_FRAUD,0.405633,41,MODERATE,Moderate predicted likelihood. Consider enhanced monitoring by authorized analysts.
CASE007921,2026-08-13 04:08:55,Vijayawada,16.51_80.65,SOCIAL_ENGINEERING,0.388818,39,LOW,Low predicted likelihood of a qualifying future withdrawal. Continue routine monitoring.
CASE004514,2026-08-13 05:13:31,Vijayawada,16.51_80.65,INVESTMENT_SCAM,0.41364,41,MODERATE,Moderate predicted likelihood. Consider enhanced monitoring by authorized analysts.
CASE005178,2026-08-13 05:21:40,Palakkad,10.79_76.65,INVESTMENT_SCAM,0.407146,41,MODERATE,Moderate predicted likelihood. Consider enhanced monitoring by authorized analysts.
CASE005633,2026-08-13 06:59:32,Ballari,15.14_76.92,SOCIAL_ENGINEERING,0.273139,27,LOW,Low predicted likelihood of a qualifying future withdrawal. Continue routine monitoring.
CASE005618,2026-08-13 07:33:36,Malappuram,11.05_76.07,CREDENTIAL_THEFT,0.338564,34,LOW,Low predicted likelihood of a qualifying future withdrawal. Continue routine monitoring.
CASE001686,2026-08-13 07:53:20,Thiruvananthapuram,8.52_76.94,CREDENTIAL_THEFT,0.393656,39,LOW,Low predicted likelihood of a qualifying future withdrawal. Continue routine monitoring.
CASE000833,2026-08-13 07:55:42,Bengaluru Urban,12.97_77.59,SOCIAL_ENGINEERING,0.428827,43,MODERATE,Moderate predicted likelihood. Consider enhanced monitoring by authorized analysts.
CASE009381,2026-08-13 08:00:36,Vellore,12.92_79.13,INVESTMENT_SCAM,0.281844,28,LOW,Low predicted likelihood of a qualifying future withdrawal. Continue routine monitoring.
CASE006668,2026-08-13 08:20:47,Dindigul,10.37_77.98,SOCIAL_ENGINEERING,0.257774,26,LOW,Low predicted likelihood of a qualifying future withdrawal. Continue routine monitoring.
CASE006159,2026-08-13 09:03:07,Rajamahendravaram,16.99_81.78,SOCIAL_ENGINEERING,0.426324,43,MODERATE,Moderate predicted likelihood. Consider enhanced monitoring by authorized analysts.
CASE009599,2026-08-13 10:54:07,Shivamogga,13.93_75.57,CREDENTIAL_THEFT,0.520235,52,MODERATE,Moderate predicted likelihood. Consider enhanced monitoring by authorized analysts.
CASE005182,2026-08-13 11:02:32,Thrissur,10.53_76.21,CREDENTIAL_THEFT,0.400219,40,MODERATE,Moderate predicted likelihood. Consider enhanced monitoring by authorized analysts.
CASE003427,2026-08-13 11:15:42,Coimbatore,11.02_76.96,CREDENTIAL_THEFT,0.28489,28,LOW,Low predicted likelihood of a qualifying future withdrawal. Continue routine monitoring.
CASE007590,2026-08-13 11:28:49,Kollam,8.89_76.61,CREDENTIAL_THEFT,0.275866,28,LOW,Low predicted likelihood of a qualifying future withdrawal. Continue routine monitoring.
CASE008629,2026-08-13 11:45:03,Madurai,9.93_78.12,SOCIAL_ENGINEERING,0.30059,30,LOW,Low predicted likelihood of a qualifying future withdrawal. Continue routine monitoring.
CASE004090,2026-08-13 11:48:06,Udupi,13.34_74.74,CREDENTIAL_THEFT,0.355755,36,LOW,Low predicted likelihood of a qualifying future withdrawal. Continue routine monitoring.
CASE001691,2026-08-13 12:27:31,Ernakulam,9.98_76.3,PAYMENT_FRAUD,0.392551,39,LOW,Low predicted likelihood of a qualifying future withdrawal. Continue routine monitoring.
CASE000241,2026-08-13 12:38:51,Ernakulam,9.98_76.3,PAYMENT_FRAUD,0.367206,37,LOW,Low predicted likelihood of a qualifying future withdrawal. Continue routine monitoring.
CASE004421,2026-08-13 13:07:59,Erode,11.34_77.72,INVESTMENT_SCAM,0.274047,27,LOW,Low predicted likelihood of a qualifying future withdrawal. Continue routine monitoring.
CASE008965,2026-08-13 13:24:02,Tirupati,13.63_79.42,PAYMENT_FRAUD,0.256901,26,LOW,Low predicted likelihood of a qualifying future withdrawal. Continue routine monitoring.
CASE006185,2026-08-13 13:27:28,Udupi,13.34_74.74,PAYMENT_FRAUD,0.291477,29,LOW,Low predicted likelihood of a qualifying future withdrawal. Continue routine monitoring.
CASE009581,2026-08-13 15:20:19,Salem,11.66_78.15,INVESTMENT_SCAM,0.500772,50,MODERATE,Moderate predicted likelihood. Consider enhanced monitoring by authorized analysts.
CASE008594,2026-08-13 15:36:59,Kottayam,9.59_76.52,CREDENTIAL_THEFT,0.265366,27,LOW,Low predicted likelihood of a qualifying future withdrawal. Continue routine monitoring.
CASE009596,2026-08-13 16:02:45,Alappuzha,9.5_76.34,SOCIAL_ENGINEERING,0.263328,26,LOW,Low predicted likelihood of a qualifying future withdrawal. Continue routine monitoring.
CASE006017,2026-08-13 16:30:40,Palakkad,10.79_76.65,CREDENTIAL_THEFT,0.392011,39,LOW,Low predicted likelihood of a qualifying future withdrawal. Continue routine monitoring.
CASE006935,2026-08-13 16:37:04,Rajamahendravaram,16.99_81.78,PAYMENT_FRAUD,0.356814,36,LOW,Low predicted likelihood of a qualifying future withdrawal. Continue routine monitoring.
CASE009739,2026-08-13 17:15:26,Tiruchirappalli,10.79_78.7,INVESTMENT_SCAM,0.27303,27,LOW,Low predicted likelihood of a qualifying future withdrawal. Continue routine monitoring.
CASE002708,2026-08-13 17:41:09,Anantapur,14.68_77.6,SOCIAL_ENGINEERING,0.470395,47,MODERATE,Moderate predicted likelihood. Consider enhanced monitoring by authorized analysts.
CASE003875,2026-08-13 17:55:09,Udupi,13.34_74.74,SOCIAL_ENGINEERING,0.317453,32,LOW,Low predicted likelihood of a qualifying future withdrawal. Continue routine monitoring.
CASE007599,2026-08-13 18:40:03,Madurai,9.93_78.12,PAYMENT_FRAUD,0.459968,46,MODERATE,Moderate predicted likelihood. Consider enhanced monitoring by authorized analysts.
CASE001171,2026-08-13 19:25:47,Anantapur,14.68_77.6,CREDENTIAL_THEFT,0.392751,39,LOW,Low predicted likelihood of a qualifying future withdrawal. Continue routine monitoring.
CASE005615,2026-08-13 19:34:59,Alappuzha,9.5_76.34,PAYMENT_FRAUD,0.367885,37,LOW,Low predicted likelihood of a qualifying future withdrawal. Continue routine monitoring.
CASE002122,2026-08-13 20:22:30,Thrissur,10.53_76.21,INVESTMENT_SCAM,0.365632,37,LOW,Low predicted likelihood of a qualifying future withdrawal. Continue routine monitoring.
CASE008141,2026-08-13 20:39:19,Bengaluru Urban,12.97_77.59,SOCIAL_ENGINEERING,0.347648,35,LOW,Low predicted likelihood of a qualifying future withdrawal. Continue routine monitoring.
CASE000313,2026-08-13 21:17:15,Nellore,14.44_79.99,SOCIAL_ENGINEERING,0.426469,43,MODERATE,Moderate predicted likelihood. Consider enhanced monitoring by authorized analysts.
CASE003014,2026-08-13 21:56:14,Alappuzha,9.5_76.34,PAYMENT_FRAUD,0.393292,39,LOW,Low predicted likelihood of a qualifying future withdrawal. Continue routine monitoring.
CASE008725,2026-08-13 22:52:06,Udupi,13.34_74.74,SOCIAL_ENGINEERING,0.460941,46,MODERATE,Moderate predicted likelihood. Consider enhanced monitoring by authorized analysts.
CASE004562,2026-08-13 23:08:45,Visakhapatnam,17.69_83.22,SOCIAL_ENGINEERING,0.385671,39,LOW,Low predicted likelihood of a qualifying future withdrawal. Continue routine monitoring.
CASE006994,2026-08-14 00:09:21,Vellore,12.92_79.13,CREDENTIAL_THEFT,0.353984,35,LOW,Low predicted likelihood of a qualifying future withdrawal. Continue routine monitoring.
CASE008356,2026-08-14 01:42:58,Salem,11.66_78.15,PAYMENT_FRAUD,0.499398,50,MODERATE,Moderate predicted likelihood. Consider enhanced monitoring by authorized analysts.
CASE005949,2026-08-14 02:07:59,Erode,11.34_77.72,CREDENTIAL_THEFT,0.232088,23,LOW,Low predicted likelihood of a qualifying future withdrawal. Continue routine monitoring.
CASE004378,2026-08-14 02:15:01,Bengaluru Urban,12.97_77.59,PAYMENT_FRAUD,0.311709,31,LOW,Low predicted likelihood of a qualifying future withdrawal. Continue routine monitoring.
CASE003468,2026-08-14 02:29:19,Tiruchirappalli,10.79_78.7,PAYMENT_FRAUD,0.503336,50,MODERATE,Moderate predicted likelihood. Consider enhanced monitoring by authorized analysts.
CASE000116,2026-08-14 02:36:46,Mysuru,12.3_76.64,PAYMENT_FRAUD,0.496649,50,MODERATE,Moderate predicted likelihood. Consider enhanced monitoring by authorized analysts.
CASE004212,2026-08-14 02:55:23,Rajamahendravaram,16.99_81.78,PAYMENT_FRAUD,0.512899,51,MODERATE,Moderate predicted likelihood. Consider enhanced monitoring by authorized analysts.
CASE002220,2026-08-14 03:05:23,Tirunelveli,8.71_77.76,PAYMENT_FRAUD,0.422647,42,MODERATE,Moderate predicted likelihood. Consider enhanced monitoring by authorized analysts.
CASE006050,2026-08-14 03:19:26,Vijayawada,16.51_80.65,SOCIAL_ENGINEERING,0.335707,34,LOW,Low predicted likelihood of a qualifying future withdrawal. Continue routine monitoring.
CASE001512,2026-08-14 05:32:57,Anantapur,14.68_77.6,INVESTMENT_SCAM,0.332013,33,LOW,Low predicted likelihood of a qualifying future withdrawal. Continue routine monitoring.
CASE005395,2026-08-14 06:36:38,Kurnool,15.83_78.04,PAYMENT_FRAUD,0.370317,37,LOW,Low predicted likelihood of a qualifying future withdrawal. Continue routine monitoring.
CASE008702,2026-08-14 07:20:10,Kakinada,16.99_82.25,INVESTMENT_SCAM,0.388689,39,LOW,Low predicted likelihood of a qualifying future withdrawal. Continue routine monitoring.
CASE008903,2026-08-14 07:29:35,Shivamogga,13.93_75.57,INVESTMENT_SCAM,0.329342,33,LOW,Low predicted likelihood of a qualifying future withdrawal. Continue routine monitoring.
CASE008301,2026-08-14 07:57:36,Vijayawada,16.51_80.65,CREDENTIAL_THEFT,0.359242,36,LOW,Low predicted likelihood of a qualifying future withdrawal. Continue routine monitoring.
CASE008350,2026-08-14 08:29:23,Salem,11.66_78.15,PAYMENT_FRAUD,0.331717,33,LOW,Low predicted likelihood of a qualifying future withdrawal. Continue routine monitoring.
CASE006397,2026-08-14 08:55:37,Belagavi,15.85_74.5,PAYMENT_FRAUD,0.384634,38,LOW,Low predicted likelihood of a qualifying future withdrawal. Continue routine monitoring.
CASE005308,2026-08-14 10:14:57,Visakhapatnam,17.69_83.22,PAYMENT_FRAUD,0.612559,61,HIGH,High predicted likelihood. Prioritize review and verification by authorized personnel.
CASE004213,2026-08-14 10:17:13,Ballari,15.14_76.92,CREDENTIAL_THEFT,0.22307,22,LOW,Low predicted likelihood of a qualifying future withdrawal. Continue routine monitoring.
CASE001885,2026-08-14 10:46:24,Visakhapatnam,17.69_83.22,PAYMENT_FRAUD,0.499728,50,MODERATE,Moderate predicted likelihood. Consider enhanced monitoring by authorized analysts.
CASE003810,2026-08-14 10:55:19,Vijayawada,16.51_80.65,CREDENTIAL_THEFT,0.324278,32,LOW,Low predicted likelihood of a qualifying future withdrawal. Continue routine monitoring.
CASE000363,2026-08-14 11:08:46,Anantapur,14.68_77.6,INVESTMENT_SCAM,0.46391,46,MODERATE,Moderate predicted likelihood. Consider enhanced monitoring by authorized analysts.
CASE008981,2026-08-14 12:16:28,Salem,11.66_78.15,INVESTMENT_SCAM,0.387103,39,LOW,Low predicted likelihood of a qualifying future withdrawal. Continue routine monitoring.
CASE002866,2026-08-14 12:25:21,Mangaluru,12.91_74.86,CREDENTIAL_THEFT,0.189736,19,LOW,Low predicted likelihood of a qualifying future withdrawal. Continue routine monitoring.
CASE001722,2026-08-14 12:50:59,Vellore,12.92_79.13,CREDENTIAL_THEFT,0.342952,34,LOW,Low predicted likelihood of a qualifying future withdrawal. Continue routine monitoring.
CASE007458,2026-08-14 12:52:20,Kollam,8.89_76.61,PAYMENT_FRAUD,0.315504,32,LOW,Low predicted likelihood of a qualifying future withdrawal. Continue routine monitoring.
CASE006471,2026-08-14 13:01:22,Palakkad,10.79_76.65,PAYMENT_FRAUD,0.414313,41,MODERATE,Moderate predicted likelihood. Consider enhanced monitoring by authorized analysts.
CASE006789,2026-08-14 13:15:29,Guntur,16.31_80.44,CREDENTIAL_THEFT,0.389787,39,LOW,Low predicted likelihood of a qualifying future withdrawal. Continue routine monitoring.
CASE006943,2026-08-14 14:23:23,Belagavi,15.85_74.5,INVESTMENT_SCAM,0.434728,43,MODERATE,Moderate predicted likelihood. Consider enhanced monitoring by authorized analysts.
CASE007378,2026-08-14 14:47:26,Chennai,13.08_80.27,SOCIAL_ENGINEERING,0.280535,28,LOW,Low predicted likelihood of a qualifying future withdrawal. Continue routine monitoring.
CASE009467,2026-08-14 15:15:29,Tirupati,13.63_79.42,PAYMENT_FRAUD,0.351574,35,LOW,Low predicted likelihood of a qualifying future withdrawal. Continue routine monitoring.
CASE003821,2026-08-14 16:39:25,Thrissur,10.53_76.21,PAYMENT_FRAUD,0.52923,53,MODERATE,Moderate predicted likelihood. Consider enhanced monitoring by authorized analysts.
CASE001290,2026-08-14 16:47:21,Tumakuru,13.34_77.1,CREDENTIAL_THEFT,0.385742,39,LOW,Low predicted likelihood of a qualifying future withdrawal. Continue routine monitoring.
CASE003063,2026-08-14 17:08:07,Ernakulam,9.98_76.3,SOCIAL_ENGINEERING,0.508645,51,MODERATE,Moderate predicted likelihood. Consider enhanced monitoring by authorized analysts.
CASE001534,2026-08-14 17:34:20,Mysuru,12.3_76.64,INVESTMENT_SCAM,0.376634,38,LOW,Low predicted likelihood of a qualifying future withdrawal. Continue routine monitoring.
CASE007393,2026-08-14 17:41:49,Vellore,12.92_79.13,PAYMENT_FRAUD,0.299284,30,LOW,Low predicted likelihood of a qualifying future withdrawal. Continue routine monitoring.
CASE006706,2026-08-14 18:29:17,Kollam,8.89_76.61,PAYMENT_FRAUD,0.294186,29,LOW,Low predicted likelihood of a qualifying future withdrawal. Continue routine monitoring.
CASE002435,2026-08-14 19:03:46,Kozhikode,11.26_75.78,SOCIAL_ENGINEERING,0.300935,30,LOW,Low predicted likelihood of a qualifying future withdrawal. Continue routine monitoring.
CASE007617,2026-08-14 19:13:32,Malappuram,11.05_76.07,CREDENTIAL_THEFT,0.178287,18,LOW,Low predicted likelihood of a qualifying future withdrawal. Continue routine monitoring.
CASE003619,2026-08-14 21:52:19,Tirupati,13.63_79.42,INVESTMENT_SCAM,0.420248,42,MODERATE,Moderate predicted likelihood. Consider enhanced monitoring by authorized analysts.
CASE007405,2026-08-14 22:04:41,Mangaluru,12.91_74.86,PAYMENT_FRAUD,0.210887,21,LOW,Low predicted likelihood of a qualifying future withdrawal. Continue routine monitoring.
CASE005606,2026-08-14 22:16:23,Kannur,11.87_75.37,PAYMENT_FRAUD,0.401524,40,MODERATE,Moderate predicted likelihood. Consider enhanced monitoring by authorized analysts.
CASE009286,2026-08-14 22:44:00,Thiruvananthapuram,8.52_76.94,SOCIAL_ENGINEERING,0.344721,34,LOW,Low predicted likelihood of a qualifying future withdrawal. Continue routine monitoring.
CASE001175,2026-08-14 22:58:58,Ernakulam,9.98_76.3,INVESTMENT_SCAM,0.488219,49,MODERATE,Moderate predicted likelihood. Consider enhanced monitoring by authorized analysts.
CASE008446,2026-08-14 23:38:01,Guntur,16.31_80.44,CREDENTIAL_THEFT,0.503228,50,MODERATE,Moderate predicted likelihood. Consider enhanced monitoring by authorized analysts.
CASE001914,2026-08-14 23:54:08,Anantapur,14.68_77.6,CREDENTIAL_THEFT,0.358977,36,LOW,Low predicted likelihood of a qualifying future withdrawal. Continue routine monitoring.
CASE007193,2026-08-15 00:56:05,Thanjavur,10.79_79.14,SOCIAL_ENGINEERING,0.294476,29,LOW,Low predicted likelihood of a qualifying future withdrawal. Continue routine monitoring.
CASE006260,2026-08-15 02:17:21,Ernakulam,9.98_76.3,PAYMENT_FRAUD,0.430128,43,MODERATE,Moderate predicted likelihood. Consider enhanced monitoring by authorized analysts.
CASE004217,2026-08-15 03:00:08,Mysuru,12.3_76.64,SOCIAL_ENGINEERING,0.147447,15,LOW,Low predicted likelihood of a qualifying future withdrawal. Continue routine monitoring.
CASE001884,2026-08-15 04:09:34,Kottayam,9.59_76.52,CREDENTIAL_THEFT,0.30052,30,LOW,Low predicted likelihood of a qualifying future withdrawal. Continue routine monitoring.
CASE003062,2026-08-15 04:20:28,Guntur,16.31_80.44,CREDENTIAL_THEFT,0.33414,33,LOW,Low predicted likelihood of a qualifying future withdrawal. Continue routine monitoring.
CASE002924,2026-08-15 04:52:51,Bengaluru Urban,12.97_77.59,PAYMENT_FRAUD,0.35355,35,LOW,Low predicted likelihood of a qualifying future withdrawal. Continue routine monitoring.
CASE002347,2026-08-15 05:37:42,Malappuram,11.05_76.07,PAYMENT_FRAUD,0.327688,33,LOW,Low predicted likelihood of a qualifying future withdrawal. Continue routine monitoring.
CASE004227,2026-08-15 05:40:38,Madurai,9.93_78.12,PAYMENT_FRAUD,0.319935,32,LOW,Low predicted likelihood of a qualifying future withdrawal. Continue routine monitoring.
CASE000024,2026-08-15 06:34:48,Malappuram,11.05_76.07,PAYMENT_FRAUD,0.404536,40,MODERATE,Moderate predicted likelihood. Consider enhanced monitoring by authorized analysts.
CASE007044,2026-08-15 06:50:18,Udupi,13.34_74.74,CREDENTIAL_THEFT,0.348223,35,LOW,Low predicted likelihood of a qualifying future withdrawal. Continue routine monitoring.
CASE007355,2026-08-15 08:21:03,Guntur,16.31_80.44,INVESTMENT_SCAM,0.463499,46,MODERATE,Moderate predicted likelihood. Consider enhanced monitoring by authorized analysts.
CASE007336,2026-08-15 09:47:59,Kollam,8.89_76.61,PAYMENT_FRAUD,0.345734,35,LOW,Low predicted likelihood of a qualifying future withdrawal. Continue routine monitoring.
CASE001273,2026-08-15 11:56:09,Nellore,14.44_79.99,PAYMENT_FRAUD,0.445043,45,MODERATE,Moderate predicted likelihood. Consider enhanced monitoring by authorized analysts.
CASE003202,2026-08-15 14:13:00,Shivamogga,13.93_75.57,SOCIAL_ENGINEERING,0.257522,26,LOW,Low predicted likelihood of a qualifying future withdrawal. Continue routine monitoring.
CASE001721,2026-08-15 14:17:27,Guntur,16.31_80.44,INVESTMENT_SCAM,0.448488,45,MODERATE,Moderate predicted likelihood. Consider enhanced monitoring by authorized analysts.
CASE004224,2026-08-15 14:25:07,Vellore,12.92_79.13,PAYMENT_FRAUD,0.468607,47,MODERATE,Moderate predicted likelihood. Consider enhanced monitoring by authorized analysts.
CASE006441,2026-08-15 14:59:53,Hubballi,15.36_75.12,CREDENTIAL_THEFT,0.234741,23,LOW,Low predicted likelihood of a qualifying future withdrawal. Continue routine monitoring.
CASE004183,2026-08-15 15:58:27,Kollam,8.89_76.61,CREDENTIAL_THEFT,0.215925,22,LOW,Low predicted likelihood of a qualifying future withdrawal. Continue routine monitoring.
CASE002585,2026-08-15 16:21:51,Nellore,14.44_79.99,SOCIAL_ENGINEERING,0.348685,35,LOW,Low predicted likelihood of a qualifying future withdrawal. Continue routine monitoring.
CASE008325,2026-08-15 16:43:30,Tiruchirappalli,10.79_78.7,CREDENTIAL_THEFT,0.333131,33,LOW,Low predicted likelihood of a qualifying future withdrawal. Continue routine monitoring.
CASE001873,2026-08-15 17:11:34,Tirunelveli,8.71_77.76,INVESTMENT_SCAM,0.401336,40,MODERATE,Moderate predicted likelihood. Consider enhanced monitoring by authorized analysts.
CASE007163,2026-08-15 17:13:41,Kurnool,15.83_78.04,PAYMENT_FRAUD,0.348238,35,LOW,Low predicted likelihood of a qualifying future withdrawal. Continue routine monitoring.
CASE001493,2026-08-15 17:45:43,Chennai,13.08_80.27,CREDENTIAL_THEFT,0.366829,37,LOW,Low predicted likelihood of a qualifying future withdrawal. Continue routine monitoring.
CASE003914,2026-08-15 17:56:46,Nellore,14.44_79.99,SOCIAL_ENGINEERING,0.414139,41,MODERATE,Moderate predicted likelihood. Consider enhanced monitoring by authorized analysts.
CASE005967,2026-08-15 17:56:49,Anantapur,14.68_77.6,SOCIAL_ENGINEERING,0.452857,45,MODERATE,Moderate predicted likelihood. Consider enhanced monitoring by authorized analysts.
CASE006440,2026-08-15 18:07:11,Thanjavur,10.79_79.14,SOCIAL_ENGINEERING,0.320972,32,LOW,Low predicted likelihood of a qualifying future withdrawal. Continue routine monitoring.
CASE006843,2026-08-15 18:32:56,Hubballi,15.36_75.12,SOCIAL_ENGINEERING,0.364549,36,LOW,Low predicted likelihood of a qualifying future withdrawal. Continue routine monitoring.
CASE007291,2026-08-15 19:20:26,Kalaburagi,17.33_76.83,INVESTMENT_SCAM,0.435088,44,MODERATE,Moderate predicted likelihood. Consider enhanced monitoring by authorized analysts.
CASE008345,2026-08-15 19:30:25,Tirupati,13.63_79.42,PAYMENT_FRAUD,0.359062,36,LOW,Low predicted likelihood of a qualifying future withdrawal. Continue routine monitoring.
CASE003997,2026-08-15 20:00:34,Tumakuru,13.34_77.1,CREDENTIAL_THEFT,0.363176,36,LOW,Low predicted likelihood of a qualifying future withdrawal. Continue routine monitoring.
CASE003280,2026-08-15 20:29:24,Erode,11.34_77.72,CREDENTIAL_THEFT,0.504027,50,MODERATE,Moderate predicted likelihood. Consider enhanced monitoring by authorized analysts.
CASE000699,2026-08-15 21:49:07,Guntur,16.31_80.44,PAYMENT_FRAUD,0.482659,48,MODERATE,Moderate predicted likelihood. Consider enhanced monitoring by authorized analysts.
CASE001665,2026-08-15 21:52:13,Kalaburagi,17.33_76.83,CREDENTIAL_THEFT,0.386405,39,LOW,Low predicted likelihood of a qualifying future withdrawal. Continue routine monitoring.
CASE004895,2026-08-15 22:44:22,Vellore,12.92_79.13,INVESTMENT_SCAM,0.51379,51,MODERATE,Moderate predicted likelihood. Consider enhanced monitoring by authorized analysts.
CASE006400,2026-08-15 23:04:04,Shivamogga,13.93_75.57,PAYMENT_FRAUD,0.50414,50,MODERATE,Moderate predicted likelihood. Consider enhanced monitoring by authorized analysts.
CASE007958,2026-08-16 00:08:04,Anantapur,14.68_77.6,CREDENTIAL_THEFT,0.325575,33,LOW,Low predicted likelihood of a qualifying future withdrawal. Continue routine monitoring.
CASE002039,2026-08-16 00:24:51,Anantapur,14.68_77.6,PAYMENT_FRAUD,0.373429,37,LOW,Low predicted likelihood of a qualifying future withdrawal. Continue routine monitoring.
CASE005919,2026-08-16 03:08:12,Bengaluru Urban,12.97_77.59,CREDENTIAL_THEFT,0.43197,43,MODERATE,Moderate predicted likelihood. Consider enhanced monitoring by authorized analysts.
CASE006012,2026-08-16 03:11:01,Hubballi,15.36_75.12,PAYMENT_FRAUD,0.428932,43,MODERATE,Moderate predicted likelihood. Consider enhanced monitoring by authorized analysts.
CASE002166,2026-08-16 03:11:42,Kollam,8.89_76.61,CREDENTIAL_THEFT,0.27985,28,LOW,Low predicted likelihood of a qualifying future withdrawal. Continue routine monitoring.
CASE002141,2026-08-16 03:37:13,Ernakulam,9.98_76.3,INVESTMENT_SCAM,0.315372,32,LOW,Low predicted likelihood of a qualifying future withdrawal. Continue routine monitoring.
CASE003454,2026-08-16 04:04:19,Kozhikode,11.26_75.78,SOCIAL_ENGINEERING,0.217972,22,LOW,Low predicted likelihood of a qualifying future withdrawal. Continue routine monitoring.
CASE005492,2026-08-16 04:45:06,Kottayam,9.59_76.52,SOCIAL_ENGINEERING,0.382031,38,LOW,Low predicted likelihood of a qualifying future withdrawal. Continue routine monitoring.
CASE000065,2026-08-16 05:06:15,Ernakulam,9.98_76.3,PAYMENT_FRAUD,0.405389,41,MODERATE,Moderate predicted likelihood. Consider enhanced monitoring by authorized analysts.
CASE008146,2026-08-16 05:14:42,Kannur,11.87_75.37,SOCIAL_ENGINEERING,0.451129,45,MODERATE,Moderate predicted likelihood. Consider enhanced monitoring by authorized analysts.
CASE009650,2026-08-16 05:42:20,Tirunelveli,8.71_77.76,SOCIAL_ENGINEERING,0.236288,24,LOW,Low predicted likelihood of a qualifying future withdrawal. Continue routine monitoring.
CASE005087,2026-08-16 06:09:39,Anantapur,14.68_77.6,INVESTMENT_SCAM,0.327229,33,LOW,Low predicted likelihood of a qualifying future withdrawal. Continue routine monitoring.
CASE002339,2026-08-16 06:29:38,Tiruchirappalli,10.79_78.7,SOCIAL_ENGINEERING,0.327744,33,LOW,Low predicted likelihood of a qualifying future withdrawal. Continue routine monitoring.
CASE005824,2026-08-16 06:40:51,Anantapur,14.68_77.6,CREDENTIAL_THEFT,0.432739,43,MODERATE,Moderate predicted likelihood. Consider enhanced monitoring by authorized analysts.
CASE007286,2026-08-16 07:54:33,Kozhikode,11.26_75.78,PAYMENT_FRAUD,0.367124,37,LOW,Low predicted likelihood of a qualifying future withdrawal. Continue routine monitoring.
CASE002183,2026-08-16 07:57:23,Kottayam,9.59_76.52,CREDENTIAL_THEFT,0.377777,38,LOW,Low predicted likelihood of a qualifying future withdrawal. Continue routine monitoring.
CASE003636,2026-08-16 08:42:21,Tiruchirappalli,10.79_78.7,SOCIAL_ENGINEERING,0.40485,40,MODERATE,Moderate predicted likelihood. Consider enhanced monitoring by authorized analysts.
CASE005886,2026-08-16 08:43:28,Chennai,13.08_80.27,INVESTMENT_SCAM,0.247349,25,LOW,Low predicted likelihood of a qualifying future withdrawal. Continue routine monitoring.
CASE007091,2026-08-16 09:06:26,Anantapur,14.68_77.6,CREDENTIAL_THEFT,0.300084,30,LOW,Low predicted likelihood of a qualifying future withdrawal. Continue routine monitoring.
CASE003008,2026-08-16 09:07:24,Erode,11.34_77.72,SOCIAL_ENGINEERING,0.354206,35,LOW,Low predicted likelihood of a qualifying future withdrawal. Continue routine monitoring.
CASE006707,2026-08-16 09:44:27,Ernakulam,9.98_76.3,CREDENTIAL_THEFT,0.375105,38,LOW,Low predicted likelihood of a qualifying future withdrawal. Continue routine monitoring.
CASE008128,2026-08-16 10:18:05,Rajamahendravaram,16.99_81.78,INVESTMENT_SCAM,0.457283,46,MODERATE,Moderate predicted likelihood. Consider enhanced monitoring by authorized analysts.
CASE004769,2026-08-16 10:29:05,Salem,11.66_78.15,PAYMENT_FRAUD,0.347303,35,LOW,Low predicted likelihood of a qualifying future withdrawal. Continue routine monitoring.
CASE006425,2026-08-16 10:53:38,Kalaburagi,17.33_76.83,PAYMENT_FRAUD,0.34471,34,LOW,Low predicted likelihood of a qualifying future withdrawal. Continue routine monitoring.
CASE006342,2026-08-16 12:08:31,Shivamogga,13.93_75.57,PAYMENT_FRAUD,0.385294,39,LOW,Low predicted likelihood of a qualifying future withdrawal. Continue routine monitoring.
CASE005798,2026-08-16 12:12:50,Palakkad,10.79_76.65,PAYMENT_FRAUD,0.392329,39,LOW,Low predicted likelihood of a qualifying future withdrawal. Continue routine monitoring.
CASE003130,2026-08-16 12:36:50,Ballari,15.14_76.92,CREDENTIAL_THEFT,0.39255,39,LOW,Low predicted likelihood of a qualifying future withdrawal. Continue routine monitoring.
CASE004821,2026-08-16 12:42:11,Udupi,13.34_74.74,INVESTMENT_SCAM,0.251983,25,LOW,Low predicted likelihood of a qualifying future withdrawal. Continue routine monitoring.
CASE000532,2026-08-16 12:42:53,Visakhapatnam,17.69_83.22,PAYMENT_FRAUD,0.360968,36,LOW,Low predicted likelihood of a qualifying future withdrawal. Continue routine monitoring.
CASE008567,2026-08-16 13:29:39,Kottayam,9.59_76.52,INVESTMENT_SCAM,0.330336,33,LOW,Low predicted likelihood of a qualifying future withdrawal. Continue routine monitoring.
CASE000635,2026-08-16 14:34:00,Guntur,16.31_80.44,CREDENTIAL_THEFT,0.242076,24,LOW,Low predicted likelihood of a qualifying future withdrawal. Continue routine monitoring.
CASE005742,2026-08-16 15:32:17,Mangaluru,12.91_74.86,CREDENTIAL_THEFT,0.209904,21,LOW,Low predicted likelihood of a qualifying future withdrawal. Continue routine monitoring.
CASE006636,2026-08-16 15:36:40,Kurnool,15.83_78.04,SOCIAL_ENGINEERING,0.255417,26,LOW,Low predicted likelihood of a qualifying future withdrawal. Continue routine monitoring.
CASE005626,2026-08-16 16:31:38,Thiruvananthapuram,8.52_76.94,CREDENTIAL_THEFT,0.234889,23,LOW,Low predicted likelihood of a qualifying future withdrawal. Continue routine monitoring.
CASE006459,2026-08-16 17:23:42,Kannur,11.87_75.37,SOCIAL_ENGINEERING,0.312456,31,LOW,Low predicted likelihood of a qualifying future withdrawal. Continue routine monitoring.
CASE006790,2026-08-16 17:40:28,Salem,11.66_78.15,SOCIAL_ENGINEERING,0.255431,26,LOW,Low predicted likelihood of a qualifying future withdrawal. Continue routine monitoring.
CASE003026,2026-08-16 17:49:04,Shivamogga,13.93_75.57,PAYMENT_FRAUD,0.366729,37,LOW,Low predicted likelihood of a qualifying future withdrawal. Continue routine monitoring.
CASE007224,2026-08-16 17:59:24,Malappuram,11.05_76.07,PAYMENT_FRAUD,0.3775,38,LOW,Low predicted likelihood of a qualifying future withdrawal. Continue routine monitoring.
CASE006129,2026-08-16 19:03:52,Kozhikode,11.26_75.78,SOCIAL_ENGINEERING,0.333598,33,LOW,Low predicted likelihood of a qualifying future withdrawal. Continue routine monitoring.
CASE006984,2026-08-16 19:09:12,Kannur,11.87_75.37,INVESTMENT_SCAM,0.475735,48,MODERATE,Moderate predicted likelihood. Consider enhanced monitoring by authorized analysts.
CASE003004,2026-08-16 19:14:30,Thiruvananthapuram,8.52_76.94,CREDENTIAL_THEFT,0.322267,32,LOW,Low predicted likelihood of a qualifying future withdrawal. Continue routine monitoring.
CASE003524,2026-08-16 19:30:33,Kakinada,16.99_82.25,PAYMENT_FRAUD,0.292916,29,LOW,Low predicted likelihood of a qualifying future withdrawal. Continue routine monitoring.
CASE001657,2026-08-16 19:34:23,Mysuru,12.3_76.64,CREDENTIAL_THEFT,0.212582,21,LOW,Low predicted likelihood of a qualifying future withdrawal. Continue routine monitoring.
CASE000232,2026-08-16 20:25:41,Tirupati,13.63_79.42,INVESTMENT_SCAM,0.203346,20,LOW,Low predicted likelihood of a qualifying future withdrawal. Continue routine monitoring.
CASE007907,2026-08-16 20:31:03,Rajamahendravaram,16.99_81.78,SOCIAL_ENGINEERING,0.241138,24,LOW,Low predicted likelihood of a qualifying future withdrawal. Continue routine monitoring.
CASE000904,2026-08-16 20:55:36,Visakhapatnam,17.69_83.22,SOCIAL_ENGINEERING,0.248086,25,LOW,Low predicted likelihood of a qualifying future withdrawal. Continue routine monitoring.
CASE003410,2026-08-16 21:00:22,Ballari,15.14_76.92,CREDENTIAL_THEFT,0.215246,22,LOW,Low predicted likelihood of a qualifying future withdrawal. Continue routine monitoring.
CASE007359,2026-08-16 21:08:11,Hubballi,15.36_75.12,SOCIAL_ENGINEERING,0.310713,31,LOW,Low predicted likelihood of a qualifying future withdrawal. Continue routine monitoring.
CASE001092,2026-08-16 21:28:23,Hubballi,15.36_75.12,CREDENTIAL_THEFT,0.348017,35,LOW,Low predicted likelihood of a qualifying future withdrawal. Continue routine monitoring.
CASE006039,2026-08-16 23:07:39,Mysuru,12.3_76.64,PAYMENT_FRAUD,0.309723,31,LOW,Low predicted likelihood of a qualifying future withdrawal. Continue routine monitoring.
CASE002496,2026-08-16 23:11:01,Kottayam,9.59_76.52,CREDENTIAL_THEFT,0.300061,30,LOW,Low predicted likelihood of a qualifying future withdrawal. Continue routine monitoring.
CASE008275,2026-08-17 00:57:42,Kollam,8.89_76.61,CREDENTIAL_THEFT,0.380209,38,LOW,Low predicted likelihood of a qualifying future withdrawal. Continue routine monitoring.
CASE005993,2026-08-17 00:58:44,Tiruchirappalli,10.79_78.7,CREDENTIAL_THEFT,0.349279,35,LOW,Low predicted likelihood of a qualifying future withdrawal. Continue routine monitoring.
CASE000401,2026-08-17 01:30:34,Tumakuru,13.34_77.1,CREDENTIAL_THEFT,0.435958,44,MODERATE,Moderate predicted likelihood. Consider enhanced monitoring by authorized analysts.
CASE002622,2026-08-17 01:31:14,Alappuzha,9.5_76.34,SOCIAL_ENGINEERING,0.297321,30,LOW,Low predicted likelihood of a qualifying future withdrawal. Continue routine monitoring.
CASE006452,2026-08-17 01:56:06,Kottayam,9.59_76.52,SOCIAL_ENGINEERING,0.200812,20,LOW,Low predicted likelihood of a qualifying future withdrawal. Continue routine monitoring.
CASE009863,2026-08-17 02:19:08,Tumakuru,13.34_77.1,PAYMENT_FRAUD,0.417349,42,MODERATE,Moderate predicted likelihood. Consider enhanced monitoring by authorized analysts.
CASE006519,2026-08-17 02:43:53,Nellore,14.44_79.99,PAYMENT_FRAUD,0.245894,25,LOW,Low predicted likelihood of a qualifying future withdrawal. Continue routine monitoring.
CASE000171,2026-08-17 03:26:30,Erode,11.34_77.72,PAYMENT_FRAUD,0.251341,25,LOW,Low predicted likelihood of a qualifying future withdrawal. Continue routine monitoring.
CASE007863,2026-08-17 03:55:03,Hubballi,15.36_75.12,INVESTMENT_SCAM,0.190107,19,LOW,Low predicted likelihood of a qualifying future withdrawal. Continue routine monitoring.
CASE007424,2026-08-17 04:21:43,Madurai,9.93_78.12,INVESTMENT_SCAM,0.270289,27,LOW,Low predicted likelihood of a qualifying future withdrawal. Continue routine monitoring.
CASE002449,2026-08-17 04:22:40,Tirupati,13.63_79.42,INVESTMENT_SCAM,0.267268,27,LOW,Low predicted likelihood of a qualifying future withdrawal. Continue routine monitoring.
CASE003797,2026-08-17 04:49:33,Chennai,13.08_80.27,PAYMENT_FRAUD,0.219229,22,LOW,Low predicted likelihood of a qualifying future withdrawal. Continue routine monitoring.
CASE003074,2026-08-17 04:55:08,Palakkad,10.79_76.65,SOCIAL_ENGINEERING,0.377681,38,LOW,Low predicted likelihood of a qualifying future withdrawal. Continue routine monitoring.
CASE008379,2026-08-17 05:01:07,Belagavi,15.85_74.5,CREDENTIAL_THEFT,0.218583,22,LOW,Low predicted likelihood of a qualifying future withdrawal. Continue routine monitoring.
CASE008812,2026-08-17 05:04:30,Guntur,16.31_80.44,PAYMENT_FRAUD,0.341244,34,LOW,Low predicted likelihood of a qualifying future withdrawal. Continue routine monitoring.
CASE002827,2026-08-17 05:36:26,Ernakulam,9.98_76.3,SOCIAL_ENGINEERING,0.233616,23,LOW,Low predicted likelihood of a qualifying future withdrawal. Continue routine monitoring.
CASE004192,2026-08-17 06:18:54,Tiruchirappalli,10.79_78.7,PAYMENT_FRAUD,0.35037,35,LOW,Low predicted likelihood of a qualifying future withdrawal. Continue routine monitoring.
CASE006860,2026-08-17 09:17:49,Bengaluru Urban,12.97_77.59,PAYMENT_FRAUD,0.196075,20,LOW,Low predicted likelihood of a qualifying future withdrawal. Continue routine monitoring.
CASE003611,2026-08-17 09:49:35,Madurai,9.93_78.12,SOCIAL_ENGINEERING,0.367889,37,LOW,Low predicted likelihood of a qualifying future withdrawal. Continue routine monitoring.
CASE007121,2026-08-17 10:34:15,Coimbatore,11.02_76.96,CREDENTIAL_THEFT,0.32993,33,LOW,Low predicted likelihood of a qualifying future withdrawal. Continue routine monitoring.
CASE000986,2026-08-17 11:20:47,Tirupati,13.63_79.42,CREDENTIAL_THEFT,0.145829,15,LOW,Low predicted likelihood of a qualifying future withdrawal. Continue routine monitoring.
CASE003548,2026-08-17 11:27:42,Kannur,11.87_75.37,PAYMENT_FRAUD,0.334715,33,LOW,Low predicted likelihood of a qualifying future withdrawal. Continue routine monitoring.
CASE009378,2026-08-17 11:45:31,Kakinada,16.99_82.25,INVESTMENT_SCAM,0.261928,26,LOW,Low predicted likelihood of a qualifying future withdrawal. Continue routine monitoring.
CASE005569,2026-08-17 12:01:34,Kollam,8.89_76.61,CREDENTIAL_THEFT,0.346251,35,LOW,Low predicted likelihood of a qualifying future withdrawal. Continue routine monitoring.
CASE004310,2026-08-17 12:55:02,Shivamogga,13.93_75.57,SOCIAL_ENGINEERING,0.345555,35,LOW,Low predicted likelihood of a qualifying future withdrawal. Continue routine monitoring.
CASE008483,2026-08-17 13:24:16,Salem,11.66_78.15,PAYMENT_FRAUD,0.256023,26,LOW,Low predicted likelihood of a qualifying future withdrawal. Continue routine monitoring.
CASE001882,2026-08-17 13:24:44,Tirupati,13.63_79.42,INVESTMENT_SCAM,0.172025,17,LOW,Low predicted likelihood of a qualifying future withdrawal. Continue routine monitoring.
CASE009544,2026-08-17 13:26:56,Bengaluru Urban,12.97_77.59,CREDENTIAL_THEFT,0.316661,32,LOW,Low predicted likelihood of a qualifying future withdrawal. Continue routine monitoring.
CASE005802,2026-08-17 13:28:08,Kottayam,9.59_76.52,INVESTMENT_SCAM,0.269312,27,LOW,Low predicted likelihood of a qualifying future withdrawal. Continue routine monitoring.
CASE003574,2026-08-17 14:02:04,Ballari,15.14_76.92,SOCIAL_ENGINEERING,0.269618,27,LOW,Low predicted likelihood of a qualifying future withdrawal. Continue routine monitoring.
CASE004771,2026-08-17 15:26:28,Nellore,14.44_79.99,CREDENTIAL_THEFT,0.347064,35,LOW,Low predicted likelihood of a qualifying future withdrawal. Continue routine monitoring.
CASE006501,2026-08-17 16:02:33,Shivamogga,13.93_75.57,INVESTMENT_SCAM,0.338118,34,LOW,Low predicted likelihood of a qualifying future withdrawal. Continue routine monitoring.
CASE005943,2026-08-17 16:16:09,Vellore,12.92_79.13,CREDENTIAL_THEFT,0.257185,26,LOW,Low predicted likelihood of a qualifying future withdrawal. Continue routine monitoring.
CASE008239,2026-08-17 17:42:20,Chennai,13.08_80.27,PAYMENT_FRAUD,0.302989,30,LOW,Low predicted likelihood of a qualifying future withdrawal. Continue routine monitoring.
CASE008249,2026-08-17 17:45:53,Kollam,8.89_76.61,CREDENTIAL_THEFT,0.372462,37,LOW,Low predicted likelihood of a qualifying future withdrawal. Continue routine monitoring.
CASE009388,2026-08-17 18:03:01,Vijayawada,16.51_80.65,CREDENTIAL_THEFT,0.347018,35,LOW,Low predicted likelihood of a qualifying future withdrawal. Continue routine monitoring.
CASE008931,2026-08-17 18:07:27,Erode,11.34_77.72,PAYMENT_FRAUD,0.316208,32,LOW,Low predicted likelihood of a qualifying future withdrawal. Continue routine monitoring.
CASE001797,2026-08-17 18:40:54,Hubballi,15.36_75.12,PAYMENT_FRAUD,0.372507,37,LOW,Low predicted likelihood of a qualifying future withdrawal. Continue routine monitoring.
CASE002133,2026-08-17 19:48:15,Belagavi,15.85_74.5,INVESTMENT_SCAM,0.231565,23,LOW,Low predicted likelihood of a qualifying future withdrawal. Continue routine monitoring.
CASE001921,2026-08-17 20:26:24,Malappuram,11.05_76.07,INVESTMENT_SCAM,0.134489,13,LOW,Low predicted likelihood of a qualifying future withdrawal. Continue routine monitoring.
CASE002573,2026-08-17 21:09:05,Kollam,8.89_76.61,PAYMENT_FRAUD,0.401156,40,MODERATE,Moderate predicted likelihood. Consider enhanced monitoring by authorized analysts.
CASE000098,2026-08-17 21:38:34,Erode,11.34_77.72,SOCIAL_ENGINEERING,0.236277,24,LOW,Low predicted likelihood of a qualifying future withdrawal. Continue routine monitoring.
CASE007613,2026-08-17 22:05:05,Palakkad,10.79_76.65,CREDENTIAL_THEFT,0.30154,30,LOW,Low predicted likelihood of a qualifying future withdrawal. Continue routine monitoring.
CASE002751,2026-08-17 22:13:50,Kakinada,16.99_82.25,SOCIAL_ENGINEERING,0.328436,33,LOW,Low predicted likelihood of a qualifying future withdrawal. Continue routine monitoring.
CASE002368,2026-08-17 22:25:34,Ernakulam,9.98_76.3,CREDENTIAL_THEFT,0.301838,30,LOW,Low predicted likelihood of a qualifying future withdrawal. Continue routine monitoring.
CASE006774,2026-08-17 22:44:03,Kozhikode,11.26_75.78,PAYMENT_FRAUD,0.226009,23,LOW,Low predicted likelihood of a qualifying future withdrawal. Continue routine monitoring.
CASE003488,2026-08-17 23:35:32,Kadapa,14.47_78.82,CREDENTIAL_THEFT,0.378941,38,LOW,Low predicted likelihood of a qualifying future withdrawal. Continue routine monitoring.
CASE004275,2026-08-17 23:38:33,Tumakuru,13.34_77.1,PAYMENT_FRAUD,0.357021,36,LOW,Low predicted likelihood of a qualifying future withdrawal. Continue routine monitoring.
CASE006029,2026-08-17 23:53:36,Visakhapatnam,17.69_83.22,CREDENTIAL_THEFT,0.287346,29,LOW,Low predicted likelihood of a qualifying future withdrawal. Continue routine monitoring.
CASE008578,2026-08-17 23:53:36,Thanjavur,10.79_79.14,SOCIAL_ENGINEERING,0.264128,26,LOW,Low predicted likelihood of a qualifying future withdrawal. Continue routine monitoring.
CASE008449,2026-08-18 01:19:11,Salem,11.66_78.15,CREDENTIAL_THEFT,0.294869,29,LOW,Low predicted likelihood of a qualifying future withdrawal. Continue routine monitoring.
CASE001216,2026-08-18 01:48:31,Bengaluru Urban,12.97_77.59,INVESTMENT_SCAM,0.526204,53,MODERATE,Moderate predicted likelihood. Consider enhanced monitoring by authorized analysts.
CASE008164,2026-08-18 01:50:21,Salem,11.66_78.15,PAYMENT_FRAUD,0.258026,26,LOW,Low predicted likelihood of a qualifying future withdrawal. Continue routine monitoring.
CASE002522,2026-08-18 02:01:16,Palakkad,10.79_76.65,CREDENTIAL_THEFT,0.354519,35,LOW,Low predicted likelihood of a qualifying future withdrawal. Continue routine monitoring.
CASE008240,2026-08-18 02:19:43,Salem,11.66_78.15,CREDENTIAL_THEFT,0.222255,22,LOW,Low predicted likelihood of a qualifying future withdrawal. Continue routine monitoring.
CASE003024,2026-08-18 02:45:05,Malappuram,11.05_76.07,CREDENTIAL_THEFT,0.254309,25,LOW,Low predicted likelihood of a qualifying future withdrawal. Continue routine monitoring.
CASE008924,2026-08-18 04:01:56,Erode,11.34_77.72,PAYMENT_FRAUD,0.182216,18,LOW,Low predicted likelihood of a qualifying future withdrawal. Continue routine monitoring.
CASE006948,2026-08-18 04:41:16,Vellore,12.92_79.13,CREDENTIAL_THEFT,0.249056,25,LOW,Low predicted likelihood of a qualifying future withdrawal. Continue routine monitoring.
CASE004832,2026-08-18 05:21:04,Thrissur,10.53_76.21,PAYMENT_FRAUD,0.404866,40,MODERATE,Moderate predicted likelihood. Consider enhanced monitoring by authorized analysts.
CASE001297,2026-08-18 05:56:47,Erode,11.34_77.72,SOCIAL_ENGINEERING,0.314008,31,LOW,Low predicted likelihood of a qualifying future withdrawal. Continue routine monitoring.
CASE001807,2026-08-18 06:07:53,Shivamogga,13.93_75.57,CREDENTIAL_THEFT,0.298602,30,LOW,Low predicted likelihood of a qualifying future withdrawal. Continue routine monitoring.
CASE008850,2026-08-18 07:03:01,Kannur,11.87_75.37,PAYMENT_FRAUD,0.463267,46,MODERATE,Moderate predicted likelihood. Consider enhanced monitoring by authorized analysts.
CASE004349,2026-08-18 07:40:26,Kollam,8.89_76.61,CREDENTIAL_THEFT,0.327986,33,LOW,Low predicted likelihood of a qualifying future withdrawal. Continue routine monitoring.
CASE007409,2026-08-18 08:23:08,Shivamogga,13.93_75.57,PAYMENT_FRAUD,0.291298,29,LOW,Low predicted likelihood of a qualifying future withdrawal. Continue routine monitoring.
CASE008136,2026-08-18 08:44:37,Alappuzha,9.5_76.34,CREDENTIAL_THEFT,0.336774,34,LOW,Low predicted likelihood of a qualifying future withdrawal. Continue routine monitoring.
CASE009481,2026-08-18 09:40:15,Rajamahendravaram,16.99_81.78,PAYMENT_FRAUD,0.292793,29,LOW,Low predicted likelihood of a qualifying future withdrawal. Continue routine monitoring.
CASE005038,2026-08-18 09:40:23,Udupi,13.34_74.74,CREDENTIAL_THEFT,0.140892,14,LOW,Low predicted likelihood of a qualifying future withdrawal. Continue routine monitoring.
CASE001045,2026-08-18 09:56:38,Anantapur,14.68_77.6,CREDENTIAL_THEFT,0.249133,25,LOW,Low predicted likelihood of a qualifying future withdrawal. Continue routine monitoring.
CASE009123,2026-08-18 09:59:42,Kalaburagi,17.33_76.83,PAYMENT_FRAUD,0.271606,27,LOW,Low predicted likelihood of a qualifying future withdrawal. Continue routine monitoring.
CASE001139,2026-08-18 10:04:38,Erode,11.34_77.72,CREDENTIAL_THEFT,0.405866,41,MODERATE,Moderate predicted likelihood. Consider enhanced monitoring by authorized analysts.
CASE000694,2026-08-18 11:28:22,Alappuzha,9.5_76.34,CREDENTIAL_THEFT,0.22754,23,LOW,Low predicted likelihood of a qualifying future withdrawal. Continue routine monitoring.
CASE008016,2026-08-18 11:43:55,Salem,11.66_78.15,PAYMENT_FRAUD,0.283216,28,LOW,Low predicted likelihood of a qualifying future withdrawal. Continue routine monitoring.
CASE005392,2026-08-18 12:02:26,Kannur,11.87_75.37,INVESTMENT_SCAM,0.403748,40,MODERATE,Moderate predicted likelihood. Consider enhanced monitoring by authorized analysts.
CASE009002,2026-08-18 12:11:41,Belagavi,15.85_74.5,CREDENTIAL_THEFT,0.303663,30,LOW,Low predicted likelihood of a qualifying future withdrawal. Continue routine monitoring.
CASE008373,2026-08-18 12:55:35,Tirunelveli,8.71_77.76,CREDENTIAL_THEFT,0.287461,29,LOW,Low predicted likelihood of a qualifying future withdrawal. Continue routine monitoring.
CASE001470,2026-08-18 13:27:19,Kurnool,15.83_78.04,INVESTMENT_SCAM,0.383273,38,LOW,Low predicted likelihood of a qualifying future withdrawal. Continue routine monitoring.
CASE008412,2026-08-18 13:51:28,Kalaburagi,17.33_76.83,CREDENTIAL_THEFT,0.357159,36,LOW,Low predicted likelihood of a qualifying future withdrawal. Continue routine monitoring.
CASE005096,2026-08-18 13:54:13,Tirunelveli,8.71_77.76,CREDENTIAL_THEFT,0.25393,25,LOW,Low predicted likelihood of a qualifying future withdrawal. Continue routine monitoring.
CASE002221,2026-08-18 14:07:49,Kannur,11.87_75.37,PAYMENT_FRAUD,0.220185,22,LOW,Low predicted likelihood of a qualifying future withdrawal. Continue routine monitoring.
CASE005502,2026-08-18 15:00:42,Kadapa,14.47_78.82,CREDENTIAL_THEFT,0.284819,28,LOW,Low predicted likelihood of a qualifying future withdrawal. Continue routine monitoring.
CASE008801,2026-08-18 17:22:21,Kozhikode,11.26_75.78,CREDENTIAL_THEFT,0.330904,33,LOW,Low predicted likelihood of a qualifying future withdrawal. Continue routine monitoring.
CASE006837,2026-08-18 17:29:21,Thanjavur,10.79_79.14,INVESTMENT_SCAM,0.324782,32,LOW,Low predicted likelihood of a qualifying future withdrawal. Continue routine monitoring.
CASE009168,2026-08-18 18:11:37,Mysuru,12.3_76.64,CREDENTIAL_THEFT,0.281643,28,LOW,Low predicted likelihood of a qualifying future withdrawal. Continue routine monitoring.
CASE008093,2026-08-18 18:11:49,Tirupati,13.63_79.42,CREDENTIAL_THEFT,0.386121,39,LOW,Low predicted likelihood of a qualifying future withdrawal. Continue routine monitoring.
CASE000866,2026-08-18 18:41:26,Bengaluru Urban,12.97_77.59,CREDENTIAL_THEFT,0.200064,20,LOW,Low predicted likelihood of a qualifying future withdrawal. Continue routine monitoring.
CASE008723,2026-08-18 19:08:14,Kadapa,14.47_78.82,INVESTMENT_SCAM,0.32123,32,LOW,Low predicted likelihood of a qualifying future withdrawal. Continue routine monitoring.
CASE009872,2026-08-18 19:31:06,Alappuzha,9.5_76.34,INVESTMENT_SCAM,0.267542,27,LOW,Low predicted likelihood of a qualifying future withdrawal. Continue routine monitoring.
CASE007735,2026-08-18 19:36:57,Ernakulam,9.98_76.3,INVESTMENT_SCAM,0.220798,22,LOW,Low predicted likelihood of a qualifying future withdrawal. Continue routine monitoring.
CASE001790,2026-08-18 20:11:56,Udupi,13.34_74.74,CREDENTIAL_THEFT,0.234557,23,LOW,Low predicted likelihood of a qualifying future withdrawal. Continue routine monitoring.
CASE004002,2026-08-18 20:44:36,Udupi,13.34_74.74,SOCIAL_ENGINEERING,0.20527,21,LOW,Low predicted likelihood of a qualifying future withdrawal. Continue routine monitoring.
CASE003702,2026-08-18 22:12:55,Erode,11.34_77.72,PAYMENT_FRAUD,0.225141,23,LOW,Low predicted likelihood of a qualifying future withdrawal. Continue routine monitoring.
CASE005906,2026-08-18 23:13:12,Mangaluru,12.91_74.86,INVESTMENT_SCAM,0.202976,20,LOW,Low predicted likelihood of a qualifying future withdrawal. Continue routine monitoring.
CASE004193,2026-08-18 23:28:17,Malappuram,11.05_76.07,CREDENTIAL_THEFT,0.381475,38,LOW,Low predicted likelihood of a qualifying future withdrawal. Continue routine monitoring.
CASE008569,2026-08-18 23:30:35,Bengaluru Urban,12.97_77.59,PAYMENT_FRAUD,0.279131,28,LOW,Low predicted likelihood of a qualifying future withdrawal. Continue routine monitoring.
CASE003031,2026-08-18 23:36:01,Nellore,14.44_79.99,CREDENTIAL_THEFT,0.316601,32,LOW,Low predicted likelihood of a qualifying future withdrawal. Continue routine monitoring.
CASE000429,2026-08-18 23:41:47,Thrissur,10.53_76.21,CREDENTIAL_THEFT,0.294356,29,LOW,Low predicted likelihood of a qualifying future withdrawal. Continue routine monitoring.
CASE009309,2026-08-18 23:48:13,Palakkad,10.79_76.65,PAYMENT_FRAUD,0.368737,37,LOW,Low predicted likelihood of a qualifying future withdrawal. Continue routine monitoring.
CASE005274,2026-08-18 23:59:53,Kadapa,14.47_78.82,SOCIAL_ENGINEERING,0.249716,25,LOW,Low predicted likelihood of a qualifying future withdrawal. Continue routine monitoring.
CASE008464,2026-08-19 00:12:49,Alappuzha,9.5_76.34,PAYMENT_FRAUD,0.273996,27,LOW,Low predicted likelihood of a qualifying future withdrawal. Continue routine monitoring.
CASE006921,2026-08-19 01:05:54,Thrissur,10.53_76.21,CREDENTIAL_THEFT,0.377731,38,LOW,Low predicted likelihood of a qualifying future withdrawal. Continue routine monitoring.
CASE004030,2026-08-19 01:09:22,Salem,11.66_78.15,INVESTMENT_SCAM,0.179539,18,LOW,Low predicted likelihood of a qualifying future withdrawal. Continue routine monitoring.
CASE007427,2026-08-19 01:25:42,Nellore,14.44_79.99,CREDENTIAL_THEFT,0.293203,29,LOW,Low predicted likelihood of a qualifying future withdrawal. Continue routine monitoring.
CASE002603,2026-08-19 01:46:37,Erode,11.34_77.72,CREDENTIAL_THEFT,0.221963,22,LOW,Low predicted likelihood of a qualifying future withdrawal. Continue routine monitoring.
CASE006009,2026-08-19 02:07:07,Thiruvananthapuram,8.52_76.94,CREDENTIAL_THEFT,0.311272,31,LOW,Low predicted likelihood of a qualifying future withdrawal. Continue routine monitoring.
CASE005442,2026-08-19 03:30:00,Malappuram,11.05_76.07,PAYMENT_FRAUD,0.30153,30,LOW,Low predicted likelihood of a qualifying future withdrawal. Continue routine monitoring.
CASE006669,2026-08-19 04:20:17,Vijayawada,16.51_80.65,SOCIAL_ENGINEERING,0.24993,25,LOW,Low predicted likelihood of a qualifying future withdrawal. Continue routine monitoring.
CASE004887,2026-08-19 05:12:51,Guntur,16.31_80.44,INVESTMENT_SCAM,0.236732,24,LOW,Low predicted likelihood of a qualifying future withdrawal. Continue routine monitoring.
CASE006828,2026-08-19 08:46:04,Tirupati,13.63_79.42,SOCIAL_ENGINEERING,0.325188,33,LOW,Low predicted likelihood of a qualifying future withdrawal. Continue routine monitoring.
CASE006229,2026-08-19 09:40:42,Tirunelveli,8.71_77.76,INVESTMENT_SCAM,0.188648,19,LOW,Low predicted likelihood of a qualifying future withdrawal. Continue routine monitoring.
CASE004612,2026-08-19 10:02:24,Alappuzha,9.5_76.34,SOCIAL_ENGINEERING,0.380715,38,LOW,Low predicted likelihood of a qualifying future withdrawal. Continue routine monitoring.
CASE004800,2026-08-19 10:06:58,Mysuru,12.3_76.64,CREDENTIAL_THEFT,0.223499,22,LOW,Low predicted likelihood of a qualifying future withdrawal. Continue routine monitoring.
CASE007277,2026-08-19 10:31:20,Chennai,13.08_80.27,PAYMENT_FRAUD,0.235879,24,LOW,Low predicted likelihood of a qualifying future withdrawal. Continue routine monitoring.
CASE000819,2026-08-19 11:09:24,Kurnool,15.83_78.04,PAYMENT_FRAUD,0.346842,35,LOW,Low predicted likelihood of a qualifying future withdrawal. Continue routine monitoring.
CASE001673,2026-08-19 11:38:17,Anantapur,14.68_77.6,PAYMENT_FRAUD,0.275409,28,LOW,Low predicted likelihood of a qualifying future withdrawal. Continue routine monitoring.
CASE006753,2026-08-19 12:11:36,Erode,11.34_77.72,CREDENTIAL_THEFT,0.303769,30,LOW,Low predicted likelihood of a qualifying future withdrawal. Continue routine monitoring.
CASE001982,2026-08-19 12:19:09,Mysuru,12.3_76.64,PAYMENT_FRAUD,0.164273,16,LOW,Low predicted likelihood of a qualifying future withdrawal. Continue routine monitoring.
CASE004288,2026-08-19 13:00:38,Hubballi,15.36_75.12,SOCIAL_ENGINEERING,0.296397,30,LOW,Low predicted likelihood of a qualifying future withdrawal. Continue routine monitoring.
CASE002383,2026-08-19 13:17:06,Kottayam,9.59_76.52,CREDENTIAL_THEFT,0.302044,30,LOW,Low predicted likelihood of a qualifying future withdrawal. Continue routine monitoring.
CASE007537,2026-08-19 13:33:39,Bengaluru Urban,12.97_77.59,CREDENTIAL_THEFT,0.192612,19,LOW,Low predicted likelihood of a qualifying future withdrawal. Continue routine monitoring.
CASE007593,2026-08-19 15:12:43,Palakkad,10.79_76.65,CREDENTIAL_THEFT,0.365105,37,LOW,Low predicted likelihood of a qualifying future withdrawal. Continue routine monitoring.
CASE000216,2026-08-19 16:29:01,Kakinada,16.99_82.25,CREDENTIAL_THEFT,0.327508,33,LOW,Low predicted likelihood of a qualifying future withdrawal. Continue routine monitoring.
CASE001945,2026-08-19 16:54:26,Visakhapatnam,17.69_83.22,PAYMENT_FRAUD,0.138135,14,LOW,Low predicted likelihood of a qualifying future withdrawal. Continue routine monitoring.
CASE006179,2026-08-19 17:43:05,Bengaluru Urban,12.97_77.59,INVESTMENT_SCAM,0.238475,24,LOW,Low predicted likelihood of a qualifying future withdrawal. Continue routine monitoring.
CASE007626,2026-08-19 17:52:53,Madurai,9.93_78.12,PAYMENT_FRAUD,0.226462,23,LOW,Low predicted likelihood of a qualifying future withdrawal. Continue routine monitoring.
CASE009913,2026-08-19 19:08:14,Visakhapatnam,17.69_83.22,SOCIAL_ENGINEERING,0.341943,34,LOW,Low predicted likelihood of a qualifying future withdrawal. Continue routine monitoring.
CASE007278,2026-08-19 19:30:36,Kannur,11.87_75.37,SOCIAL_ENGINEERING,0.369288,37,LOW,Low predicted likelihood of a qualifying future withdrawal. Continue routine monitoring.
CASE005518,2026-08-19 19:30:52,Rajamahendravaram,16.99_81.78,PAYMENT_FRAUD,0.340697,34,LOW,Low predicted likelihood of a qualifying future withdrawal. Continue routine monitoring.
CASE002831,2026-08-19 20:02:27,Alappuzha,9.5_76.34,CREDENTIAL_THEFT,0.368802,37,LOW,Low predicted likelihood of a qualifying future withdrawal. Continue routine monitoring.
CASE003447,2026-08-19 21:18:25,Malappuram,11.05_76.07,PAYMENT_FRAUD,0.441172,44,MODERATE,Moderate predicted likelihood. Consider enhanced monitoring by authorized analysts.
CASE007119,2026-08-19 21:29:18,Thrissur,10.53_76.21,PAYMENT_FRAUD,0.413633,41,MODERATE,Moderate predicted likelihood. Consider enhanced monitoring by authorized analysts.
CASE004191,2026-08-19 21:40:37,Dindigul,10.37_77.98,PAYMENT_FRAUD,0.43145,43,MODERATE,Moderate predicted likelihood. Consider enhanced monitoring by authorized analysts.
CASE003816,2026-08-19 22:12:45,Bengaluru Urban,12.97_77.59,CREDENTIAL_THEFT,0.32677,33,LOW,Low predicted likelihood of a qualifying future withdrawal. Continue routine monitoring.
CASE007951,2026-08-19 23:08:36,Hubballi,15.36_75.12,INVESTMENT_SCAM,0.353957,35,LOW,Low predicted likelihood of a qualifying future withdrawal. Continue routine monitoring.
CASE006287,2026-08-19 23:25:02,Ernakulam,9.98_76.3,PAYMENT_FRAUD,0.321941,32,LOW,Low predicted likelihood of a qualifying future withdrawal. Continue routine monitoring.
CASE004141,2026-08-19 23:41:04,Tumakuru,13.34_77.1,SOCIAL_ENGINEERING,0.247474,25,LOW,Low predicted likelihood of a qualifying future withdrawal. Continue routine monitoring.
CASE001547,2026-08-20 00:24:34,Madurai,9.93_78.12,SOCIAL_ENGINEERING,0.277861,28,LOW,Low predicted likelihood of a qualifying future withdrawal. Continue routine monitoring.
CASE004327,2026-08-20 00:30:38,Vijayawada,16.51_80.65,SOCIAL_ENGINEERING,0.267922,27,LOW,Low predicted likelihood of a qualifying future withdrawal. Continue routine monitoring.
CASE004138,2026-08-20 00:42:34,Rajamahendravaram,16.99_81.78,CREDENTIAL_THEFT,0.39429,39,LOW,Low predicted likelihood of a qualifying future withdrawal. Continue routine monitoring.
CASE002050,2026-08-20 02:21:26,Mysuru,12.3_76.64,PAYMENT_FRAUD,0.236038,24,LOW,Low predicted likelihood of a qualifying future withdrawal. Continue routine monitoring.
CASE004664,2026-08-20 02:23:28,Kalaburagi,17.33_76.83,INVESTMENT_SCAM,0.419175,42,MODERATE,Moderate predicted likelihood. Consider enhanced monitoring by authorized analysts.
CASE000876,2026-08-20 02:31:36,Erode,11.34_77.72,CREDENTIAL_THEFT,0.322654,32,LOW,Low predicted likelihood of a qualifying future withdrawal. Continue routine monitoring.
CASE008575,2026-08-20 03:44:46,Kannur,11.87_75.37,CREDENTIAL_THEFT,0.30268,30,LOW,Low predicted likelihood of a qualifying future withdrawal. Continue routine monitoring.
CASE004358,2026-08-20 04:06:48,Thiruvananthapuram,8.52_76.94,SOCIAL_ENGINEERING,0.414138,41,MODERATE,Moderate predicted likelihood. Consider enhanced monitoring by authorized analysts.
CASE004038,2026-08-20 04:25:54,Mysuru,12.3_76.64,PAYMENT_FRAUD,0.268875,27,LOW,Low predicted likelihood of a qualifying future withdrawal. Continue routine monitoring.
CASE005180,2026-08-20 05:11:54,Tumakuru,13.34_77.1,SOCIAL_ENGINEERING,0.399443,40,MODERATE,Moderate predicted likelihood. Consider enhanced monitoring by authorized analysts.
CASE002875,2026-08-20 05:29:28,Malappuram,11.05_76.07,SOCIAL_ENGINEERING,0.114962,11,LOW,Low predicted likelihood of a qualifying future withdrawal. Continue routine monitoring.
CASE005243,2026-08-20 06:41:43,Bengaluru Urban,12.97_77.59,PAYMENT_FRAUD,0.294149,29,LOW,Low predicted likelihood of a qualifying future withdrawal. Continue routine monitoring.
CASE008159,2026-08-20 08:20:21,Coimbatore,11.02_76.96,INVESTMENT_SCAM,0.267577,27,LOW,Low predicted likelihood of a qualifying future withdrawal. Continue routine monitoring.
CASE008147,2026-08-20 08:28:32,Vijayawada,16.51_80.65,PAYMENT_FRAUD,0.357557,36,LOW,Low predicted likelihood of a qualifying future withdrawal. Continue routine monitoring.
CASE008329,2026-08-20 08:49:06,Tiruchirappalli,10.79_78.7,PAYMENT_FRAUD,0.336244,34,LOW,Low predicted likelihood of a qualifying future withdrawal. Continue routine monitoring.
CASE004270,2026-08-20 10:24:29,Rajamahendravaram,16.99_81.78,CREDENTIAL_THEFT,0.285919,29,LOW,Low predicted likelihood of a qualifying future withdrawal. Continue routine monitoring.
CASE002806,2026-08-20 10:47:23,Rajamahendravaram,16.99_81.78,CREDENTIAL_THEFT,0.321576,32,LOW,Low predicted likelihood of a qualifying future withdrawal. Continue routine monitoring.
CASE004416,2026-08-20 11:17:54,Madurai,9.93_78.12,SOCIAL_ENGINEERING,0.299249,30,LOW,Low predicted likelihood of a qualifying future withdrawal. Continue routine monitoring.
CASE001545,2026-08-20 12:01:08,Kurnool,15.83_78.04,CREDENTIAL_THEFT,0.344997,34,LOW,Low predicted likelihood of a qualifying future withdrawal. Continue routine monitoring.
CASE004890,2026-08-20 12:07:51,Hubballi,15.36_75.12,SOCIAL_ENGINEERING,0.356524,36,LOW,Low predicted likelihood of a qualifying future withdrawal. Continue routine monitoring.
CASE007141,2026-08-20 12:30:22,Kakinada,16.99_82.25,SOCIAL_ENGINEERING,0.292447,29,LOW,Low predicted likelihood of a qualifying future withdrawal. Continue routine monitoring.
CASE000565,2026-08-20 12:50:43,Salem,11.66_78.15,PAYMENT_FRAUD,0.206045,21,LOW,Low predicted likelihood of a qualifying future withdrawal. Continue routine monitoring.
CASE006054,2026-08-20 13:17:33,Mysuru,12.3_76.64,CREDENTIAL_THEFT,0.214365,21,LOW,Low predicted likelihood of a qualifying future withdrawal. Continue routine monitoring.
CASE000205,2026-08-20 13:17:49,Kalaburagi,17.33_76.83,CREDENTIAL_THEFT,0.456121,46,MODERATE,Moderate predicted likelihood. Consider enhanced monitoring by authorized analysts.
CASE005227,2026-08-20 14:23:00,Kakinada,16.99_82.25,PAYMENT_FRAUD,0.378654,38,LOW,Low predicted likelihood of a qualifying future withdrawal. Continue routine monitoring.
CASE005231,2026-08-20 14:30:56,Kozhikode,11.26_75.78,CREDENTIAL_THEFT,0.218469,22,LOW,Low predicted likelihood of a qualifying future withdrawal. Continue routine monitoring.
CASE005040,2026-08-20 15:11:43,Tumakuru,13.34_77.1,SOCIAL_ENGINEERING,0.208166,21,LOW,Low predicted likelihood of a qualifying future withdrawal. Continue routine monitoring.
CASE002154,2026-08-20 15:25:34,Vijayawada,16.51_80.65,CREDENTIAL_THEFT,0.306125,31,LOW,Low predicted likelihood of a qualifying future withdrawal. Continue routine monitoring.
CASE005406,2026-08-20 16:38:26,Tirupati,13.63_79.42,INVESTMENT_SCAM,0.320883,32,LOW,Low predicted likelihood of a qualifying future withdrawal. Continue routine monitoring.
CASE007174,2026-08-20 17:24:09,Thanjavur,10.79_79.14,PAYMENT_FRAUD,0.320704,32,LOW,Low predicted likelihood of a qualifying future withdrawal. Continue routine monitoring.
CASE009149,2026-08-20 18:15:38,Dindigul,10.37_77.98,PAYMENT_FRAUD,0.379229,38,LOW,Low predicted likelihood of a qualifying future withdrawal. Continue routine monitoring.
CASE007824,2026-08-20 18:17:05,Kakinada,16.99_82.25,CREDENTIAL_THEFT,0.384481,38,LOW,Low predicted likelihood of a qualifying future withdrawal. Continue routine monitoring.
CASE002325,2026-08-20 18:21:22,Malappuram,11.05_76.07,INVESTMENT_SCAM,0.271948,27,LOW,Low predicted likelihood of a qualifying future withdrawal. Continue routine monitoring.
CASE003347,2026-08-20 18:22:13,Tiruchirappalli,10.79_78.7,CREDENTIAL_THEFT,0.414581,41,MODERATE,Moderate predicted likelihood. Consider enhanced monitoring by authorized analysts.
CASE009815,2026-08-20 18:59:39,Anantapur,14.68_77.6,INVESTMENT_SCAM,0.26751,27,LOW,Low predicted likelihood of a qualifying future withdrawal. Continue routine monitoring.
CASE003683,2026-08-20 20:01:52,Hubballi,15.36_75.12,PAYMENT_FRAUD,0.184905,18,LOW,Low predicted likelihood of a qualifying future withdrawal. Continue routine monitoring.
CASE009555,2026-08-20 20:34:39,Udupi,13.34_74.74,PAYMENT_FRAUD,0.281853,28,LOW,Low predicted likelihood of a qualifying future withdrawal. Continue routine monitoring.
CASE002586,2026-08-20 20:40:22,Kalaburagi,17.33_76.83,PAYMENT_FRAUD,0.264526,26,LOW,Low predicted likelihood of a qualifying future withdrawal. Continue routine monitoring.
CASE001420,2026-08-20 21:26:24,Vellore,12.92_79.13,PAYMENT_FRAUD,0.272658,27,LOW,Low predicted likelihood of a qualifying future withdrawal. Continue routine monitoring.
CASE009431,2026-08-20 22:10:52,Shivamogga,13.93_75.57,CREDENTIAL_THEFT,0.246999,25,LOW,Low predicted likelihood of a qualifying future withdrawal. Continue routine monitoring.
CASE005000,2026-08-20 22:34:24,Salem,11.66_78.15,PAYMENT_FRAUD,0.325099,33,LOW,Low predicted likelihood of a qualifying future withdrawal. Continue routine monitoring.
CASE009400,2026-08-20 22:35:36,Rajamahendravaram,16.99_81.78,INVESTMENT_SCAM,0.415717,42,MODERATE,Moderate predicted likelihood. Consider enhanced monitoring by authorized analysts.
CASE003757,2026-08-20 23:22:15,Tiruchirappalli,10.79_78.7,PAYMENT_FRAUD,0.467714,47,MODERATE,Moderate predicted likelihood. Consider enhanced monitoring by authorized analysts.
CASE007549,2026-08-20 23:29:08,Erode,11.34_77.72,PAYMENT_FRAUD,0.355901,36,LOW,Low predicted likelihood of a qualifying future withdrawal. Continue routine monitoring.
CASE008653,2026-08-20 23:50:25,Tumakuru,13.34_77.1,INVESTMENT_SCAM,0.356726,36,LOW,Low predicted likelihood of a qualifying future withdrawal. Continue routine monitoring.
CASE003029,2026-08-20 23:52:31,Kannur,11.87_75.37,SOCIAL_ENGINEERING,0.360748,36,LOW,Low predicted likelihood of a qualifying future withdrawal. Continue routine monitoring.
CASE001838,2026-08-21 00:47:46,Tiruchirappalli,10.79_78.7,INVESTMENT_SCAM,0.413301,41,MODERATE,Moderate predicted likelihood. Consider enhanced monitoring by authorized analysts.
CASE005848,2026-08-21 00:53:06,Alappuzha,9.5_76.34,SOCIAL_ENGINEERING,0.220436,22,LOW,Low predicted likelihood of a qualifying future withdrawal. Continue routine monitoring.
CASE002076,2026-08-21 01:35:53,Kollam,8.89_76.61,CREDENTIAL_THEFT,0.288639,29,LOW,Low predicted likelihood of a qualifying future withdrawal. Continue routine monitoring.
CASE005352,2026-08-21 01:55:05,Vijayawada,16.51_80.65,PAYMENT_FRAUD,0.3132,31,LOW,Low predicted likelihood of a qualifying future withdrawal. Continue routine monitoring.
CASE007227,2026-08-21 02:00:54,Kakinada,16.99_82.25,PAYMENT_FRAUD,0.277925,28,LOW,Low predicted likelihood of a qualifying future withdrawal. Continue routine monitoring.
CASE009299,2026-08-21 02:29:13,Ernakulam,9.98_76.3,PAYMENT_FRAUD,0.321412,32,LOW,Low predicted likelihood of a qualifying future withdrawal. Continue routine monitoring.
CASE006844,2026-08-21 02:41:07,Alappuzha,9.5_76.34,INVESTMENT_SCAM,0.211317,21,LOW,Low predicted likelihood of a qualifying future withdrawal. Continue routine monitoring.
CASE008896,2026-08-21 02:58:03,Ernakulam,9.98_76.3,CREDENTIAL_THEFT,0.31658,32,LOW,Low predicted likelihood of a qualifying future withdrawal. Continue routine monitoring.
CASE000840,2026-08-21 03:46:04,Kollam,8.89_76.61,SOCIAL_ENGINEERING,0.279641,28,LOW,Low predicted likelihood of a qualifying future withdrawal. Continue routine monitoring.
CASE004563,2026-08-21 04:15:02,Tirunelveli,8.71_77.76,SOCIAL_ENGINEERING,0.417464,42,MODERATE,Moderate predicted likelihood. Consider enhanced monitoring by authorized analysts.
CASE008984,2026-08-21 04:39:14,Coimbatore,11.02_76.96,SOCIAL_ENGINEERING,0.30266,30,LOW,Low predicted likelihood of a qualifying future withdrawal. Continue routine monitoring.
CASE003660,2026-08-21 04:59:01,Kurnool,15.83_78.04,PAYMENT_FRAUD,0.248938,25,LOW,Low predicted likelihood of a qualifying future withdrawal. Continue routine monitoring.
CASE006276,2026-08-21 05:41:28,Palakkad,10.79_76.65,CREDENTIAL_THEFT,0.337051,34,LOW,Low predicted likelihood of a qualifying future withdrawal. Continue routine monitoring.
CASE007213,2026-08-21 05:52:08,Kannur,11.87_75.37,PAYMENT_FRAUD,0.179268,18,LOW,Low predicted likelihood of a qualifying future withdrawal. Continue routine monitoring.
CASE006267,2026-08-21 05:55:14,Mysuru,12.3_76.64,INVESTMENT_SCAM,0.178334,18,LOW,Low predicted likelihood of a qualifying future withdrawal. Continue routine monitoring.
CASE004076,2026-08-21 06:07:52,Palakkad,10.79_76.65,PAYMENT_FRAUD,0.258778,26,LOW,Low predicted likelihood of a qualifying future withdrawal. Continue routine monitoring.
CASE007413,2026-08-21 06:12:10,Kottayam,9.59_76.52,SOCIAL_ENGINEERING,0.218389,22,LOW,Low predicted likelihood of a qualifying future withdrawal. Continue routine monitoring.
CASE005126,2026-08-21 08:55:01,Anantapur,14.68_77.6,CREDENTIAL_THEFT,0.328229,33,LOW,Low predicted likelihood of a qualifying future withdrawal. Continue routine monitoring.
CASE008834,2026-08-21 09:55:57,Vellore,12.92_79.13,SOCIAL_ENGINEERING,0.212883,21,LOW,Low predicted likelihood of a qualifying future withdrawal. Continue routine monitoring.
CASE000350,2026-08-21 10:50:58,Vellore,12.92_79.13,INVESTMENT_SCAM,0.192013,19,LOW,Low predicted likelihood of a qualifying future withdrawal. Continue routine monitoring.
CASE002541,2026-08-21 11:40:29,Kalaburagi,17.33_76.83,CREDENTIAL_THEFT,0.245868,25,LOW,Low predicted likelihood of a qualifying future withdrawal. Continue routine monitoring.
CASE007716,2026-08-21 12:30:51,Shivamogga,13.93_75.57,SOCIAL_ENGINEERING,0.201503,20,LOW,Low predicted likelihood of a qualifying future withdrawal. Continue routine monitoring.
CASE007779,2026-08-21 12:32:46,Visakhapatnam,17.69_83.22,CREDENTIAL_THEFT,0.223429,22,LOW,Low predicted likelihood of a qualifying future withdrawal. Continue routine monitoring.
CASE007941,2026-08-21 13:44:17,Guntur,16.31_80.44,SOCIAL_ENGINEERING,0.315877,32,LOW,Low predicted likelihood of a qualifying future withdrawal. Continue routine monitoring.
CASE007460,2026-08-21 13:59:12,Tirunelveli,8.71_77.76,PAYMENT_FRAUD,0.331969,33,LOW,Low predicted likelihood of a qualifying future withdrawal. Continue routine monitoring.
CASE002444,2026-08-21 15:03:55,Tiruchirappalli,10.79_78.7,PAYMENT_FRAUD,0.318711,32,LOW,Low predicted likelihood of a qualifying future withdrawal. Continue routine monitoring.
CASE002737,2026-08-21 15:47:40,Udupi,13.34_74.74,PAYMENT_FRAUD,0.235213,24,LOW,Low predicted likelihood of a qualifying future withdrawal. Continue routine monitoring.
CASE004355,2026-08-21 15:49:54,Kalaburagi,17.33_76.83,PAYMENT_FRAUD,0.331771,33,LOW,Low predicted likelihood of a qualifying future withdrawal. Continue routine monitoring.
CASE003258,2026-08-21 16:12:26,Kottayam,9.59_76.52,INVESTMENT_SCAM,0.227315,23,LOW,Low predicted likelihood of a qualifying future withdrawal. Continue routine monitoring.
CASE005851,2026-08-21 16:12:48,Thiruvananthapuram,8.52_76.94,CREDENTIAL_THEFT,0.204709,20,LOW,Low predicted likelihood of a qualifying future withdrawal. Continue routine monitoring.
CASE006520,2026-08-21 17:03:01,Salem,11.66_78.15,PAYMENT_FRAUD,0.29824,30,LOW,Low predicted likelihood of a qualifying future withdrawal. Continue routine monitoring.
CASE001535,2026-08-21 19:17:16,Ballari,15.14_76.92,INVESTMENT_SCAM,0.276877,28,LOW,Low predicted likelihood of a qualifying future withdrawal. Continue routine monitoring.
CASE008797,2026-08-21 20:29:30,Kottayam,9.59_76.52,PAYMENT_FRAUD,0.322575,32,LOW,Low predicted likelihood of a qualifying future withdrawal. Continue routine monitoring.
CASE006692,2026-08-21 21:27:42,Rajamahendravaram,16.99_81.78,PAYMENT_FRAUD,0.360487,36,LOW,Low predicted likelihood of a qualifying future withdrawal. Continue routine monitoring.
CASE004697,2026-08-21 21:59:49,Kalaburagi,17.33_76.83,PAYMENT_FRAUD,0.358587,36,LOW,Low predicted likelihood of a qualifying future withdrawal. Continue routine monitoring.
CASE004479,2026-08-21 22:28:02,Chennai,13.08_80.27,CREDENTIAL_THEFT,0.358983,36,LOW,Low predicted likelihood of a qualifying future withdrawal. Continue routine monitoring.
CASE000407,2026-08-21 23:47:48,Kurnool,15.83_78.04,PAYMENT_FRAUD,0.421221,42,MODERATE,Moderate predicted likelihood. Consider enhanced monitoring by authorized analysts.
CASE000747,2026-08-21 23:54:19,Mysuru,12.3_76.64,CREDENTIAL_THEFT,0.371825,37,LOW,Low predicted likelihood of a qualifying future withdrawal. Continue routine monitoring.
CASE006175,2026-08-22 00:05:29,Hubballi,15.36_75.12,PAYMENT_FRAUD,0.237161,24,LOW,Low predicted likelihood of a qualifying future withdrawal. Continue routine monitoring.
CASE009895,2026-08-22 01:06:27,Thrissur,10.53_76.21,CREDENTIAL_THEFT,0.473187,47,MODERATE,Moderate predicted likelihood. Consider enhanced monitoring by authorized analysts.
CASE005590,2026-08-22 01:30:22,Mysuru,12.3_76.64,SOCIAL_ENGINEERING,0.283404,28,LOW,Low predicted likelihood of a qualifying future withdrawal. Continue routine monitoring.
CASE000820,2026-08-22 01:33:00,Vellore,12.92_79.13,CREDENTIAL_THEFT,0.299093,30,LOW,Low predicted likelihood of a qualifying future withdrawal. Continue routine monitoring.
CASE000578,2026-08-22 02:07:51,Mangaluru,12.91_74.86,CREDENTIAL_THEFT,0.196766,20,LOW,Low predicted likelihood of a qualifying future withdrawal. Continue routine monitoring.
CASE006362,2026-08-22 02:18:51,Chennai,13.08_80.27,CREDENTIAL_THEFT,0.358109,36,LOW,Low predicted likelihood of a qualifying future withdrawal. Continue routine monitoring.
CASE001144,2026-08-22 02:40:26,Dindigul,10.37_77.98,CREDENTIAL_THEFT,0.335339,34,LOW,Low predicted likelihood of a qualifying future withdrawal. Continue routine monitoring.
CASE000441,2026-08-22 04:16:49,Kadapa,14.47_78.82,INVESTMENT_SCAM,0.390412,39,LOW,Low predicted likelihood of a qualifying future withdrawal. Continue routine monitoring.
CASE000033,2026-08-22 05:09:06,Erode,11.34_77.72,INVESTMENT_SCAM,0.324672,32,LOW,Low predicted likelihood of a qualifying future withdrawal. Continue routine monitoring.
CASE009611,2026-08-22 05:28:59,Kakinada,16.99_82.25,SOCIAL_ENGINEERING,0.240233,24,LOW,Low predicted likelihood of a qualifying future withdrawal. Continue routine monitoring.
CASE008596,2026-08-22 09:26:07,Kannur,11.87_75.37,PAYMENT_FRAUD,0.35019,35,LOW,Low predicted likelihood of a qualifying future withdrawal. Continue routine monitoring.
CASE007882,2026-08-22 09:38:45,Ballari,15.14_76.92,CREDENTIAL_THEFT,0.236107,24,LOW,Low predicted likelihood of a qualifying future withdrawal. Continue routine monitoring.
CASE007001,2026-08-22 10:35:55,Salem,11.66_78.15,INVESTMENT_SCAM,0.317585,32,LOW,Low predicted likelihood of a qualifying future withdrawal. Continue routine monitoring.
CASE002663,2026-08-22 11:12:57,Tiruchirappalli,10.79_78.7,PAYMENT_FRAUD,0.300971,30,LOW,Low predicted likelihood of a qualifying future withdrawal. Continue routine monitoring.
CASE004129,2026-08-22 11:33:34,Mangaluru,12.91_74.86,PAYMENT_FRAUD,0.163987,16,LOW,Low predicted likelihood of a qualifying future withdrawal. Continue routine monitoring.
CASE003913,2026-08-22 12:08:13,Tumakuru,13.34_77.1,SOCIAL_ENGINEERING,0.300693,30,LOW,Low predicted likelihood of a qualifying future withdrawal. Continue routine monitoring.
CASE004936,2026-08-22 13:13:59,Visakhapatnam,17.69_83.22,PAYMENT_FRAUD,0.235837,24,LOW,Low predicted likelihood of a qualifying future withdrawal. Continue routine monitoring.
CASE007899,2026-08-22 13:36:04,Tirupati,13.63_79.42,PAYMENT_FRAUD,0.193291,19,LOW,Low predicted likelihood of a qualifying future withdrawal. Continue routine monitoring.
CASE001313,2026-08-22 14:33:06,Palakkad,10.79_76.65,SOCIAL_ENGINEERING,0.306012,31,LOW,Low predicted likelihood of a qualifying future withdrawal. Continue routine monitoring.
CASE002787,2026-08-22 14:57:52,Kurnool,15.83_78.04,SOCIAL_ENGINEERING,0.256975,26,LOW,Low predicted likelihood of a qualifying future withdrawal. Continue routine monitoring.
CASE008703,2026-08-22 16:17:35,Thrissur,10.53_76.21,SOCIAL_ENGINEERING,0.28352,28,LOW,Low predicted likelihood of a qualifying future withdrawal. Continue routine monitoring.
CASE007263,2026-08-22 17:14:34,Vijayawada,16.51_80.65,SOCIAL_ENGINEERING,0.261039,26,LOW,Low predicted likelihood of a qualifying future withdrawal. Continue routine monitoring.
CASE004633,2026-08-22 18:24:05,Belagavi,15.85_74.5,INVESTMENT_SCAM,0.403625,40,MODERATE,Moderate predicted likelihood. Consider enhanced monitoring by authorized analysts.
CASE007585,2026-08-22 18:35:41,Ballari,15.14_76.92,SOCIAL_ENGINEERING,0.215158,22,LOW,Low predicted likelihood of a qualifying future withdrawal. Continue routine monitoring.
CASE008278,2026-08-22 18:48:05,Chennai,13.08_80.27,PAYMENT_FRAUD,0.170996,17,LOW,Low predicted likelihood of a qualifying future withdrawal. Continue routine monitoring.
CASE002520,2026-08-22 19:26:46,Thiruvananthapuram,8.52_76.94,PAYMENT_FRAUD,0.20603,21,LOW,Low predicted likelihood of a qualifying future withdrawal. Continue routine monitoring.
CASE005263,2026-08-22 19:38:38,Hubballi,15.36_75.12,INVESTMENT_SCAM,0.235511,24,LOW,Low predicted likelihood of a qualifying future withdrawal. Continue routine monitoring.
CASE000740,2026-08-22 19:45:31,Udupi,13.34_74.74,PAYMENT_FRAUD,0.275442,28,LOW,Low predicted likelihood of a qualifying future withdrawal. Continue routine monitoring.
CASE000588,2026-08-22 20:22:00,Vijayawada,16.51_80.65,CREDENTIAL_THEFT,0.467986,47,MODERATE,Moderate predicted likelihood. Consider enhanced monitoring by authorized analysts.
CASE006436,2026-08-22 21:25:46,Ernakulam,9.98_76.3,SOCIAL_ENGINEERING,0.340127,34,LOW,Low predicted likelihood of a qualifying future withdrawal. Continue routine monitoring.
CASE002295,2026-08-22 22:33:14,Belagavi,15.85_74.5,CREDENTIAL_THEFT,0.370168,37,LOW,Low predicted likelihood of a qualifying future withdrawal. Continue routine monitoring.
CASE009435,2026-08-22 22:55:07,Ernakulam,9.98_76.3,CREDENTIAL_THEFT,0.315126,32,LOW,Low predicted likelihood of a qualifying future withdrawal. Continue routine monitoring.
CASE007531,2026-08-22 23:12:20,Kannur,11.87_75.37,PAYMENT_FRAUD,0.354961,35,LOW,Low predicted likelihood of a qualifying future withdrawal. Continue routine monitoring.
CASE005260,2026-08-22 23:26:43,Kalaburagi,17.33_76.83,CREDENTIAL_THEFT,0.46372,46,MODERATE,Moderate predicted likelihood. Consider enhanced monitoring by authorized analysts.
CASE006991,2026-08-22 23:38:30,Shivamogga,13.93_75.57,CREDENTIAL_THEFT,0.326514,33,LOW,Low predicted likelihood of a qualifying future withdrawal. Continue routine monitoring.
CASE003175,2026-08-23 01:54:40,Malappuram,11.05_76.07,SOCIAL_ENGINEERING,0.320305,32,LOW,Low predicted likelihood of a qualifying future withdrawal. Continue routine monitoring.
CASE000582,2026-08-23 03:39:01,Shivamogga,13.93_75.57,PAYMENT_FRAUD,0.330932,33,LOW,Low predicted likelihood of a qualifying future withdrawal. Continue routine monitoring.
CASE004445,2026-08-23 03:59:23,Kalaburagi,17.33_76.83,PAYMENT_FRAUD,0.44324,44,MODERATE,Moderate predicted likelihood. Consider enhanced monitoring by authorized analysts.
CASE004965,2026-08-23 04:47:44,Tirupati,13.63_79.42,PAYMENT_FRAUD,0.318669,32,LOW,Low predicted likelihood of a qualifying future withdrawal. Continue routine monitoring.
CASE007306,2026-08-23 04:56:49,Udupi,13.34_74.74,CREDENTIAL_THEFT,0.379748,38,LOW,Low predicted likelihood of a qualifying future withdrawal. Continue routine monitoring.
CASE009673,2026-08-23 05:23:02,Kannur,11.87_75.37,INVESTMENT_SCAM,0.350823,35,LOW,Low predicted likelihood of a qualifying future withdrawal. Continue routine monitoring.
CASE007734,2026-08-23 05:38:34,Tirunelveli,8.71_77.76,PAYMENT_FRAUD,0.419402,42,MODERATE,Moderate predicted likelihood. Consider enhanced monitoring by authorized analysts.
CASE009237,2026-08-23 06:51:49,Coimbatore,11.02_76.96,PAYMENT_FRAUD,0.362167,36,LOW,Low predicted likelihood of a qualifying future withdrawal. Continue routine monitoring.
CASE009746,2026-08-23 07:01:16,Kottayam,9.59_76.52,PAYMENT_FRAUD,0.258992,26,LOW,Low predicted likelihood of a qualifying future withdrawal. Continue routine monitoring.
CASE002919,2026-08-23 07:07:24,Tiruchirappalli,10.79_78.7,PAYMENT_FRAUD,0.576345,58,MODERATE,Moderate predicted likelihood. Consider enhanced monitoring by authorized analysts.
CASE000067,2026-08-23 07:12:14,Vijayawada,16.51_80.65,PAYMENT_FRAUD,0.375635,38,LOW,Low predicted likelihood of a qualifying future withdrawal. Continue routine monitoring.
CASE008360,2026-08-23 07:16:20,Kurnool,15.83_78.04,PAYMENT_FRAUD,0.245616,25,LOW,Low predicted likelihood of a qualifying future withdrawal. Continue routine monitoring.
CASE007798,2026-08-23 08:28:17,Ballari,15.14_76.92,INVESTMENT_SCAM,0.271306,27,LOW,Low predicted likelihood of a qualifying future withdrawal. Continue routine monitoring.
CASE007035,2026-08-23 08:51:51,Ballari,15.14_76.92,PAYMENT_FRAUD,0.296748,30,LOW,Low predicted likelihood of a qualifying future withdrawal. Continue routine monitoring.
CASE001903,2026-08-23 10:04:21,Visakhapatnam,17.69_83.22,CREDENTIAL_THEFT,0.498544,50,MODERATE,Moderate predicted likelihood. Consider enhanced monitoring by authorized analysts.
CASE005911,2026-08-23 10:21:42,Guntur,16.31_80.44,PAYMENT_FRAUD,0.442348,44,MODERATE,Moderate predicted likelihood. Consider enhanced monitoring by authorized analysts.
CASE001836,2026-08-23 10:33:10,Bengaluru Urban,12.97_77.59,PAYMENT_FRAUD,0.350368,35,LOW,Low predicted likelihood of a qualifying future withdrawal. Continue routine monitoring.
CASE006027,2026-08-23 11:05:36,Ballari,15.14_76.92,PAYMENT_FRAUD,0.309691,31,LOW,Low predicted likelihood of a qualifying future withdrawal. Continue routine monitoring.
CASE008940,2026-08-23 12:34:22,Mysuru,12.3_76.64,SOCIAL_ENGINEERING,0.394316,39,LOW,Low predicted likelihood of a qualifying future withdrawal. Continue routine monitoring.
CASE002846,2026-08-23 13:07:32,Kurnool,15.83_78.04,PAYMENT_FRAUD,0.323693,32,LOW,Low predicted likelihood of a qualifying future withdrawal. Continue routine monitoring.
CASE007708,2026-08-23 13:56:03,Salem,11.66_78.15,PAYMENT_FRAUD,0.257645,26,LOW,Low predicted likelihood of a qualifying future withdrawal. Continue routine monitoring.
CASE007338,2026-08-23 14:01:27,Tirupati,13.63_79.42,CREDENTIAL_THEFT,0.199295,20,LOW,Low predicted likelihood of a qualifying future withdrawal. Continue routine monitoring.
CASE000343,2026-08-23 14:34:52,Kakinada,16.99_82.25,CREDENTIAL_THEFT,0.449716,45,MODERATE,Moderate predicted likelihood. Consider enhanced monitoring by authorized analysts.
CASE005174,2026-08-23 14:38:20,Malappuram,11.05_76.07,CREDENTIAL_THEFT,0.342399,34,LOW,Low predicted likelihood of a qualifying future withdrawal. Continue routine monitoring.
CASE000423,2026-08-23 15:05:39,Anantapur,14.68_77.6,SOCIAL_ENGINEERING,0.335178,34,LOW,Low predicted likelihood of a qualifying future withdrawal. Continue routine monitoring.
CASE002659,2026-08-23 15:25:19,Chennai,13.08_80.27,SOCIAL_ENGINEERING,0.292951,29,LOW,Low predicted likelihood of a qualifying future withdrawal. Continue routine monitoring.
CASE001328,2026-08-23 16:09:54,Coimbatore,11.02_76.96,CREDENTIAL_THEFT,0.345884,35,LOW,Low predicted likelihood of a qualifying future withdrawal. Continue routine monitoring.
CASE007436,2026-08-23 16:40:37,Kakinada,16.99_82.25,SOCIAL_ENGINEERING,0.407378,41,MODERATE,Moderate predicted likelihood. Consider enhanced monitoring by authorized analysts.
CASE005158,2026-08-23 17:22:38,Kurnool,15.83_78.04,CREDENTIAL_THEFT,0.398946,40,MODERATE,Moderate predicted likelihood. Consider enhanced monitoring by authorized analysts.
CASE001987,2026-08-23 17:25:22,Guntur,16.31_80.44,CREDENTIAL_THEFT,0.462933,46,MODERATE,Moderate predicted likelihood. Consider enhanced monitoring by authorized analysts.
CASE005625,2026-08-23 18:46:31,Erode,11.34_77.72,CREDENTIAL_THEFT,0.41926,42,MODERATE,Moderate predicted likelihood. Consider enhanced monitoring by authorized analysts.
CASE005475,2026-08-23 19:17:31,Tumakuru,13.34_77.1,PAYMENT_FRAUD,0.40805,41,MODERATE,Moderate predicted likelihood. Consider enhanced monitoring by authorized analysts.
CASE004391,2026-08-23 19:39:42,Ernakulam,9.98_76.3,CREDENTIAL_THEFT,0.332819,33,LOW,Low predicted likelihood of a qualifying future withdrawal. Continue routine monitoring.
CASE006484,2026-08-23 19:47:08,Kollam,8.89_76.61,CREDENTIAL_THEFT,0.357746,36,LOW,Low predicted likelihood of a qualifying future withdrawal. Continue routine monitoring.
CASE003503,2026-08-23 20:22:05,Vijayawada,16.51_80.65,INVESTMENT_SCAM,0.366948,37,LOW,Low predicted likelihood of a qualifying future withdrawal. Continue routine monitoring.
CASE000493,2026-08-23 20:25:00,Visakhapatnam,17.69_83.22,CREDENTIAL_THEFT,0.441973,44,MODERATE,Moderate predicted likelihood. Consider enhanced monitoring by authorized analysts.
CASE003922,2026-08-23 21:02:41,Kakinada,16.99_82.25,SOCIAL_ENGINEERING,0.423242,42,MODERATE,Moderate predicted likelihood. Consider enhanced monitoring by authorized analysts.
CASE004654,2026-08-23 21:24:06,Vellore,12.92_79.13,SOCIAL_ENGINEERING,0.219797,22,LOW,Low predicted likelihood of a qualifying future withdrawal. Continue routine monitoring.
CASE005463,2026-08-23 21:40:39,Kalaburagi,17.33_76.83,INVESTMENT_SCAM,0.328622,33,LOW,Low predicted likelihood of a qualifying future withdrawal. Continue routine monitoring.
CASE007866,2026-08-23 22:47:08,Vijayawada,16.51_80.65,CREDENTIAL_THEFT,0.436026,44,MODERATE,Moderate predicted likelihood. Consider enhanced monitoring by authorized analysts.
CASE005729,2026-08-23 22:53:08,Kottayam,9.59_76.52,INVESTMENT_SCAM,0.427885,43,MODERATE,Moderate predicted likelihood. Consider enhanced monitoring by authorized analysts.
CASE000122,2026-08-23 23:46:12,Tirupati,13.63_79.42,PAYMENT_FRAUD,0.462896,46,MODERATE,Moderate predicted likelihood. Consider enhanced monitoring by authorized analysts.
CASE008114,2026-08-24 01:42:04,Tumakuru,13.34_77.1,SOCIAL_ENGINEERING,0.392792,39,LOW,Low predicted likelihood of a qualifying future withdrawal. Continue routine monitoring.
CASE005914,2026-08-24 01:55:21,Kakinada,16.99_82.25,PAYMENT_FRAUD,0.598286,60,HIGH,High predicted likelihood. Prioritize review and verification by authorized personnel.
CASE001444,2026-08-24 02:21:47,Coimbatore,11.02_76.96,SOCIAL_ENGINEERING,0.366323,37,LOW,Low predicted likelihood of a qualifying future withdrawal. Continue routine monitoring.
CASE003255,2026-08-24 02:27:51,Guntur,16.31_80.44,INVESTMENT_SCAM,0.386612,39,LOW,Low predicted likelihood of a qualifying future withdrawal. Continue routine monitoring.
CASE007486,2026-08-24 02:29:07,Alappuzha,9.5_76.34,CREDENTIAL_THEFT,0.400702,40,MODERATE,Moderate predicted likelihood. Consider enhanced monitoring by authorized analysts.
CASE000176,2026-08-24 02:32:12,Vijayawada,16.51_80.65,PAYMENT_FRAUD,0.35101,35,LOW,Low predicted likelihood of a qualifying future withdrawal. Continue routine monitoring.
CASE008355,2026-08-24 03:19:50,Kozhikode,11.26_75.78,INVESTMENT_SCAM,0.283256,28,LOW,Low predicted likelihood of a qualifying future withdrawal. Continue routine monitoring.
CASE001452,2026-08-24 04:06:25,Chennai,13.08_80.27,PAYMENT_FRAUD,0.36779,37,LOW,Low predicted likelihood of a qualifying future withdrawal. Continue routine monitoring.
CASE006507,2026-08-24 04:07:37,Thiruvananthapuram,8.52_76.94,PAYMENT_FRAUD,0.250495,25,LOW,Low predicted likelihood of a qualifying future withdrawal. Continue routine monitoring.
CASE001949,2026-08-24 05:01:27,Thanjavur,10.79_79.14,INVESTMENT_SCAM,0.170538,17,LOW,Low predicted likelihood of a qualifying future withdrawal. Continue routine monitoring.
CASE004143,2026-08-24 05:10:55,Kollam,8.89_76.61,INVESTMENT_SCAM,0.373577,37,LOW,Low predicted likelihood of a qualifying future withdrawal. Continue routine monitoring.
CASE000861,2026-08-24 05:19:44,Ballari,15.14_76.92,PAYMENT_FRAUD,0.260467,26,LOW,Low predicted likelihood of a qualifying future withdrawal. Continue routine monitoring.
CASE002812,2026-08-24 05:37:47,Malappuram,11.05_76.07,CREDENTIAL_THEFT,0.269733,27,LOW,Low predicted likelihood of a qualifying future withdrawal. Continue routine monitoring.
CASE009786,2026-08-24 07:43:30,Chennai,13.08_80.27,PAYMENT_FRAUD,0.415722,42,MODERATE,Moderate predicted likelihood. Consider enhanced monitoring by authorized analysts.
CASE008826,2026-08-24 08:53:02,Kannur,11.87_75.37,PAYMENT_FRAUD,0.359148,36,LOW,Low predicted likelihood of a qualifying future withdrawal. Continue routine monitoring.
CASE002683,2026-08-24 08:56:40,Kozhikode,11.26_75.78,PAYMENT_FRAUD,0.334039,33,LOW,Low predicted likelihood of a qualifying future withdrawal. Continue routine monitoring.
CASE005118,2026-08-24 10:25:19,Bengaluru Urban,12.97_77.59,INVESTMENT_SCAM,0.41197,41,MODERATE,Moderate predicted likelihood. Consider enhanced monitoring by authorized analysts.
CASE009627,2026-08-24 10:39:17,Kurnool,15.83_78.04,PAYMENT_FRAUD,0.395018,40,MODERATE,Moderate predicted likelihood. Consider enhanced monitoring by authorized analysts.
CASE002168,2026-08-24 11:22:36,Thrissur,10.53_76.21,CREDENTIAL_THEFT,0.437484,44,MODERATE,Moderate predicted likelihood. Consider enhanced monitoring by authorized analysts.
CASE006216,2026-08-24 11:54:45,Erode,11.34_77.72,SOCIAL_ENGINEERING,0.220589,22,LOW,Low predicted likelihood of a qualifying future withdrawal. Continue routine monitoring.
CASE003010,2026-08-24 12:01:34,Thanjavur,10.79_79.14,CREDENTIAL_THEFT,0.2245,22,LOW,Low predicted likelihood of a qualifying future withdrawal. Continue routine monitoring.
CASE009802,2026-08-24 12:24:48,Malappuram,11.05_76.07,PAYMENT_FRAUD,0.297847,30,LOW,Low predicted likelihood of a qualifying future withdrawal. Continue routine monitoring.
CASE006924,2026-08-24 13:47:18,Malappuram,11.05_76.07,CREDENTIAL_THEFT,0.4633,46,MODERATE,Moderate predicted likelihood. Consider enhanced monitoring by authorized analysts.
CASE002923,2026-08-24 13:50:55,Alappuzha,9.5_76.34,PAYMENT_FRAUD,0.263895,26,LOW,Low predicted likelihood of a qualifying future withdrawal. Continue routine monitoring.
CASE001101,2026-08-24 14:13:07,Coimbatore,11.02_76.96,PAYMENT_FRAUD,0.335281,34,LOW,Low predicted likelihood of a qualifying future withdrawal. Continue routine monitoring.
CASE002161,2026-08-24 14:55:22,Kakinada,16.99_82.25,CREDENTIAL_THEFT,0.394995,39,LOW,Low predicted likelihood of a qualifying future withdrawal. Continue routine monitoring.
CASE006794,2026-08-24 14:59:12,Thiruvananthapuram,8.52_76.94,CREDENTIAL_THEFT,0.309558,31,LOW,Low predicted likelihood of a qualifying future withdrawal. Continue routine monitoring.
CASE006540,2026-08-24 15:00:01,Thrissur,10.53_76.21,CREDENTIAL_THEFT,0.214441,21,LOW,Low predicted likelihood of a qualifying future withdrawal. Continue routine monitoring.
CASE006768,2026-08-24 15:40:40,Tiruchirappalli,10.79_78.7,INVESTMENT_SCAM,0.538855,54,MODERATE,Moderate predicted likelihood. Consider enhanced monitoring by authorized analysts.
CASE003712,2026-08-24 16:04:25,Kannur,11.87_75.37,SOCIAL_ENGINEERING,0.436639,44,MODERATE,Moderate predicted likelihood. Consider enhanced monitoring by authorized analysts.
CASE002543,2026-08-24 16:18:38,Kakinada,16.99_82.25,CREDENTIAL_THEFT,0.346,35,LOW,Low predicted likelihood of a qualifying future withdrawal. Continue routine monitoring.
CASE005775,2026-08-24 16:58:01,Kannur,11.87_75.37,PAYMENT_FRAUD,0.49383,49,MODERATE,Moderate predicted likelihood. Consider enhanced monitoring by authorized analysts.
CASE003624,2026-08-24 17:17:56,Shivamogga,13.93_75.57,CREDENTIAL_THEFT,0.308993,31,LOW,Low predicted likelihood of a qualifying future withdrawal. Continue routine monitoring.
CASE007497,2026-08-24 17:20:13,Coimbatore,11.02_76.96,SOCIAL_ENGINEERING,0.21394,21,LOW,Low predicted likelihood of a qualifying future withdrawal. Continue routine monitoring.
CASE009687,2026-08-24 17:31:41,Kollam,8.89_76.61,INVESTMENT_SCAM,0.273424,27,LOW,Low predicted likelihood of a qualifying future withdrawal. Continue routine monitoring.
CASE008836,2026-08-24 18:37:48,Rajamahendravaram,16.99_81.78,CREDENTIAL_THEFT,0.322952,32,LOW,Low predicted likelihood of a qualifying future withdrawal. Continue routine monitoring.
CASE005675,2026-08-24 19:05:53,Kozhikode,11.26_75.78,CREDENTIAL_THEFT,0.309803,31,LOW,Low predicted likelihood of a qualifying future withdrawal. Continue routine monitoring.
CASE005655,2026-08-24 19:09:36,Dindigul,10.37_77.98,PAYMENT_FRAUD,0.335099,34,LOW,Low predicted likelihood of a qualifying future withdrawal. Continue routine monitoring.
CASE008897,2026-08-24 20:15:49,Tirunelveli,8.71_77.76,CREDENTIAL_THEFT,0.371381,37,LOW,Low predicted likelihood of a qualifying future withdrawal. Continue routine monitoring.
CASE009671,2026-08-24 21:18:45,Tumakuru,13.34_77.1,SOCIAL_ENGINEERING,0.473091,47,MODERATE,Moderate predicted likelihood. Consider enhanced monitoring by authorized analysts.
CASE003302,2026-08-24 21:22:05,Thanjavur,10.79_79.14,PAYMENT_FRAUD,0.418139,42,MODERATE,Moderate predicted likelihood. Consider enhanced monitoring by authorized analysts.
CASE002681,2026-08-24 21:29:55,Guntur,16.31_80.44,SOCIAL_ENGINEERING,0.374879,37,LOW,Low predicted likelihood of a qualifying future withdrawal. Continue routine monitoring.
CASE006864,2026-08-24 21:58:50,Madurai,9.93_78.12,SOCIAL_ENGINEERING,0.302258,30,LOW,Low predicted likelihood of a qualifying future withdrawal. Continue routine monitoring.
CASE007699,2026-08-24 22:56:45,Thrissur,10.53_76.21,PAYMENT_FRAUD,0.44398,44,MODERATE,Moderate predicted likelihood. Consider enhanced monitoring by authorized analysts.
CASE003107,2026-08-25 00:01:20,Kakinada,16.99_82.25,SOCIAL_ENGINEERING,0.276755,28,LOW,Low predicted likelihood of a qualifying future withdrawal. Continue routine monitoring.
CASE007601,2026-08-25 00:40:51,Visakhapatnam,17.69_83.22,PAYMENT_FRAUD,0.32677,33,LOW,Low predicted likelihood of a qualifying future withdrawal. Continue routine monitoring.
CASE002099,2026-08-25 01:31:13,Coimbatore,11.02_76.96,CREDENTIAL_THEFT,0.309141,31,LOW,Low predicted likelihood of a qualifying future withdrawal. Continue routine monitoring.
CASE000472,2026-08-25 02:02:01,Nellore,14.44_79.99,SOCIAL_ENGINEERING,0.322093,32,LOW,Low predicted likelihood of a qualifying future withdrawal. Continue routine monitoring.
CASE005516,2026-08-25 02:18:46,Visakhapatnam,17.69_83.22,CREDENTIAL_THEFT,0.379541,38,LOW,Low predicted likelihood of a qualifying future withdrawal. Continue routine monitoring.
CASE008273,2026-08-25 02:30:59,Hubballi,15.36_75.12,PAYMENT_FRAUD,0.367393,37,LOW,Low predicted likelihood of a qualifying future withdrawal. Continue routine monitoring.
CASE005925,2026-08-25 02:35:53,Tumakuru,13.34_77.1,PAYMENT_FRAUD,0.344932,34,LOW,Low predicted likelihood of a qualifying future withdrawal. Continue routine monitoring.
CASE002775,2026-08-25 02:59:19,Thiruvananthapuram,8.52_76.94,INVESTMENT_SCAM,0.240339,24,LOW,Low predicted likelihood of a qualifying future withdrawal. Continue routine monitoring.
CASE003159,2026-08-25 03:51:26,Tumakuru,13.34_77.1,CREDENTIAL_THEFT,0.514097,51,MODERATE,Moderate predicted likelihood. Consider enhanced monitoring by authorized analysts.
CASE007650,2026-08-25 04:02:36,Kurnool,15.83_78.04,PAYMENT_FRAUD,0.335098,34,LOW,Low predicted likelihood of a qualifying future withdrawal. Continue routine monitoring.
CASE005102,2026-08-25 04:04:20,Tumakuru,13.34_77.1,PAYMENT_FRAUD,0.386132,39,LOW,Low predicted likelihood of a qualifying future withdrawal. Continue routine monitoring.
CASE001820,2026-08-25 04:38:02,Chennai,13.08_80.27,SOCIAL_ENGINEERING,0.123983,12,LOW,Low predicted likelihood of a qualifying future withdrawal. Continue routine monitoring.
CASE004093,2026-08-25 05:31:08,Kadapa,14.47_78.82,PAYMENT_FRAUD,0.274575,27,LOW,Low predicted likelihood of a qualifying future withdrawal. Continue routine monitoring.
CASE006807,2026-08-25 06:24:18,Kadapa,14.47_78.82,SOCIAL_ENGINEERING,0.231798,23,LOW,Low predicted likelihood of a qualifying future withdrawal. Continue routine monitoring.
CASE008902,2026-08-25 06:37:29,Thrissur,10.53_76.21,INVESTMENT_SCAM,0.324031,32,LOW,Low predicted likelihood of a qualifying future withdrawal. Continue routine monitoring.
CASE009455,2026-08-25 09:10:42,Madurai,9.93_78.12,PAYMENT_FRAUD,0.306194,31,LOW,Low predicted likelihood of a qualifying future withdrawal. Continue routine monitoring.
CASE001422,2026-08-25 10:26:58,Udupi,13.34_74.74,PAYMENT_FRAUD,0.30288,30,LOW,Low predicted likelihood of a qualifying future withdrawal. Continue routine monitoring.
CASE008331,2026-08-25 10:38:12,Thanjavur,10.79_79.14,INVESTMENT_SCAM,0.341156,34,LOW,Low predicted likelihood of a qualifying future withdrawal. Continue routine monitoring.
CASE003445,2026-08-25 10:57:11,Rajamahendravaram,16.99_81.78,INVESTMENT_SCAM,0.35603,36,LOW,Low predicted likelihood of a qualifying future withdrawal. Continue routine monitoring.
CASE000164,2026-08-25 11:01:47,Nellore,14.44_79.99,CREDENTIAL_THEFT,0.28787,29,LOW,Low predicted likelihood of a qualifying future withdrawal. Continue routine monitoring.
CASE009912,2026-08-25 11:18:06,Nellore,14.44_79.99,INVESTMENT_SCAM,0.418944,42,MODERATE,Moderate predicted likelihood. Consider enhanced monitoring by authorized analysts.
CASE000061,2026-08-25 11:24:28,Kadapa,14.47_78.82,SOCIAL_ENGINEERING,0.342809,34,LOW,Low predicted likelihood of a qualifying future withdrawal. Continue routine monitoring.
CASE000906,2026-08-25 11:55:26,Kannur,11.87_75.37,CREDENTIAL_THEFT,0.255518,26,LOW,Low predicted likelihood of a qualifying future withdrawal. Continue routine monitoring.
CASE001032,2026-08-25 12:33:32,Hubballi,15.36_75.12,SOCIAL_ENGINEERING,0.250501,25,LOW,Low predicted likelihood of a qualifying future withdrawal. Continue routine monitoring.
CASE005875,2026-08-25 13:43:20,Mysuru,12.3_76.64,PAYMENT_FRAUD,0.236315,24,LOW,Low predicted likelihood of a qualifying future withdrawal. Continue routine monitoring.
CASE000104,2026-08-25 13:45:24,Kadapa,14.47_78.82,CREDENTIAL_THEFT,0.155273,16,LOW,Low predicted likelihood of a qualifying future withdrawal. Continue routine monitoring.
CASE003411,2026-08-25 14:16:58,Palakkad,10.79_76.65,PAYMENT_FRAUD,0.299036,30,LOW,Low predicted likelihood of a qualifying future withdrawal. Continue routine monitoring.
CASE008833,2026-08-25 14:29:35,Erode,11.34_77.72,CREDENTIAL_THEFT,0.318536,32,LOW,Low predicted likelihood of a qualifying future withdrawal. Continue routine monitoring.
CASE001711,2026-08-25 14:36:11,Kurnool,15.83_78.04,INVESTMENT_SCAM,0.316134,32,LOW,Low predicted likelihood of a qualifying future withdrawal. Continue routine monitoring.
CASE000518,2026-08-25 15:07:26,Erode,11.34_77.72,PAYMENT_FRAUD,0.214439,21,LOW,Low predicted likelihood of a qualifying future withdrawal. Continue routine monitoring.
CASE005012,2026-08-25 17:52:34,Kakinada,16.99_82.25,SOCIAL_ENGINEERING,0.47638,48,MODERATE,Moderate predicted likelihood. Consider enhanced monitoring by authorized analysts.
CASE002443,2026-08-25 17:52:56,Kozhikode,11.26_75.78,PAYMENT_FRAUD,0.285793,29,LOW,Low predicted likelihood of a qualifying future withdrawal. Continue routine monitoring.
CASE001620,2026-08-25 18:10:34,Kakinada,16.99_82.25,INVESTMENT_SCAM,0.518463,52,MODERATE,Moderate predicted likelihood. Consider enhanced monitoring by authorized analysts.
CASE008542,2026-08-25 18:20:54,Shivamogga,13.93_75.57,CREDENTIAL_THEFT,0.25456,25,LOW,Low predicted likelihood of a qualifying future withdrawal. Continue routine monitoring.
CASE002992,2026-08-25 18:46:08,Coimbatore,11.02_76.96,SOCIAL_ENGINEERING,0.232621,23,LOW,Low predicted likelihood of a qualifying future withdrawal. Continue routine monitoring.
CASE003777,2026-08-25 18:55:13,Thanjavur,10.79_79.14,CREDENTIAL_THEFT,0.20758,21,LOW,Low predicted likelihood of a qualifying future withdrawal. Continue routine monitoring.
CASE004996,2026-08-25 19:04:37,Kurnool,15.83_78.04,PAYMENT_FRAUD,0.330602,33,LOW,Low predicted likelihood of a qualifying future withdrawal. Continue routine monitoring.
CASE001257,2026-08-25 19:10:41,Madurai,9.93_78.12,CREDENTIAL_THEFT,0.414277,41,MODERATE,Moderate predicted likelihood. Consider enhanced monitoring by authorized analysts.
CASE002579,2026-08-25 19:21:25,Madurai,9.93_78.12,CREDENTIAL_THEFT,0.319248,32,LOW,Low predicted likelihood of a qualifying future withdrawal. Continue routine monitoring.
CASE003131,2026-08-25 19:43:55,Shivamogga,13.93_75.57,CREDENTIAL_THEFT,0.350074,35,LOW,Low predicted likelihood of a qualifying future withdrawal. Continue routine monitoring.
CASE006197,2026-08-25 20:06:19,Kadapa,14.47_78.82,CREDENTIAL_THEFT,0.25612,26,LOW,Low predicted likelihood of a qualifying future withdrawal. Continue routine monitoring.
CASE008526,2026-08-25 20:44:05,Tumakuru,13.34_77.1,CREDENTIAL_THEFT,0.398893,40,MODERATE,Moderate predicted likelihood. Consider enhanced monitoring by authorized analysts.
CASE007309,2026-08-25 21:48:28,Thanjavur,10.79_79.14,CREDENTIAL_THEFT,0.374145,37,LOW,Low predicted likelihood of a qualifying future withdrawal. Continue routine monitoring.
CASE003833,2026-08-25 21:56:57,Kozhikode,11.26_75.78,INVESTMENT_SCAM,0.236556,24,LOW,Low predicted likelihood of a qualifying future withdrawal. Continue routine monitoring.
CASE009577,2026-08-25 22:00:48,Alappuzha,9.5_76.34,SOCIAL_ENGINEERING,0.271439,27,LOW,Low predicted likelihood of a qualifying future withdrawal. Continue routine monitoring.
CASE004199,2026-08-25 22:40:14,Ernakulam,9.98_76.3,INVESTMENT_SCAM,0.399165,40,MODERATE,Moderate predicted likelihood. Consider enhanced monitoring by authorized analysts.
CASE009681,2026-08-25 23:18:05,Thrissur,10.53_76.21,CREDENTIAL_THEFT,0.357381,36,LOW,Low predicted likelihood of a qualifying future withdrawal. Continue routine monitoring.
CASE001828,2026-08-25 23:39:18,Tumakuru,13.34_77.1,PAYMENT_FRAUD,0.271241,27,LOW,Low predicted likelihood of a qualifying future withdrawal. Continue routine monitoring.
CASE004431,2026-08-25 23:41:12,Ballari,15.14_76.92,SOCIAL_ENGINEERING,0.270384,27,LOW,Low predicted likelihood of a qualifying future withdrawal. Continue routine monitoring.
CASE007153,2026-08-25 23:55:53,Alappuzha,9.5_76.34,PAYMENT_FRAUD,0.3033,30,LOW,Low predicted likelihood of a qualifying future withdrawal. Continue routine monitoring.
CASE002756,2026-08-26 00:30:48,Rajamahendravaram,16.99_81.78,PAYMENT_FRAUD,0.236801,24,LOW,Low predicted likelihood of a qualifying future withdrawal. Continue routine monitoring.
CASE001355,2026-08-26 00:44:57,Rajamahendravaram,16.99_81.78,SOCIAL_ENGINEERING,0.42085,42,MODERATE,Moderate predicted likelihood. Consider enhanced monitoring by authorized analysts.
CASE005058,2026-08-26 01:23:21,Tirupati,13.63_79.42,CREDENTIAL_THEFT,0.207577,21,LOW,Low predicted likelihood of a qualifying future withdrawal. Continue routine monitoring.
CASE004713,2026-08-26 01:40:21,Bengaluru Urban,12.97_77.59,PAYMENT_FRAUD,0.301133,30,LOW,Low predicted likelihood of a qualifying future withdrawal. Continue routine monitoring.
CASE001451,2026-08-26 01:47:44,Kottayam,9.59_76.52,PAYMENT_FRAUD,0.361199,36,LOW,Low predicted likelihood of a qualifying future withdrawal. Continue routine monitoring.
CASE008917,2026-08-26 02:07:31,Rajamahendravaram,16.99_81.78,PAYMENT_FRAUD,0.449421,45,MODERATE,Moderate predicted likelihood. Consider enhanced monitoring by authorized analysts.
CASE006732,2026-08-26 02:56:16,Nellore,14.44_79.99,INVESTMENT_SCAM,0.393468,39,LOW,Low predicted likelihood of a qualifying future withdrawal. Continue routine monitoring.
CASE008096,2026-08-26 02:58:40,Kakinada,16.99_82.25,CREDENTIAL_THEFT,0.267172,27,LOW,Low predicted likelihood of a qualifying future withdrawal. Continue routine monitoring.
CASE008328,2026-08-26 03:37:04,Shivamogga,13.93_75.57,SOCIAL_ENGINEERING,0.391336,39,LOW,Low predicted likelihood of a qualifying future withdrawal. Continue routine monitoring.
CASE002986,2026-08-26 04:48:12,Kalaburagi,17.33_76.83,CREDENTIAL_THEFT,0.211336,21,LOW,Low predicted likelihood of a qualifying future withdrawal. Continue routine monitoring.
CASE001275,2026-08-26 05:10:23,Kakinada,16.99_82.25,SOCIAL_ENGINEERING,0.325619,33,LOW,Low predicted likelihood of a qualifying future withdrawal. Continue routine monitoring.
CASE004947,2026-08-26 06:13:45,Kalaburagi,17.33_76.83,PAYMENT_FRAUD,0.377414,38,LOW,Low predicted likelihood of a qualifying future withdrawal. Continue routine monitoring.
CASE005944,2026-08-26 06:28:02,Madurai,9.93_78.12,SOCIAL_ENGINEERING,0.246022,25,LOW,Low predicted likelihood of a qualifying future withdrawal. Continue routine monitoring.
CASE002437,2026-08-26 08:40:18,Dindigul,10.37_77.98,PAYMENT_FRAUD,0.263752,26,LOW,Low predicted likelihood of a qualifying future withdrawal. Continue routine monitoring.
CASE008285,2026-08-26 08:49:37,Thrissur,10.53_76.21,PAYMENT_FRAUD,0.252774,25,LOW,Low predicted likelihood of a qualifying future withdrawal. Continue routine monitoring.
CASE008258,2026-08-26 08:56:40,Salem,11.66_78.15,CREDENTIAL_THEFT,0.223291,22,LOW,Low predicted likelihood of a qualifying future withdrawal. Continue routine monitoring.
CASE006575,2026-08-26 10:25:47,Dindigul,10.37_77.98,PAYMENT_FRAUD,0.386413,39,LOW,Low predicted likelihood of a qualifying future withdrawal. Continue routine monitoring.
CASE004473,2026-08-26 10:32:09,Dindigul,10.37_77.98,PAYMENT_FRAUD,0.362997,36,LOW,Low predicted likelihood of a qualifying future withdrawal. Continue routine monitoring.
CASE003681,2026-08-26 11:28:27,Shivamogga,13.93_75.57,CREDENTIAL_THEFT,0.370255,37,LOW,Low predicted likelihood of a qualifying future withdrawal. Continue routine monitoring.
CASE007732,2026-08-26 11:56:04,Vellore,12.92_79.13,PAYMENT_FRAUD,0.263973,26,LOW,Low predicted likelihood of a qualifying future withdrawal. Continue routine monitoring.
CASE007169,2026-08-26 12:42:35,Shivamogga,13.93_75.57,CREDENTIAL_THEFT,0.281929,28,LOW,Low predicted likelihood of a qualifying future withdrawal. Continue routine monitoring.
CASE008521,2026-08-26 12:59:37,Rajamahendravaram,16.99_81.78,CREDENTIAL_THEFT,0.253981,25,LOW,Low predicted likelihood of a qualifying future withdrawal. Continue routine monitoring.
CASE000734,2026-08-26 13:50:54,Chennai,13.08_80.27,PAYMENT_FRAUD,0.125191,13,LOW,Low predicted likelihood of a qualifying future withdrawal. Continue routine monitoring.
CASE004643,2026-08-26 14:48:08,Kurnool,15.83_78.04,SOCIAL_ENGINEERING,0.254149,25,LOW,Low predicted likelihood of a qualifying future withdrawal. Continue routine monitoring.
CASE005595,2026-08-26 15:05:18,Dindigul,10.37_77.98,PAYMENT_FRAUD,0.161898,16,LOW,Low predicted likelihood of a qualifying future withdrawal. Continue routine monitoring.
CASE003344,2026-08-26 15:49:53,Rajamahendravaram,16.99_81.78,INVESTMENT_SCAM,0.285215,29,LOW,Low predicted likelihood of a qualifying future withdrawal. Continue routine monitoring.
CASE001147,2026-08-26 16:40:27,Dindigul,10.37_77.98,PAYMENT_FRAUD,0.389921,39,LOW,Low predicted likelihood of a qualifying future withdrawal. Continue routine monitoring.
CASE007736,2026-08-26 17:55:59,Thanjavur,10.79_79.14,INVESTMENT_SCAM,0.236411,24,LOW,Low predicted likelihood of a qualifying future withdrawal. Continue routine monitoring.
CASE000610,2026-08-26 17:59:16,Alappuzha,9.5_76.34,CREDENTIAL_THEFT,0.313819,31,LOW,Low predicted likelihood of a qualifying future withdrawal. Continue routine monitoring.
CASE009958,2026-08-26 18:12:46,Malappuram,11.05_76.07,INVESTMENT_SCAM,0.221409,22,LOW,Low predicted likelihood of a qualifying future withdrawal. Continue routine monitoring.
CASE008414,2026-08-26 18:52:31,Erode,11.34_77.72,SOCIAL_ENGINEERING,0.163455,16,LOW,Low predicted likelihood of a qualifying future withdrawal. Continue routine monitoring.
CASE001255,2026-08-26 20:13:54,Kollam,8.89_76.61,CREDENTIAL_THEFT,0.187986,19,LOW,Low predicted likelihood of a qualifying future withdrawal. Continue routine monitoring.
CASE001397,2026-08-26 20:14:08,Alappuzha,9.5_76.34,INVESTMENT_SCAM,0.305923,31,LOW,Low predicted likelihood of a qualifying future withdrawal. Continue routine monitoring.
CASE009772,2026-08-26 20:35:41,Salem,11.66_78.15,INVESTMENT_SCAM,0.435686,44,MODERATE,Moderate predicted likelihood. Consider enhanced monitoring by authorized analysts.
CASE008145,2026-08-26 20:38:57,Dindigul,10.37_77.98,CREDENTIAL_THEFT,0.343928,34,LOW,Low predicted likelihood of a qualifying future withdrawal. Continue routine monitoring.
CASE001604,2026-08-26 20:56:33,Belagavi,15.85_74.5,CREDENTIAL_THEFT,0.244785,24,LOW,Low predicted likelihood of a qualifying future withdrawal. Continue routine monitoring.
CASE008314,2026-08-26 21:09:11,Tirunelveli,8.71_77.76,PAYMENT_FRAUD,0.278829,28,LOW,Low predicted likelihood of a qualifying future withdrawal. Continue routine monitoring.
CASE009495,2026-08-26 22:21:59,Nellore,14.44_79.99,PAYMENT_FRAUD,0.382174,38,LOW,Low predicted likelihood of a qualifying future withdrawal. Continue routine monitoring.
CASE001480,2026-08-26 23:29:11,Thiruvananthapuram,8.52_76.94,PAYMENT_FRAUD,0.301732,30,LOW,Low predicted likelihood of a qualifying future withdrawal. Continue routine monitoring.
CASE000909,2026-08-26 23:32:16,Vellore,12.92_79.13,INVESTMENT_SCAM,0.258651,26,LOW,Low predicted likelihood of a qualifying future withdrawal. Continue routine monitoring.
CASE000085,2026-08-27 00:07:38,Kozhikode,11.26_75.78,CREDENTIAL_THEFT,0.212799,21,LOW,Low predicted likelihood of a qualifying future withdrawal. Continue routine monitoring.
CASE005091,2026-08-27 00:07:57,Palakkad,10.79_76.65,CREDENTIAL_THEFT,0.271579,27,LOW,Low predicted likelihood of a qualifying future withdrawal. Continue routine monitoring.
CASE005731,2026-08-27 00:22:44,Tirupati,13.63_79.42,PAYMENT_FRAUD,0.29515,30,LOW,Low predicted likelihood of a qualifying future withdrawal. Continue routine monitoring.
CASE001930,2026-08-27 01:06:56,Ballari,15.14_76.92,CREDENTIAL_THEFT,0.270576,27,LOW,Low predicted likelihood of a qualifying future withdrawal. Continue routine monitoring.
CASE009637,2026-08-27 01:20:28,Bengaluru Urban,12.97_77.59,INVESTMENT_SCAM,0.344571,34,LOW,Low predicted likelihood of a qualifying future withdrawal. Continue routine monitoring.
CASE003732,2026-08-27 02:02:28,Shivamogga,13.93_75.57,PAYMENT_FRAUD,0.347651,35,LOW,Low predicted likelihood of a qualifying future withdrawal. Continue routine monitoring.
CASE001586,2026-08-27 02:28:36,Kurnool,15.83_78.04,PAYMENT_FRAUD,0.397984,40,MODERATE,Moderate predicted likelihood. Consider enhanced monitoring by authorized analysts.
CASE000598,2026-08-27 03:26:54,Coimbatore,11.02_76.96,INVESTMENT_SCAM,0.304379,30,LOW,Low predicted likelihood of a qualifying future withdrawal. Continue routine monitoring.
CASE006719,2026-08-27 03:28:19,Vellore,12.92_79.13,PAYMENT_FRAUD,0.356821,36,LOW,Low predicted likelihood of a qualifying future withdrawal. Continue routine monitoring.
CASE007490,2026-08-27 03:57:58,Ballari,15.14_76.92,SOCIAL_ENGINEERING,0.32332,32,LOW,Low predicted likelihood of a qualifying future withdrawal. Continue routine monitoring.
CASE005888,2026-08-27 04:34:22,Mangaluru,12.91_74.86,SOCIAL_ENGINEERING,0.100459,10,LOW,Low predicted likelihood of a qualifying future withdrawal. Continue routine monitoring.
CASE002030,2026-08-27 04:50:50,Kurnool,15.83_78.04,SOCIAL_ENGINEERING,0.383626,38,LOW,Low predicted likelihood of a qualifying future withdrawal. Continue routine monitoring.
CASE008138,2026-08-27 05:43:40,Hubballi,15.36_75.12,INVESTMENT_SCAM,0.294896,29,LOW,Low predicted likelihood of a qualifying future withdrawal. Continue routine monitoring.
CASE006861,2026-08-27 05:50:11,Salem,11.66_78.15,INVESTMENT_SCAM,0.378016,38,LOW,Low predicted likelihood of a qualifying future withdrawal. Continue routine monitoring.
CASE004331,2026-08-27 06:20:31,Kottayam,9.59_76.52,CREDENTIAL_THEFT,0.210878,21,LOW,Low predicted likelihood of a qualifying future withdrawal. Continue routine monitoring.
CASE000281,2026-08-27 06:44:22,Tirunelveli,8.71_77.76,CREDENTIAL_THEFT,0.182282,18,LOW,Low predicted likelihood of a qualifying future withdrawal. Continue routine monitoring.
CASE000075,2026-08-27 06:56:40,Tumakuru,13.34_77.1,PAYMENT_FRAUD,0.309064,31,LOW,Low predicted likelihood of a qualifying future withdrawal. Continue routine monitoring.
CASE009411,2026-08-27 07:47:27,Visakhapatnam,17.69_83.22,SOCIAL_ENGINEERING,0.16649,17,LOW,Low predicted likelihood of a qualifying future withdrawal. Continue routine monitoring.
CASE003451,2026-08-27 08:50:16,Kakinada,16.99_82.25,PAYMENT_FRAUD,0.335829,34,LOW,Low predicted likelihood of a qualifying future withdrawal. Continue routine monitoring.
CASE009838,2026-08-27 08:51:24,Erode,11.34_77.72,CREDENTIAL_THEFT,0.219525,22,LOW,Low predicted likelihood of a qualifying future withdrawal. Continue routine monitoring.
CASE008719,2026-08-27 10:11:25,Kakinada,16.99_82.25,PAYMENT_FRAUD,0.321052,32,LOW,Low predicted likelihood of a qualifying future withdrawal. Continue routine monitoring.
CASE004756,2026-08-27 11:11:20,Rajamahendravaram,16.99_81.78,SOCIAL_ENGINEERING,0.326897,33,LOW,Low predicted likelihood of a qualifying future withdrawal. Continue routine monitoring.
CASE007167,2026-08-27 11:59:04,Ernakulam,9.98_76.3,INVESTMENT_SCAM,0.280576,28,LOW,Low predicted likelihood of a qualifying future withdrawal. Continue routine monitoring.
CASE004436,2026-08-27 13:08:53,Visakhapatnam,17.69_83.22,SOCIAL_ENGINEERING,0.433349,43,MODERATE,Moderate predicted likelihood. Consider enhanced monitoring by authorized analysts.
CASE000682,2026-08-27 14:26:51,Guntur,16.31_80.44,CREDENTIAL_THEFT,0.3835,38,LOW,Low predicted likelihood of a qualifying future withdrawal. Continue routine monitoring.
CASE009559,2026-08-27 14:42:39,Alappuzha,9.5_76.34,INVESTMENT_SCAM,0.495379,50,MODERATE,Moderate predicted likelihood. Consider enhanced monitoring by authorized analysts.
CASE003511,2026-08-27 15:15:45,Tirupati,13.63_79.42,SOCIAL_ENGINEERING,0.290012,29,LOW,Low predicted likelihood of a qualifying future withdrawal. Continue routine monitoring.
CASE000720,2026-08-27 15:16:46,Madurai,9.93_78.12,CREDENTIAL_THEFT,0.213305,21,LOW,Low predicted likelihood of a qualifying future withdrawal. Continue routine monitoring.
CASE002649,2026-08-27 15:33:42,Hubballi,15.36_75.12,CREDENTIAL_THEFT,0.263919,26,LOW,Low predicted likelihood of a qualifying future withdrawal. Continue routine monitoring.
CASE001303,2026-08-27 15:52:25,Kadapa,14.47_78.82,INVESTMENT_SCAM,0.382022,38,LOW,Low predicted likelihood of a qualifying future withdrawal. Continue routine monitoring.
CASE006297,2026-08-27 17:47:56,Palakkad,10.79_76.65,PAYMENT_FRAUD,0.302874,30,LOW,Low predicted likelihood of a qualifying future withdrawal. Continue routine monitoring.
CASE004923,2026-08-27 18:11:01,Palakkad,10.79_76.65,CREDENTIAL_THEFT,0.356651,36,LOW,Low predicted likelihood of a qualifying future withdrawal. Continue routine monitoring.
CASE000934,2026-08-27 18:41:33,Chennai,13.08_80.27,SOCIAL_ENGINEERING,0.186726,19,LOW,Low predicted likelihood of a qualifying future withdrawal. Continue routine monitoring.
CASE008779,2026-08-27 18:43:39,Kollam,8.89_76.61,SOCIAL_ENGINEERING,0.247812,25,LOW,Low predicted likelihood of a qualifying future withdrawal. Continue routine monitoring.
CASE003843,2026-08-27 19:40:25,Coimbatore,11.02_76.96,PAYMENT_FRAUD,0.200571,20,LOW,Low predicted likelihood of a qualifying future withdrawal. Continue routine monitoring.
CASE002185,2026-08-27 21:49:53,Vijayawada,16.51_80.65,CREDENTIAL_THEFT,0.507456,51,MODERATE,Moderate predicted likelihood. Consider enhanced monitoring by authorized analysts.
CASE006301,2026-08-27 22:24:12,Erode,11.34_77.72,CREDENTIAL_THEFT,0.262024,26,LOW,Low predicted likelihood of a qualifying future withdrawal. Continue routine monitoring.
CASE004927,2026-08-27 23:08:03,Vellore,12.92_79.13,SOCIAL_ENGINEERING,0.279854,28,LOW,Low predicted likelihood of a qualifying future withdrawal. Continue routine monitoring.
CASE007675,2026-08-27 23:55:44,Vellore,12.92_79.13,PAYMENT_FRAUD,0.282031,28,LOW,Low predicted likelihood of a qualifying future withdrawal. Continue routine monitoring.
CASE005932,2026-08-28 00:28:10,Rajamahendravaram,16.99_81.78,PAYMENT_FRAUD,0.349896,35,LOW,Low predicted likelihood of a qualifying future withdrawal. Continue routine monitoring.
CASE000392,2026-08-28 00:44:25,Kollam,8.89_76.61,CREDENTIAL_THEFT,0.373752,37,LOW,Low predicted likelihood of a qualifying future withdrawal. Continue routine monitoring.
CASE001952,2026-08-28 02:55:44,Kurnool,15.83_78.04,PAYMENT_FRAUD,0.329713,33,LOW,Low predicted likelihood of a qualifying future withdrawal. Continue routine monitoring.
CASE006385,2026-08-28 03:54:20,Palakkad,10.79_76.65,SOCIAL_ENGINEERING,0.408837,41,MODERATE,Moderate predicted likelihood. Consider enhanced monitoring by authorized analysts.
CASE006620,2026-08-28 04:08:00,Alappuzha,9.5_76.34,CREDENTIAL_THEFT,0.354426,35,LOW,Low predicted likelihood of a qualifying future withdrawal. Continue routine monitoring.
CASE000228,2026-08-28 04:12:02,Thanjavur,10.79_79.14,INVESTMENT_SCAM,0.349025,35,LOW,Low predicted likelihood of a qualifying future withdrawal. Continue routine monitoring.
CASE006894,2026-08-28 05:17:09,Kalaburagi,17.33_76.83,SOCIAL_ENGINEERING,0.426102,43,MODERATE,Moderate predicted likelihood. Consider enhanced monitoring by authorized analysts.
CASE000522,2026-08-28 06:22:09,Tirunelveli,8.71_77.76,INVESTMENT_SCAM,0.450575,45,MODERATE,Moderate predicted likelihood. Consider enhanced monitoring by authorized analysts.
CASE004733,2026-08-28 06:33:34,Alappuzha,9.5_76.34,INVESTMENT_SCAM,0.343456,34,LOW,Low predicted likelihood of a qualifying future withdrawal. Continue routine monitoring.
CASE005386,2026-08-28 06:36:48,Palakkad,10.79_76.65,CREDENTIAL_THEFT,0.30473,30,LOW,Low predicted likelihood of a qualifying future withdrawal. Continue routine monitoring.
CASE005272,2026-08-28 07:22:02,Palakkad,10.79_76.65,CREDENTIAL_THEFT,0.372952,37,LOW,Low predicted likelihood of a qualifying future withdrawal. Continue routine monitoring.
CASE001403,2026-08-28 08:07:59,Tirunelveli,8.71_77.76,CREDENTIAL_THEFT,0.370701,37,LOW,Low predicted likelihood of a qualifying future withdrawal. Continue routine monitoring.
CASE009967,2026-08-28 08:30:38,Chennai,13.08_80.27,INVESTMENT_SCAM,0.332167,33,LOW,Low predicted likelihood of a qualifying future withdrawal. Continue routine monitoring.
CASE006736,2026-08-28 08:35:33,Kottayam,9.59_76.52,PAYMENT_FRAUD,0.249605,25,LOW,Low predicted likelihood of a qualifying future withdrawal. Continue routine monitoring.
CASE009383,2026-08-28 08:40:29,Thanjavur,10.79_79.14,PAYMENT_FRAUD,0.282399,28,LOW,Low predicted likelihood of a qualifying future withdrawal. Continue routine monitoring.
CASE004407,2026-08-28 09:55:30,Kalaburagi,17.33_76.83,PAYMENT_FRAUD,0.439165,44,MODERATE,Moderate predicted likelihood. Consider enhanced monitoring by authorized analysts.
CASE009340,2026-08-28 10:02:31,Tirupati,13.63_79.42,PAYMENT_FRAUD,0.247032,25,LOW,Low predicted likelihood of a qualifying future withdrawal. Continue routine monitoring.
CASE007196,2026-08-28 10:24:13,Tirunelveli,8.71_77.76,CREDENTIAL_THEFT,0.273923,27,LOW,Low predicted likelihood of a qualifying future withdrawal. Continue routine monitoring.
CASE001189,2026-08-28 11:16:08,Kadapa,14.47_78.82,PAYMENT_FRAUD,0.309417,31,LOW,Low predicted likelihood of a qualifying future withdrawal. Continue routine monitoring.
CASE006586,2026-08-28 11:23:54,Tiruchirappalli,10.79_78.7,SOCIAL_ENGINEERING,0.467129,47,MODERATE,Moderate predicted likelihood. Consider enhanced monitoring by authorized analysts.
CASE008435,2026-08-28 11:50:22,Rajamahendravaram,16.99_81.78,PAYMENT_FRAUD,0.466626,47,MODERATE,Moderate predicted likelihood. Consider enhanced monitoring by authorized analysts.
CASE000830,2026-08-28 12:03:29,Rajamahendravaram,16.99_81.78,INVESTMENT_SCAM,0.181796,18,LOW,Low predicted likelihood of a qualifying future withdrawal. Continue routine monitoring.
CASE002445,2026-08-28 12:47:56,Thanjavur,10.79_79.14,CREDENTIAL_THEFT,0.343832,34,LOW,Low predicted likelihood of a qualifying future withdrawal. Continue routine monitoring.
CASE009498,2026-08-28 13:09:51,Ballari,15.14_76.92,PAYMENT_FRAUD,0.290239,29,LOW,Low predicted likelihood of a qualifying future withdrawal. Continue routine monitoring.
CASE007917,2026-08-28 13:19:39,Kadapa,14.47_78.82,INVESTMENT_SCAM,0.321524,32,LOW,Low predicted likelihood of a qualifying future withdrawal. Continue routine monitoring.
CASE001967,2026-08-28 14:07:13,Kottayam,9.59_76.52,INVESTMENT_SCAM,0.391472,39,LOW,Low predicted likelihood of a qualifying future withdrawal. Continue routine monitoring.
CASE001898,2026-08-28 15:17:17,Coimbatore,11.02_76.96,CREDENTIAL_THEFT,0.262493,26,LOW,Low predicted likelihood of a qualifying future withdrawal. Continue routine monitoring.
CASE006733,2026-08-28 15:26:37,Bengaluru Urban,12.97_77.59,PAYMENT_FRAUD,0.272832,27,LOW,Low predicted likelihood of a qualifying future withdrawal. Continue routine monitoring.
CASE007739,2026-08-28 15:27:45,Rajamahendravaram,16.99_81.78,SOCIAL_ENGINEERING,0.439363,44,MODERATE,Moderate predicted likelihood. Consider enhanced monitoring by authorized analysts.
CASE000402,2026-08-28 16:21:27,Coimbatore,11.02_76.96,INVESTMENT_SCAM,0.278614,28,LOW,Low predicted likelihood of a qualifying future withdrawal. Continue routine monitoring.
CASE004488,2026-08-28 16:29:38,Alappuzha,9.5_76.34,PAYMENT_FRAUD,0.359006,36,LOW,Low predicted likelihood of a qualifying future withdrawal. Continue routine monitoring.
CASE006198,2026-08-28 16:36:35,Thiruvananthapuram,8.52_76.94,SOCIAL_ENGINEERING,0.340709,34,LOW,Low predicted likelihood of a qualifying future withdrawal. Continue routine monitoring.
CASE001542,2026-08-28 17:00:39,Tirunelveli,8.71_77.76,PAYMENT_FRAUD,0.155418,16,LOW,Low predicted likelihood of a qualifying future withdrawal. Continue routine monitoring.
CASE006976,2026-08-28 17:22:23,Guntur,16.31_80.44,PAYMENT_FRAUD,0.364765,36,LOW,Low predicted likelihood of a qualifying future withdrawal. Continue routine monitoring.
CASE005937,2026-08-28 19:09:27,Bengaluru Urban,12.97_77.59,CREDENTIAL_THEFT,0.320851,32,LOW,Low predicted likelihood of a qualifying future withdrawal. Continue routine monitoring.
CASE004645,2026-08-28 19:14:11,Hubballi,15.36_75.12,PAYMENT_FRAUD,0.227881,23,LOW,Low predicted likelihood of a qualifying future withdrawal. Continue routine monitoring.
CASE000557,2026-08-28 21:15:10,Salem,11.66_78.15,SOCIAL_ENGINEERING,0.318178,32,LOW,Low predicted likelihood of a qualifying future withdrawal. Continue routine monitoring.
CASE005565,2026-08-28 21:18:41,Bengaluru Urban,12.97_77.59,INVESTMENT_SCAM,0.409742,41,MODERATE,Moderate predicted likelihood. Consider enhanced monitoring by authorized analysts.
CASE008202,2026-08-28 21:52:54,Kannur,11.87_75.37,CREDENTIAL_THEFT,0.303517,30,LOW,Low predicted likelihood of a qualifying future withdrawal. Continue routine monitoring.
CASE008455,2026-08-28 23:21:29,Kadapa,14.47_78.82,PAYMENT_FRAUD,0.393926,39,LOW,Low predicted likelihood of a qualifying future withdrawal. Continue routine monitoring.
CASE001923,2026-08-28 23:26:34,Palakkad,10.79_76.65,PAYMENT_FRAUD,0.445205,45,MODERATE,Moderate predicted likelihood. Consider enhanced monitoring by authorized analysts.
CASE002546,2026-08-29 01:01:58,Kottayam,9.59_76.52,INVESTMENT_SCAM,0.279965,28,LOW,Low predicted likelihood of a qualifying future withdrawal. Continue routine monitoring.
CASE001848,2026-08-29 01:29:14,Coimbatore,11.02_76.96,INVESTMENT_SCAM,0.401887,40,MODERATE,Moderate predicted likelihood. Consider enhanced monitoring by authorized analysts.
CASE004148,2026-08-29 02:19:11,Anantapur,14.68_77.6,PAYMENT_FRAUD,0.362442,36,LOW,Low predicted likelihood of a qualifying future withdrawal. Continue routine monitoring.
CASE007833,2026-08-29 02:27:41,Tiruchirappalli,10.79_78.7,INVESTMENT_SCAM,0.311952,31,LOW,Low predicted likelihood of a qualifying future withdrawal. Continue routine monitoring.
CASE003721,2026-08-29 04:06:17,Coimbatore,11.02_76.96,INVESTMENT_SCAM,0.297245,30,LOW,Low predicted likelihood of a qualifying future withdrawal. Continue routine monitoring.
CASE005670,2026-08-29 04:07:47,Palakkad,10.79_76.65,SOCIAL_ENGINEERING,0.347495,35,LOW,Low predicted likelihood of a qualifying future withdrawal. Continue routine monitoring.
CASE003478,2026-08-29 04:50:47,Mysuru,12.3_76.64,PAYMENT_FRAUD,0.455564,46,MODERATE,Moderate predicted likelihood. Consider enhanced monitoring by authorized analysts.
CASE008300,2026-08-29 05:10:04,Tirunelveli,8.71_77.76,PAYMENT_FRAUD,0.432545,43,MODERATE,Moderate predicted likelihood. Consider enhanced monitoring by authorized analysts.
CASE003332,2026-08-29 05:14:05,Kurnool,15.83_78.04,SOCIAL_ENGINEERING,0.265064,27,LOW,Low predicted likelihood of a qualifying future withdrawal. Continue routine monitoring.
CASE007579,2026-08-29 05:37:16,Palakkad,10.79_76.65,SOCIAL_ENGINEERING,0.24999,25,LOW,Low predicted likelihood of a qualifying future withdrawal. Continue routine monitoring.
CASE005223,2026-08-29 06:50:28,Kadapa,14.47_78.82,CREDENTIAL_THEFT,0.179852,18,LOW,Low predicted likelihood of a qualifying future withdrawal. Continue routine monitoring.
CASE003920,2026-08-29 07:16:52,Guntur,16.31_80.44,PAYMENT_FRAUD,0.402859,40,MODERATE,Moderate predicted likelihood. Consider enhanced monitoring by authorized analysts.
CASE009483,2026-08-29 07:37:49,Mysuru,12.3_76.64,SOCIAL_ENGINEERING,0.190717,19,LOW,Low predicted likelihood of a qualifying future withdrawal. Continue routine monitoring.
CASE002794,2026-08-29 08:51:42,Kakinada,16.99_82.25,SOCIAL_ENGINEERING,0.321199,32,LOW,Low predicted likelihood of a qualifying future withdrawal. Continue routine monitoring.
CASE003034,2026-08-29 10:02:10,Tirupati,13.63_79.42,PAYMENT_FRAUD,0.293685,29,LOW,Low predicted likelihood of a qualifying future withdrawal. Continue routine monitoring.
CASE002903,2026-08-29 10:55:19,Mysuru,12.3_76.64,INVESTMENT_SCAM,0.320658,32,LOW,Low predicted likelihood of a qualifying future withdrawal. Continue routine monitoring.
CASE008601,2026-08-29 11:20:54,Kadapa,14.47_78.82,PAYMENT_FRAUD,0.238435,24,LOW,Low predicted likelihood of a qualifying future withdrawal. Continue routine monitoring.
CASE005628,2026-08-29 11:29:52,Belagavi,15.85_74.5,PAYMENT_FRAUD,0.3809,38,LOW,Low predicted likelihood of a qualifying future withdrawal. Continue routine monitoring.
CASE009424,2026-08-29 14:28:24,Thrissur,10.53_76.21,CREDENTIAL_THEFT,0.31772,32,LOW,Low predicted likelihood of a qualifying future withdrawal. Continue routine monitoring.
CASE007053,2026-08-29 16:03:39,Kollam,8.89_76.61,CREDENTIAL_THEFT,0.259522,26,LOW,Low predicted likelihood of a qualifying future withdrawal. Continue routine monitoring.
CASE005868,2026-08-29 16:43:14,Alappuzha,9.5_76.34,PAYMENT_FRAUD,0.436779,44,MODERATE,Moderate predicted likelihood. Consider enhanced monitoring by authorized analysts.
CASE009662,2026-08-29 16:44:13,Thiruvananthapuram,8.52_76.94,CREDENTIAL_THEFT,0.317114,32,LOW,Low predicted likelihood of a qualifying future withdrawal. Continue routine monitoring.
CASE009856,2026-08-29 17:02:09,Kollam,8.89_76.61,PAYMENT_FRAUD,0.24447,24,LOW,Low predicted likelihood of a qualifying future withdrawal. Continue routine monitoring.
CASE004202,2026-08-29 17:11:59,Shivamogga,13.93_75.57,CREDENTIAL_THEFT,0.270894,27,LOW,Low predicted likelihood of a qualifying future withdrawal. Continue routine monitoring.
CASE002222,2026-08-29 17:46:34,Kalaburagi,17.33_76.83,CREDENTIAL_THEFT,0.323208,32,LOW,Low predicted likelihood of a qualifying future withdrawal. Continue routine monitoring.
CASE009692,2026-08-29 17:56:25,Ernakulam,9.98_76.3,PAYMENT_FRAUD,0.298364,30,LOW,Low predicted likelihood of a qualifying future withdrawal. Continue routine monitoring.
CASE002518,2026-08-29 18:06:52,Tiruchirappalli,10.79_78.7,SOCIAL_ENGINEERING,0.278354,28,LOW,Low predicted likelihood of a qualifying future withdrawal. Continue routine monitoring.
CASE001149,2026-08-29 18:20:26,Kurnool,15.83_78.04,PAYMENT_FRAUD,0.429679,43,MODERATE,Moderate predicted likelihood. Consider enhanced monitoring by authorized analysts.
CASE009232,2026-08-29 18:26:50,Alappuzha,9.5_76.34,PAYMENT_FRAUD,0.347878,35,LOW,Low predicted likelihood of a qualifying future withdrawal. Continue routine monitoring.
CASE005298,2026-08-29 19:12:01,Guntur,16.31_80.44,CREDENTIAL_THEFT,0.459465,46,MODERATE,Moderate predicted likelihood. Consider enhanced monitoring by authorized analysts.
CASE000352,2026-08-29 20:02:36,Salem,11.66_78.15,PAYMENT_FRAUD,0.504375,50,MODERATE,Moderate predicted likelihood. Consider enhanced monitoring by authorized analysts.
CASE000068,2026-08-29 20:33:55,Udupi,13.34_74.74,PAYMENT_FRAUD,0.291822,29,LOW,Low predicted likelihood of a qualifying future withdrawal. Continue routine monitoring.
CASE005698,2026-08-29 21:03:20,Guntur,16.31_80.44,PAYMENT_FRAUD,0.550388,55,MODERATE,Moderate predicted likelihood. Consider enhanced monitoring by authorized analysts.
CASE004462,2026-08-29 21:16:57,Bengaluru Urban,12.97_77.59,INVESTMENT_SCAM,0.37151,37,LOW,Low predicted likelihood of a qualifying future withdrawal. Continue routine monitoring.
CASE005483,2026-08-29 22:12:28,Kakinada,16.99_82.25,PAYMENT_FRAUD,0.567012,57,MODERATE,Moderate predicted likelihood. Consider enhanced monitoring by authorized analysts.
CASE000376,2026-08-29 22:24:49,Salem,11.66_78.15,INVESTMENT_SCAM,0.431915,43,MODERATE,Moderate predicted likelihood. Consider enhanced monitoring by authorized analysts.
CASE000789,2026-08-29 22:24:58,Kakinada,16.99_82.25,SOCIAL_ENGINEERING,0.416756,42,MODERATE,Moderate predicted likelihood. Consider enhanced monitoring by authorized analysts.
CASE006722,2026-08-29 23:00:49,Kalaburagi,17.33_76.83,PAYMENT_FRAUD,0.278412,28,LOW,Low predicted likelihood of a qualifying future withdrawal. Continue routine monitoring.
CASE009346,2026-08-30 00:03:27,Thrissur,10.53_76.21,PAYMENT_FRAUD,0.325574,33,LOW,Low predicted likelihood of a qualifying future withdrawal. Continue routine monitoring.
CASE006477,2026-08-30 00:42:53,Shivamogga,13.93_75.57,CREDENTIAL_THEFT,0.34983,35,LOW,Low predicted likelihood of a qualifying future withdrawal. Continue routine monitoring.
CASE005022,2026-08-30 01:20:51,Kakinada,16.99_82.25,INVESTMENT_SCAM,0.493398,49,MODERATE,Moderate predicted likelihood. Consider enhanced monitoring by authorized analysts.
CASE004505,2026-08-30 02:15:47,Anantapur,14.68_77.6,INVESTMENT_SCAM,0.356668,36,LOW,Low predicted likelihood of a qualifying future withdrawal. Continue routine monitoring.
CASE005393,2026-08-30 03:00:04,Thrissur,10.53_76.21,CREDENTIAL_THEFT,0.322925,32,LOW,Low predicted likelihood of a qualifying future withdrawal. Continue routine monitoring.
CASE004079,2026-08-30 03:06:42,Mangaluru,12.91_74.86,CREDENTIAL_THEFT,0.256785,26,LOW,Low predicted likelihood of a qualifying future withdrawal. Continue routine monitoring.
CASE006087,2026-08-30 03:08:36,Ernakulam,9.98_76.3,CREDENTIAL_THEFT,0.205687,21,LOW,Low predicted likelihood of a qualifying future withdrawal. Continue routine monitoring.
CASE001995,2026-08-30 03:15:01,Madurai,9.93_78.12,SOCIAL_ENGINEERING,0.291312,29,LOW,Low predicted likelihood of a qualifying future withdrawal. Continue routine monitoring.
CASE001779,2026-08-30 03:23:02,Malappuram,11.05_76.07,PAYMENT_FRAUD,0.274183,27,LOW,Low predicted likelihood of a qualifying future withdrawal. Continue routine monitoring.
CASE004203,2026-08-30 03:23:18,Mysuru,12.3_76.64,PAYMENT_FRAUD,0.193386,19,LOW,Low predicted likelihood of a qualifying future withdrawal. Continue routine monitoring.
CASE009576,2026-08-30 03:48:55,Kakinada,16.99_82.25,CREDENTIAL_THEFT,0.301774,30,LOW,Low predicted likelihood of a qualifying future withdrawal. Continue routine monitoring.
CASE004408,2026-08-30 03:52:41,Salem,11.66_78.15,PAYMENT_FRAUD,0.228934,23,LOW,Low predicted likelihood of a qualifying future withdrawal. Continue routine monitoring.
CASE003379,2026-08-30 04:05:22,Coimbatore,11.02_76.96,CREDENTIAL_THEFT,0.308407,31,LOW,Low predicted likelihood of a qualifying future withdrawal. Continue routine monitoring.
CASE000430,2026-08-30 04:14:09,Guntur,16.31_80.44,PAYMENT_FRAUD,0.298383,30,LOW,Low predicted likelihood of a qualifying future withdrawal. Continue routine monitoring.
CASE004852,2026-08-30 04:49:38,Kollam,8.89_76.61,CREDENTIAL_THEFT,0.199323,20,LOW,Low predicted likelihood of a qualifying future withdrawal. Continue routine monitoring.
CASE004611,2026-08-30 05:41:47,Erode,11.34_77.72,SOCIAL_ENGINEERING,0.173309,17,LOW,Low predicted likelihood of a qualifying future withdrawal. Continue routine monitoring.
CASE000580,2026-08-30 05:50:12,Coimbatore,11.02_76.96,PAYMENT_FRAUD,0.401637,40,MODERATE,Moderate predicted likelihood. Consider enhanced monitoring by authorized analysts.
CASE006118,2026-08-30 05:52:03,Bengaluru Urban,12.97_77.59,PAYMENT_FRAUD,0.275226,28,LOW,Low predicted likelihood of a qualifying future withdrawal. Continue routine monitoring.
CASE002046,2026-08-30 06:27:55,Chennai,13.08_80.27,CREDENTIAL_THEFT,0.226228,23,LOW,Low predicted likelihood of a qualifying future withdrawal. Continue routine monitoring.
CASE003718,2026-08-30 09:13:32,Madurai,9.93_78.12,CREDENTIAL_THEFT,0.352683,35,LOW,Low predicted likelihood of a qualifying future withdrawal. Continue routine monitoring.
CASE001347,2026-08-30 10:14:53,Bengaluru Urban,12.97_77.59,PAYMENT_FRAUD,0.367948,37,LOW,Low predicted likelihood of a qualifying future withdrawal. Continue routine monitoring.
CASE000458,2026-08-30 10:20:36,Mangaluru,12.91_74.86,INVESTMENT_SCAM,0.177138,18,LOW,Low predicted likelihood of a qualifying future withdrawal. Continue routine monitoring.
CASE006439,2026-08-30 10:25:22,Hubballi,15.36_75.12,SOCIAL_ENGINEERING,0.231136,23,LOW,Low predicted likelihood of a qualifying future withdrawal. Continue routine monitoring.
CASE007183,2026-08-30 10:30:03,Visakhapatnam,17.69_83.22,SOCIAL_ENGINEERING,0.187037,19,LOW,Low predicted likelihood of a qualifying future withdrawal. Continue routine monitoring.
CASE003590,2026-08-30 10:56:35,Malappuram,11.05_76.07,SOCIAL_ENGINEERING,0.227014,23,LOW,Low predicted likelihood of a qualifying future withdrawal. Continue routine monitoring.
CASE002741,2026-08-30 11:25:27,Erode,11.34_77.72,INVESTMENT_SCAM,0.205775,21,LOW,Low predicted likelihood of a qualifying future withdrawal. Continue routine monitoring.
CASE001917,2026-08-30 11:53:17,Madurai,9.93_78.12,PAYMENT_FRAUD,0.243219,24,LOW,Low predicted likelihood of a qualifying future withdrawal. Continue routine monitoring.
CASE008514,2026-08-30 13:34:24,Guntur,16.31_80.44,PAYMENT_FRAUD,0.422265,42,MODERATE,Moderate predicted likelihood. Consider enhanced monitoring by authorized analysts.
CASE003608,2026-08-30 14:35:25,Tirunelveli,8.71_77.76,PAYMENT_FRAUD,0.275658,28,LOW,Low predicted likelihood of a qualifying future withdrawal. Continue routine monitoring.
CASE004820,2026-08-30 14:51:26,Anantapur,14.68_77.6,INVESTMENT_SCAM,0.330851,33,LOW,Low predicted likelihood of a qualifying future withdrawal. Continue routine monitoring.
CASE009503,2026-08-30 15:04:24,Coimbatore,11.02_76.96,INVESTMENT_SCAM,0.30266,30,LOW,Low predicted likelihood of a qualifying future withdrawal. Continue routine monitoring.
CASE005954,2026-08-30 15:31:18,Palakkad,10.79_76.65,INVESTMENT_SCAM,0.250321,25,LOW,Low predicted likelihood of a qualifying future withdrawal. Continue routine monitoring.
CASE008061,2026-08-30 16:05:29,Udupi,13.34_74.74,CREDENTIAL_THEFT,0.27922,28,LOW,Low predicted likelihood of a qualifying future withdrawal. Continue routine monitoring.
CASE009454,2026-08-30 17:40:12,Kurnool,15.83_78.04,INVESTMENT_SCAM,0.378691,38,LOW,Low predicted likelihood of a qualifying future withdrawal. Continue routine monitoring.
CASE009963,2026-08-30 17:53:21,Kollam,8.89_76.61,INVESTMENT_SCAM,0.263661,26,LOW,Low predicted likelihood of a qualifying future withdrawal. Continue routine monitoring.
CASE009030,2026-08-30 18:33:48,Mysuru,12.3_76.64,SOCIAL_ENGINEERING,0.177254,18,LOW,Low predicted likelihood of a qualifying future withdrawal. Continue routine monitoring.
CASE004328,2026-08-30 18:40:27,Madurai,9.93_78.12,PAYMENT_FRAUD,0.282172,28,LOW,Low predicted likelihood of a qualifying future withdrawal. Continue routine monitoring.
CASE006310,2026-08-30 19:17:07,Belagavi,15.85_74.5,INVESTMENT_SCAM,0.240578,24,LOW,Low predicted likelihood of a qualifying future withdrawal. Continue routine monitoring.
CASE004257,2026-08-30 19:54:04,Nellore,14.44_79.99,CREDENTIAL_THEFT,0.388132,39,LOW,Low predicted likelihood of a qualifying future withdrawal. Continue routine monitoring.
CASE008037,2026-08-30 20:11:50,Malappuram,11.05_76.07,CREDENTIAL_THEFT,0.103767,10,LOW,Low predicted likelihood of a qualifying future withdrawal. Continue routine monitoring.
CASE004475,2026-08-30 20:57:13,Kottayam,9.59_76.52,CREDENTIAL_THEFT,0.328798,33,LOW,Low predicted likelihood of a qualifying future withdrawal. Continue routine monitoring.
CASE008326,2026-08-30 21:20:57,Kadapa,14.47_78.82,PAYMENT_FRAUD,0.301147,30,LOW,Low predicted likelihood of a qualifying future withdrawal. Continue routine monitoring.
CASE001120,2026-08-30 22:59:08,Udupi,13.34_74.74,INVESTMENT_SCAM,0.379508,38,LOW,Low predicted likelihood of a qualifying future withdrawal. Continue routine monitoring.
CASE001116,2026-08-30 23:46:12,Salem,11.66_78.15,INVESTMENT_SCAM,0.361486,36,LOW,Low predicted likelihood of a qualifying future withdrawal. Continue routine monitoring.
CASE000982,2026-08-31 01:49:07,Kannur,11.87_75.37,PAYMENT_FRAUD,0.386441,39,LOW,Low predicted likelihood of a qualifying future withdrawal. Continue routine monitoring.
CASE009069,2026-08-31 01:54:55,Madurai,9.93_78.12,CREDENTIAL_THEFT,0.250346,25,LOW,Low predicted likelihood of a qualifying future withdrawal. Continue routine monitoring.
CASE007456,2026-08-31 03:20:30,Salem,11.66_78.15,CREDENTIAL_THEFT,0.48057,48,MODERATE,Moderate predicted likelihood. Consider enhanced monitoring by authorized analysts.
CASE002464,2026-08-31 03:39:21,Mysuru,12.3_76.64,PAYMENT_FRAUD,0.271331,27,LOW,Low predicted likelihood of a qualifying future withdrawal. Continue routine monitoring.
CASE003003,2026-08-31 04:47:30,Tirupati,13.63_79.42,SOCIAL_ENGINEERING,0.243587,24,LOW,Low predicted likelihood of a qualifying future withdrawal. Continue routine monitoring.
CASE004289,2026-08-31 05:27:14,Mangaluru,12.91_74.86,CREDENTIAL_THEFT,0.144955,14,LOW,Low predicted likelihood of a qualifying future withdrawal. Continue routine monitoring.
CASE007981,2026-08-31 05:40:20,Kakinada,16.99_82.25,SOCIAL_ENGINEERING,0.295104,30,LOW,Low predicted likelihood of a qualifying future withdrawal. Continue routine monitoring.
CASE007139,2026-08-31 06:25:27,Anantapur,14.68_77.6,SOCIAL_ENGINEERING,0.311106,31,LOW,Low predicted likelihood of a qualifying future withdrawal. Continue routine monitoring.
CASE004671,2026-08-31 06:41:04,Kalaburagi,17.33_76.83,PAYMENT_FRAUD,0.463935,46,MODERATE,Moderate predicted likelihood. Consider enhanced monitoring by authorized analysts.
CASE009463,2026-08-31 07:30:45,Tiruchirappalli,10.79_78.7,INVESTMENT_SCAM,0.441153,44,MODERATE,Moderate predicted likelihood. Consider enhanced monitoring by authorized analysts.
CASE005283,2026-08-31 08:38:35,Tumakuru,13.34_77.1,SOCIAL_ENGINEERING,0.330522,33,LOW,Low predicted likelihood of a qualifying future withdrawal. Continue routine monitoring.
CASE006155,2026-08-31 09:09:40,Kakinada,16.99_82.25,PAYMENT_FRAUD,0.373959,37,LOW,Low predicted likelihood of a qualifying future withdrawal. Continue routine monitoring.
CASE007514,2026-08-31 09:27:42,Tirupati,13.63_79.42,CREDENTIAL_THEFT,0.249545,25,LOW,Low predicted likelihood of a qualifying future withdrawal. Continue routine monitoring.
CASE002799,2026-08-31 09:58:12,Visakhapatnam,17.69_83.22,INVESTMENT_SCAM,0.401594,40,MODERATE,Moderate predicted likelihood. Consider enhanced monitoring by authorized analysts.
CASE000357,2026-08-31 10:38:36,Thiruvananthapuram,8.52_76.94,CREDENTIAL_THEFT,0.25597,26,LOW,Low predicted likelihood of a qualifying future withdrawal. Continue routine monitoring.
CASE000786,2026-08-31 11:37:39,Visakhapatnam,17.69_83.22,PAYMENT_FRAUD,0.333509,33,LOW,Low predicted likelihood of a qualifying future withdrawal. Continue routine monitoring.
CASE003102,2026-08-31 11:50:45,Tirunelveli,8.71_77.76,CREDENTIAL_THEFT,0.237477,24,LOW,Low predicted likelihood of a qualifying future withdrawal. Continue routine monitoring.
CASE004194,2026-08-31 11:54:15,Malappuram,11.05_76.07,PAYMENT_FRAUD,0.30172,30,LOW,Low predicted likelihood of a qualifying future withdrawal. Continue routine monitoring.
CASE004910,2026-08-31 11:59:04,Erode,11.34_77.72,PAYMENT_FRAUD,0.186165,19,LOW,Low predicted likelihood of a qualifying future withdrawal. Continue routine monitoring.
CASE002722,2026-08-31 12:28:38,Kadapa,14.47_78.82,SOCIAL_ENGINEERING,0.218852,22,LOW,Low predicted likelihood of a qualifying future withdrawal. Continue routine monitoring.
CASE003684,2026-08-31 12:54:13,Anantapur,14.68_77.6,INVESTMENT_SCAM,0.218038,22,LOW,Low predicted likelihood of a qualifying future withdrawal. Continue routine monitoring.
CASE006381,2026-08-31 13:37:57,Kottayam,9.59_76.52,CREDENTIAL_THEFT,0.187659,19,LOW,Low predicted likelihood of a qualifying future withdrawal. Continue routine monitoring.
CASE002940,2026-08-31 16:03:02,Madurai,9.93_78.12,PAYMENT_FRAUD,0.466956,47,MODERATE,Moderate predicted likelihood. Consider enhanced monitoring by authorized analysts.
CASE002093,2026-08-31 17:27:50,Kalaburagi,17.33_76.83,PAYMENT_FRAUD,0.562256,56,MODERATE,Moderate predicted likelihood. Consider enhanced monitoring by authorized analysts.
CASE002814,2026-08-31 17:53:56,Kurnool,15.83_78.04,CREDENTIAL_THEFT,0.343141,34,LOW,Low predicted likelihood of a qualifying future withdrawal. Continue routine monitoring.
CASE003893,2026-08-31 18:35:07,Shivamogga,13.93_75.57,CREDENTIAL_THEFT,0.339584,34,LOW,Low predicted likelihood of a qualifying future withdrawal. Continue routine monitoring.
CASE005452,2026-08-31 19:14:26,Tiruchirappalli,10.79_78.7,SOCIAL_ENGINEERING,0.360776,36,LOW,Low predicted likelihood of a qualifying future withdrawal. Continue routine monitoring.
CASE001454,2026-08-31 19:56:44,Udupi,13.34_74.74,INVESTMENT_SCAM,0.274804,27,LOW,Low predicted likelihood of a qualifying future withdrawal. Continue routine monitoring.
CASE002932,2026-08-31 20:13:20,Tirupati,13.63_79.42,CREDENTIAL_THEFT,0.29584,30,LOW,Low predicted likelihood of a qualifying future withdrawal. Continue routine monitoring.
CASE008480,2026-08-31 20:28:26,Malappuram,11.05_76.07,PAYMENT_FRAUD,0.183411,18,LOW,Low predicted likelihood of a qualifying future withdrawal. Continue routine monitoring.
CASE004233,2026-08-31 20:43:06,Malappuram,11.05_76.07,CREDENTIAL_THEFT,0.121575,12,LOW,Low predicted likelihood of a qualifying future withdrawal. Continue routine monitoring.
CASE000858,2026-08-31 21:27:19,Thanjavur,10.79_79.14,INVESTMENT_SCAM,0.419628,42,MODERATE,Moderate predicted likelihood. Consider enhanced monitoring by authorized analysts.
CASE002169,2026-08-31 22:04:50,Thiruvananthapuram,8.52_76.94,INVESTMENT_SCAM,0.414472,41,MODERATE,Moderate predicted likelihood. Consider enhanced monitoring by authorized analysts.
CASE009214,2026-08-31 22:51:33,Kadapa,14.47_78.82,SOCIAL_ENGINEERING,0.361639,36,LOW,Low predicted likelihood of a qualifying future withdrawal. Continue routine monitoring.
CASE008756,2026-08-31 23:33:34,Ballari,15.14_76.92,SOCIAL_ENGINEERING,0.24811,25,LOW,Low predicted likelihood of a qualifying future withdrawal. Continue routine monitoring.
CASE007100,2026-08-31 23:34:13,Dindigul,10.37_77.98,CREDENTIAL_THEFT,0.241384,24,LOW,Low predicted likelihood of a qualifying future withdrawal. Continue routine monitoring.
CASE006454,2026-08-31 23:37:16,Kakinada,16.99_82.25,CREDENTIAL_THEFT,0.27919,28,LOW,Low predicted likelihood of a qualifying future withdrawal. Continue routine monitoring.
CASE003588,2026-08-31 23:55:41,Kakinada,16.99_82.25,INVESTMENT_SCAM,0.361103,36,LOW,Low predicted likelihood of a qualifying future withdrawal. Continue routine monitoring.
