alert_id,alert_type,severity,status,prediction_reference,hotspot_id,risk_score,predicted_probability,event_count,dominant_category,time_window_start,time_window_end,operational_message,human_review_required,model_version,latitude,longitude,created_at,updated_at,disclaimer,synthetic_demonstration
ALT-000001,HIGH_RISK_LOCATION,HIGH,ACKNOWLEDGED,CASE005474,,61.0,0.6111,1.0,CREDENTIAL_THEFT,2026-08-07 19:31:13,2026-08-07 19:31:13,HIGH predictive withdrawal probability (61%) detected in Tiruchirappalli. Prioritize authorized human analytical review.,True,v1.0.0-xgb-calibrated,10.79,78.7,2026-09-15 16:18:45.429810+00:00,2026-09-18T05:14:05.417536+00:00,Analytical alert — authorized human review required. Does not establish criminal activity.,True
ALT-000002,HIGH_RISK_LOCATION,HIGH,NEW,CASE007772,,63.0,0.6319,1.0,PAYMENT_FRAUD,2026-08-09 06:36:11,2026-08-09 06:36:11,HIGH predictive withdrawal probability (63%) detected in Tiruchirappalli. Prioritize authorized human analytical review.,True,v1.0.0-xgb-calibrated,10.79,78.7,2026-09-15 16:18:45.429810+00:00,2026-09-15 16:18:45.429810+00:00,Analytical alert — authorized human review required. Does not establish criminal activity.,True
ALT-000003,HIGH_RISK_LOCATION,HIGH,NEW,CASE000291,,60.0,0.598,1.0,SOCIAL_ENGINEERING,2026-08-12 09:43:38,2026-08-12 09:43:38,HIGH predictive withdrawal probability (60%) detected in Nellore. Prioritize authorized human analytical review.,True,v1.0.0-xgb-calibrated,14.44,79.99,2026-09-15 16:18:45.430809+00:00,2026-09-15 16:18:45.430809+00:00,Analytical alert — authorized human review required. Does not establish criminal activity.,True
ALT-000004,HIGH_RISK_LOCATION,HIGH,NEW,CASE005308,,61.0,0.6126,1.0,PAYMENT_FRAUD,2026-08-14 10:14:57,2026-08-14 10:14:57,HIGH predictive withdrawal probability (61%) detected in Visakhapatnam. Prioritize authorized human analytical review.,True,v1.0.0-xgb-calibrated,17.69,83.22,2026-09-15 16:18:45.430809+00:00,2026-09-15 16:18:45.430809+00:00,Analytical alert — authorized human review required. Does not establish criminal activity.,True
ALT-000005,HIGH_RISK_LOCATION,HIGH,NEW,CASE005914,,60.0,0.5983,1.0,PAYMENT_FRAUD,2026-08-24 01:55:21,2026-08-24 01:55:21,HIGH predictive withdrawal probability (60%) detected in Kakinada. Prioritize authorized human analytical review.,True,v1.0.0-xgb-calibrated,16.99,82.25,2026-09-15 16:18:45.430809+00:00,2026-09-15 16:18:45.430809+00:00,Analytical alert — authorized human review required. Does not establish criminal activity.,True
ALT-000006,HOTSPOT_ELEVATED_RISK,HIGH,NEW,,HS-24,37.0,0.3716,290.0,Clustered Incidents,2026-01-01 17:11:34,2026-08-31 23:55:41,"Analytical spatial cluster HS-24 exhibits high aggregate predictive withdrawal risk (avg score 37.2, 290 events). Authorized human review required.",True,v1.0.0-xgb-dbscan,16.9891,82.2475,2026-09-15 16:18:45.430809+00:00,2026-09-15 16:18:45.430809+00:00,Analytical alert — authorized human review required. Does not establish criminal activity.,True
ALT-000007,HOTSPOT_ELEVATED_RISK,HIGH,NEW,,HS-38,38.0,0.3809,251.0,Clustered Incidents,2026-01-03 07:20:42,2026-08-30 19:54:04,"Analytical spatial cluster HS-38 exhibits high aggregate predictive withdrawal risk (avg score 38.1, 251 events). Authorized human review required.",True,v1.0.0-xgb-dbscan,14.4426,79.9865,2026-09-15 16:18:45.431405+00:00,2026-09-15 16:18:45.431405+00:00,Analytical alert — authorized human review required. Does not establish criminal activity.,True
ALT-000008,HOTSPOT_ELEVATED_RISK,HIGH,NEW,,HS-22,36.0,0.356,226.0,Clustered Incidents,2026-01-01 16:15:38,2026-08-31 11:37:39,"Analytical spatial cluster HS-22 exhibits high aggregate predictive withdrawal risk (avg score 35.6, 226 events). Authorized human review required.",True,v1.0.0-xgb-dbscan,17.6868,83.2185,2026-09-15 16:18:45.431405+00:00,2026-09-15 16:18:45.431405+00:00,Analytical alert — authorized human review required. Does not establish criminal activity.,True
ALT-000009,HOTSPOT_ELEVATED_RISK,HIGH,NEW,,HS-18,41.0,0.4111,224.0,Clustered Incidents,2026-01-01 12:03:45,2026-08-31 19:14:26,"Analytical spatial cluster HS-18 exhibits high aggregate predictive withdrawal risk (avg score 41.1, 224 events). Authorized human review required.",True,v1.0.0-xgb-dbscan,10.7905,78.7047,2026-09-15 16:18:45.431405+00:00,2026-09-15 16:18:45.431405+00:00,Analytical alert — authorized human review required. Does not establish criminal activity.,True
ALT-000010,WITHDRAWAL_HOTSPOT,HIGH,NEW,,HS-0,31.0,0.31,30.0,Historical Cashout Pattern,2026-01-01 03:51:33,2026-08-17 13:28:08,Analytical cluster HS-0 contains 30 correlated cashout withdrawal events. Authorized review recommended for preventive intelligence.,True,v1.0.0-xgb-dbscan,9.5916,76.5222,2026-09-15 16:18:45.431942+00:00,2026-09-15 16:18:45.431942+00:00,Analytical alert — authorized human review required. Does not establish criminal activity.,True
ALT-000011,WITHDRAWAL_HOTSPOT,HIGH,NEW,,HS-1,31.0,0.314,33.0,Historical Cashout Pattern,2026-01-01 08:02:39,2026-08-28 04:12:02,Analytical cluster HS-1 contains 33 correlated cashout withdrawal events. Authorized review recommended for preventive intelligence.,True,v1.0.0-xgb-dbscan,10.787,79.1378,2026-09-15 16:18:45.431942+00:00,2026-09-15 16:18:45.431942+00:00,Analytical alert — authorized human review required. Does not establish criminal activity.,True
ALT-000012,WITHDRAWAL_HOTSPOT,HIGH,NEW,,HS-2,32.0,0.32,30.0,Historical Cashout Pattern,2026-01-01 08:26:57,2026-08-25 06:37:29,Analytical cluster HS-2 contains 30 correlated cashout withdrawal events. Authorized review recommended for preventive intelligence.,True,v1.0.0-xgb-dbscan,10.5276,76.2144,2026-09-15 16:18:45.431942+00:00,2026-09-15 16:18:45.431942+00:00,Analytical alert — authorized human review required. Does not establish criminal activity.,True
ALT-000013,WITHDRAWAL_HOTSPOT,HIGH,NEW,,HS-3,34.0,0.34,24.0,Historical Cashout Pattern,2026-01-01 19:10:46,2026-08-25 22:40:14,Analytical cluster HS-3 contains 24 correlated cashout withdrawal events. Authorized review recommended for preventive intelligence.,True,v1.0.0-xgb-dbscan,9.9816,76.2999,2026-09-15 16:18:45.431942+00:00,2026-09-15 16:18:45.431942+00:00,Analytical alert — authorized human review required. Does not establish criminal activity.,True
ALT-000014,WITHDRAWAL_HOTSPOT,HIGH,NEW,,HS-4,38.0,0.375,27.0,Historical Cashout Pattern,2026-01-01 20:07:06,2026-07-29 15:33:21,Analytical cluster HS-4 contains 27 correlated cashout withdrawal events. Authorized review recommended for preventive intelligence.,True,v1.0.0-xgb-dbscan,9.9252,78.1198,2026-09-15 16:18:45.431942+00:00,2026-09-15 16:18:45.431942+00:00,Analytical alert — authorized human review required. Does not establish criminal activity.,True
ALT-000015,WITHDRAWAL_HOTSPOT,HIGH,NEW,,HS-5,65.0,0.65,28.0,Historical Cashout Pattern,2026-01-02 03:37:10,2026-07-27 07:56:17,Analytical cluster HS-5 contains 28 correlated cashout withdrawal events. Authorized review recommended for preventive intelligence.,True,v1.0.0-xgb-dbscan,11.8745,75.3704,2026-09-15 16:18:45.432715+00:00,2026-09-15 16:18:45.432715+00:00,Analytical alert — authorized human review required. Does not establish criminal activity.,True
ALT-000016,WITHDRAWAL_HOTSPOT,HIGH,NEW,,HS-6,30.0,0.2957,22.0,Historical Cashout Pattern,2026-01-02 09:58:20,2026-08-24 08:56:40,Analytical cluster HS-6 contains 22 correlated cashout withdrawal events. Authorized review recommended for preventive intelligence.,True,v1.0.0-xgb-dbscan,11.2588,75.7804,2026-09-15 16:18:45.432715+00:00,2026-09-15 16:18:45.432715+00:00,Analytical alert — authorized human review required. Does not establish criminal activity.,True
ALT-000017,WITHDRAWAL_HOTSPOT,HIGH,NEW,,HS-7,34.0,0.34,32.0,Historical Cashout Pattern,2026-01-03 00:12:57,2026-08-19 12:11:36,Analytical cluster HS-7 contains 32 correlated cashout withdrawal events. Authorized review recommended for preventive intelligence.,True,v1.0.0-xgb-dbscan,11.341,77.7172,2026-09-15 16:18:45.433255+00:00,2026-09-15 16:18:45.433255+00:00,Analytical alert — authorized human review required. Does not establish criminal activity.,True
ALT-000018,WITHDRAWAL_HOTSPOT,HIGH,NEW,,HS-8,42.0,0.415,30.0,Historical Cashout Pattern,2026-01-03 07:20:42,2026-08-13 21:17:15,Analytical cluster HS-8 contains 30 correlated cashout withdrawal events. Authorized review recommended for preventive intelligence.,True,v1.0.0-xgb-dbscan,14.4426,79.9865,2026-09-15 16:18:45.433255+00:00,2026-09-15 16:18:45.433255+00:00,Analytical alert — authorized human review required. Does not establish criminal activity.,True
ALT-000019,WITHDRAWAL_HOTSPOT,HIGH,NEW,,HS-9,52.0,0.516,29.0,Historical Cashout Pattern,2026-01-03 12:45:03,2026-08-28 11:23:54,Analytical cluster HS-9 contains 29 correlated cashout withdrawal events. Authorized review recommended for preventive intelligence.,True,v1.0.0-xgb-dbscan,10.7905,78.7047,2026-09-15 16:18:45.433255+00:00,2026-09-15 16:18:45.433255+00:00,Analytical alert — authorized human review required. Does not establish criminal activity.,True
ALT-000020,WITHDRAWAL_HOTSPOT,HIGH,NEW,,HS-10,39.0,0.3883,38.0,Historical Cashout Pattern,2026-01-04 00:29:00,2026-08-23 21:02:41,Analytical cluster HS-10 contains 38 correlated cashout withdrawal events. Authorized review recommended for preventive intelligence.,True,v1.0.0-xgb-dbscan,16.9891,82.2475,2026-09-15 16:18:45.433790+00:00,2026-09-15 16:18:45.433790+00:00,Analytical alert — authorized human review required. Does not establish criminal activity.,True
ALT-000021,WITHDRAWAL_HOTSPOT,HIGH,NEW,,HS-11,35.0,0.346,30.0,Historical Cashout Pattern,2026-01-04 04:37:33,2026-08-30 00:42:53,Analytical cluster HS-11 contains 30 correlated cashout withdrawal events. Authorized review recommended for preventive intelligence.,True,v1.0.0-xgb-dbscan,13.9299,75.5681,2026-09-15 16:18:45.433790+00:00,2026-09-15 16:18:45.433790+00:00,Analytical alert — authorized human review required. Does not establish criminal activity.,True
ALT-000022,WITHDRAWAL_HOTSPOT,HIGH,NEW,,HS-12,27.0,0.2725,28.0,Historical Cashout Pattern,2026-01-04 10:11:26,2026-08-21 15:47:40,Analytical cluster HS-12 contains 28 correlated cashout withdrawal events. Authorized review recommended for preventive intelligence.,True,v1.0.0-xgb-dbscan,13.3409,74.7421,2026-09-15 16:18:45.433790+00:00,2026-09-15 16:18:45.433790+00:00,Analytical alert — authorized human review required. Does not establish criminal activity.,True
ALT-000023,WITHDRAWAL_HOTSPOT,HIGH,NEW,,HS-13,23.0,0.23,21.0,Historical Cashout Pattern,2026-01-04 16:38:30,2026-08-21 05:55:14,Analytical cluster HS-13 contains 21 correlated cashout withdrawal events. Authorized review recommended for preventive intelligence.,True,v1.0.0-xgb-dbscan,12.2958,76.6394,2026-09-15 16:18:45.434319+00:00,2026-09-15 16:18:45.434319+00:00,Analytical alert — authorized human review required. Does not establish criminal activity.,True
ALT-000024,WITHDRAWAL_HOTSPOT,HIGH,NEW,,HS-14,28.0,0.285,28.0,Historical Cashout Pattern,2026-01-05 00:25:49,2026-08-25 23:39:18,Analytical cluster HS-14 contains 28 correlated cashout withdrawal events. Authorized review recommended for preventive intelligence.,True,v1.0.0-xgb-dbscan,13.3392,77.101,2026-09-15 16:18:45.434319+00:00,2026-09-15 16:18:45.434319+00:00,Analytical alert — authorized human review required. Does not establish criminal activity.,True
ALT-000025,WITHDRAWAL_HOTSPOT,HIGH,NEW,,HS-15,37.0,0.3725,25.0,Historical Cashout Pattern,2026-01-05 15:24:51,2026-08-29 01:29:14,Analytical cluster HS-15 contains 25 correlated cashout withdrawal events. Authorized review recommended for preventive intelligence.,True,v1.0.0-xgb-dbscan,11.0168,76.9558,2026-09-15 16:18:45.434319+00:00,2026-09-15 16:18:45.434319+00:00,Analytical alert — authorized human review required. Does not establish criminal activity.,True
ALT-000026,WITHDRAWAL_HOTSPOT,HIGH,NEW,,HS-16,36.0,0.365,23.0,Historical Cashout Pattern,2026-01-05 15:53:22,2026-08-25 02:30:59,Analytical cluster HS-16 contains 23 correlated cashout withdrawal events. Authorized review recommended for preventive intelligence.,True,v1.0.0-xgb-dbscan,15.3647,75.124,2026-09-15 16:18:45.434846+00:00,2026-09-15 16:18:45.434846+00:00,Analytical alert — authorized human review required. Does not establish criminal activity.,True
ALT-000027,WITHDRAWAL_HOTSPOT,HIGH,NEW,,HS-17,39.0,0.39,24.0,Historical Cashout Pattern,2026-01-06 01:36:16,2026-08-19 21:40:37,Analytical cluster HS-17 contains 24 correlated cashout withdrawal events. Authorized review recommended for preventive intelligence.,True,v1.0.0-xgb-dbscan,10.3673,77.9803,2026-09-15 16:18:45.434846+00:00,2026-09-15 16:18:45.434846+00:00,Analytical alert — authorized human review required. Does not establish criminal activity.,True
ALT-000028,WITHDRAWAL_HOTSPOT,HIGH,NEW,,HS-18,40.0,0.3967,27.0,Historical Cashout Pattern,2026-01-06 15:36:07,2026-08-19 08:46:04,Analytical cluster HS-18 contains 27 correlated cashout withdrawal events. Authorized review recommended for preventive intelligence.,True,v1.0.0-xgb-dbscan,13.6288,79.4192,2026-09-15 16:18:45.434846+00:00,2026-09-15 16:18:45.434846+00:00,Analytical alert — authorized human review required. Does not establish criminal activity.,True
ALT-000029,WITHDRAWAL_HOTSPOT,HIGH,NEW,,HS-19,34.0,0.335,27.0,Historical Cashout Pattern,2026-01-07 00:32:35,2026-08-26 23:29:11,Analytical cluster HS-19 contains 27 correlated cashout withdrawal events. Authorized review recommended for preventive intelligence.,True,v1.0.0-xgb-dbscan,8.5241,76.9366,2026-09-15 16:18:45.435381+00:00,2026-09-15 16:18:45.435381+00:00,Analytical alert — authorized human review required. Does not establish criminal activity.,True
ALT-000030,WITHDRAWAL_HOTSPOT,HIGH,NEW,,HS-20,33.0,0.3333,36.0,Historical Cashout Pattern,2026-01-07 01:29:14,2026-08-15 04:20:28,Analytical cluster HS-20 contains 36 correlated cashout withdrawal events. Authorized review recommended for preventive intelligence.,True,v1.0.0-xgb-dbscan,16.3067,80.4365,2026-09-15 16:18:45.435381+00:00,2026-09-15 16:18:45.435381+00:00,Analytical alert — authorized human review required. Does not establish criminal activity.,True
ALT-000031,WITHDRAWAL_HOTSPOT,HIGH,NEW,,HS-21,36.0,0.36,22.0,Historical Cashout Pattern,2026-01-07 12:05:39,2026-08-05 09:32:29,Analytical cluster HS-21 contains 22 correlated cashout withdrawal events. Authorized review recommended for preventive intelligence.,True,v1.0.0-xgb-dbscan,11.6643,78.146,2026-09-15 16:18:45.435381+00:00,2026-09-15 16:18:45.435381+00:00,Analytical alert — authorized human review required. Does not establish criminal activity.,True
ALT-000032,WITHDRAWAL_HOTSPOT,HIGH,NEW,,HS-22,26.0,0.255,22.0,Historical Cashout Pattern,2026-01-07 21:00:12,2026-08-29 05:37:16,Analytical cluster HS-22 contains 22 correlated cashout withdrawal events. Authorized review recommended for preventive intelligence.,True,v1.0.0-xgb-dbscan,10.7867,76.6548,2026-09-15 16:18:45.435381+00:00,2026-09-15 16:18:45.435381+00:00,Analytical alert — authorized human review required. Does not establish criminal activity.,True
ALT-000033,WITHDRAWAL_HOTSPOT,HIGH,NEW,,HS-23,34.0,0.345,21.0,Historical Cashout Pattern,2026-01-08 03:30:25,2026-08-29 16:43:14,Analytical cluster HS-23 contains 21 correlated cashout withdrawal events. Authorized review recommended for preventive intelligence.,True,v1.0.0-xgb-dbscan,9.4981,76.3388,2026-09-15 16:18:45.435915+00:00,2026-09-15 16:18:45.435915+00:00,Analytical alert — authorized human review required. Does not establish criminal activity.,True
ALT-000034,WITHDRAWAL_HOTSPOT,HIGH,NEW,,HS-24,30.0,0.3,30.0,Historical Cashout Pattern,2026-01-09 00:37:00,2026-08-30 21:20:57,Analytical cluster HS-24 contains 30 correlated cashout withdrawal events. Authorized review recommended for preventive intelligence.,True,v1.0.0-xgb-dbscan,14.4674,78.8241,2026-09-15 16:18:45.435915+00:00,2026-09-15 16:18:45.435915+00:00,Analytical alert — authorized human review required. Does not establish criminal activity.,True
ALT-000035,WITHDRAWAL_HOTSPOT,HIGH,NEW,,HS-25,37.0,0.374,30.0,Historical Cashout Pattern,2026-01-09 08:40:27,2026-08-21 23:47:48,Analytical cluster HS-25 contains 30 correlated cashout withdrawal events. Authorized review recommended for preventive intelligence.,True,v1.0.0-xgb-dbscan,15.8281,78.0373,2026-09-15 16:18:45.435915+00:00,2026-09-15 16:18:45.435915+00:00,Analytical alert — authorized human review required. Does not establish criminal activity.,True
ALT-000036,WITHDRAWAL_HOTSPOT,HIGH,NEW,,HS-26,32.0,0.3233,19.0,Historical Cashout Pattern,2026-01-09 15:08:38,2026-08-28 06:22:09,Analytical cluster HS-26 contains 19 correlated cashout withdrawal events. Authorized review recommended for preventive intelligence.,True,v1.0.0-xgb-dbscan,8.7139,77.7567,2026-09-15 16:18:45.435915+00:00,2026-09-15 16:18:45.435915+00:00,Analytical alert — authorized human review required. Does not establish criminal activity.,True
ALT-000037,WITHDRAWAL_HOTSPOT,HIGH,NEW,,HS-27,30.0,0.3,18.0,Historical Cashout Pattern,2026-01-10 13:24:34,2026-08-27 03:57:58,Analytical cluster HS-27 contains 18 correlated cashout withdrawal events. Authorized review recommended for preventive intelligence.,True,v1.0.0-xgb-dbscan,15.1394,76.9214,2026-09-15 16:18:45.435915+00:00,2026-09-15 16:18:45.435915+00:00,Analytical alert — authorized human review required. Does not establish criminal activity.,True
ALT-000038,WITHDRAWAL_HOTSPOT,HIGH,NEW,,HS-28,40.0,0.3975,18.0,Historical Cashout Pattern,2026-01-12 02:49:15,2026-08-15 22:44:22,Analytical cluster HS-28 contains 18 correlated cashout withdrawal events. Authorized review recommended for preventive intelligence.,True,v1.0.0-xgb-dbscan,12.9165,79.1325,2026-09-15 16:18:45.436441+00:00,2026-09-15 16:18:45.436441+00:00,Analytical alert — authorized human review required. Does not establish criminal activity.,True
ALT-000039,WITHDRAWAL_HOTSPOT,HIGH,NEW,,HS-29,12.0,0.12,16.0,Historical Cashout Pattern,2026-01-13 01:15:16,2026-08-09 14:39:58,Analytical cluster HS-29 contains 16 correlated cashout withdrawal events. Authorized review recommended for preventive intelligence.,True,v1.0.0-xgb-dbscan,12.9141,74.856,2026-09-15 16:18:45.436441+00:00,2026-09-15 16:18:45.436441+00:00,Analytical alert — authorized human review required. Does not establish criminal activity.,True
ALT-000040,WITHDRAWAL_HOTSPOT,HIGH,NEW,,HS-30,28.0,0.278,31.0,Historical Cashout Pattern,2026-01-13 07:58:50,2026-08-18 09:40:15,Analytical cluster HS-30 contains 31 correlated cashout withdrawal events. Authorized review recommended for preventive intelligence.,True,v1.0.0-xgb-dbscan,16.9891,81.784,2026-09-15 16:18:45.436441+00:00,2026-09-15 16:18:45.436441+00:00,Analytical alert — authorized human review required. Does not establish criminal activity.,True
ALT-000041,WITHDRAWAL_HOTSPOT,HIGH,NEW,,HS-31,36.0,0.365,26.0,Historical Cashout Pattern,2026-01-13 11:22:26,2026-08-29 21:16:57,Analytical cluster HS-31 contains 26 correlated cashout withdrawal events. Authorized review recommended for preventive intelligence.,True,v1.0.0-xgb-dbscan,12.9716,77.5946,2026-09-15 16:18:45.436441+00:00,2026-09-15 16:18:45.436441+00:00,Analytical alert — authorized human review required. Does not establish criminal activity.,True
ALT-000042,WITHDRAWAL_HOTSPOT,HIGH,NEW,,HS-32,15.0,0.15,20.0,Historical Cashout Pattern,2026-01-13 12:52:28,2026-08-31 20:43:06,Analytical cluster HS-32 contains 20 correlated cashout withdrawal events. Authorized review recommended for preventive intelligence.,True,v1.0.0-xgb-dbscan,11.051,76.0711,2026-09-15 16:18:45.436973+00:00,2026-09-15 16:18:45.436973+00:00,Analytical alert — authorized human review required. Does not establish criminal activity.,True
ALT-000043,WITHDRAWAL_HOTSPOT,HIGH,NEW,,HS-33,44.0,0.44,22.0,Historical Cashout Pattern,2026-01-14 02:06:10,2026-08-16 06:40:51,Analytical cluster HS-33 contains 22 correlated cashout withdrawal events. Authorized review recommended for preventive intelligence.,True,v1.0.0-xgb-dbscan,14.6819,77.6006,2026-09-15 16:18:45.436973+00:00,2026-09-15 16:18:45.436973+00:00,Analytical alert — authorized human review required. Does not establish criminal activity.,True
ALT-000044,WITHDRAWAL_HOTSPOT,HIGH,NEW,,HS-34,20.0,0.2033,15.0,Historical Cashout Pattern,2026-01-19 08:15:25,2026-08-26 20:13:54,Analytical cluster HS-34 contains 15 correlated cashout withdrawal events. Authorized review recommended for preventive intelligence.,True,v1.0.0-xgb-dbscan,8.8932,76.6141,2026-09-15 16:18:45.436973+00:00,2026-09-15 16:18:45.436973+00:00,Analytical alert — authorized human review required. Does not establish criminal activity.,True
ALT-000045,WITHDRAWAL_HOTSPOT,HIGH,NEW,,HS-35,23.0,0.2343,23.0,Historical Cashout Pattern,2026-01-21 03:11:39,2026-08-30 06:27:55,Analytical cluster HS-35 contains 23 correlated cashout withdrawal events. Authorized review recommended for preventive intelligence.,True,v1.0.0-xgb-dbscan,13.0827,80.2707,2026-09-15 16:18:45.436973+00:00,2026-09-15 16:18:45.436973+00:00,Analytical alert — authorized human review required. Does not establish criminal activity.,True
ALT-000046,WITHDRAWAL_HOTSPOT,HIGH,NEW,,HS-36,29.0,0.2925,24.0,Historical Cashout Pattern,2026-01-22 11:29:21,2026-08-30 19:17:07,Analytical cluster HS-36 contains 24 correlated cashout withdrawal events. Authorized review recommended for preventive intelligence.,True,v1.0.0-xgb-dbscan,15.8497,74.4977,2026-09-15 16:18:45.437500+00:00,2026-09-15 16:18:45.437500+00:00,Analytical alert — authorized human review required. Does not establish criminal activity.,True
ALT-000047,WITHDRAWAL_HOTSPOT,HIGH,NEW,,HS-37,33.0,0.3271,37.0,Historical Cashout Pattern,2026-01-23 12:52:23,2026-08-29 23:00:49,Analytical cluster HS-37 contains 37 correlated cashout withdrawal events. Authorized review recommended for preventive intelligence.,True,v1.0.0-xgb-dbscan,17.3297,76.8343,2026-09-15 16:18:45.437500+00:00,2026-09-15 16:18:45.437500+00:00,Analytical alert — authorized human review required. Does not establish criminal activity.,True
ALT-000048,WITHDRAWAL_HOTSPOT,HIGH,NEW,,HS-38,33.0,0.33,20.0,Historical Cashout Pattern,2026-02-21 14:03:57,2026-08-27 07:47:27,Analytical cluster HS-38 contains 20 correlated cashout withdrawal events. Authorized review recommended for preventive intelligence.,True,v1.0.0-xgb-dbscan,17.6868,83.2185,2026-09-15 16:18:45.437500+00:00,2026-09-15 16:18:45.437500+00:00,Analytical alert — authorized human review required. Does not establish criminal activity.,True
ALT-000049,WITHDRAWAL_HOTSPOT,HIGH,NEW,,HS-39,37.0,0.3717,21.0,Historical Cashout Pattern,2026-03-11 08:09:02,2026-08-14 07:57:36,Analytical cluster HS-39 contains 21 correlated cashout withdrawal events. Authorized review recommended for preventive intelligence.,True,v1.0.0-xgb-dbscan,16.5062,80.648,2026-09-15 16:18:45.438028+00:00,2026-09-15 16:18:45.438028+00:00,Analytical alert — authorized human review required. Does not establish criminal activity.,True
ALT-000050,CRITICAL_RISK_LOCATION,CRITICAL,NEW,SYNTH_DEMO_CRIT_001,,91.0,0.91,1.0,INVESTMENT_SCAM,2026-09-15 16:18:45,2026-09-15 16:18:45,CRITICAL predictive withdrawal probability (91%) detected in Bengaluru Central. Prioritize authorized human analytical review.,True,v1.0.0-xgb-calibrated,12.9716,77.5946,2026-09-15 16:18:45.438028+00:00,2026-09-15 16:18:45.438028+00:00,Analytical alert — authorized human review required. Does not establish criminal activity.,True
ALT-000051,HOTSPOT_CRITICAL_RISK,CRITICAL,NEW,,HS-99,88.0,0.885,48.0,Clustered Incidents,2026-08-01 00:00:00,2026-08-31 23:59:59,"Analytical spatial cluster HS-99 exhibits critical aggregate predictive withdrawal risk (avg score 88.5, 48 events). Authorized human review required.",True,v1.0.0-xgb-dbscan,13.0358,77.597,2026-09-15 16:18:45.438028+00:00,2026-09-15 16:18:45.438028+00:00,Analytical alert — authorized human review required. Does not establish criminal activity.,True
ALT-TEST-9999,CRITICAL_RISK_LOCATION,CRITICAL,NEW,CASE-SEED-01,,92.0,0.92,,,,,Test analytical alert for unit verification.,True,,,,2026-09-19 16:19:22.823272+00:00,2026-09-19 16:19:22.823272+00:00,Analytical alert — authorized human review required. Does not establish criminal activity.,
ALT-TEST-INVALID,HIGH_RISK_LOCATION,HIGH,NEW,,,70.0,,,,,,Testing transition error,True,,,,2026-09-19 16:19:22.786614+00:00,2026-09-19 16:19:22.786614+00:00,Analytical alert — authorized human review required. Does not establish criminal activity.,
ALT-CRIT-AUTORES,CRITICAL_RISK_LOCATION,CRITICAL,IN_REVIEW,,,95.0,,,,,,Critical testing auto-resolve protection,True,,,,2026-09-19 16:19:22.789611+00:00,2026-09-19 16:19:22.789611+00:00,Analytical alert — authorized human review required. Does not establish criminal activity.,
ALT-000055,HIGH_RISK_LOCATION,HIGH,NEW,CASE005474,,61.0,0.6111,1.0,CREDENTIAL_THEFT,2026-08-07 19:31:13,2026-08-07 19:31:13,HIGH predictive withdrawal probability (61%) detected in Tiruchirappalli. Prioritize authorized human analytical review.,True,v1.0.0-xgb-calibrated,10.79,78.7,2026-09-17 12:32:58.456615+00:00,2026-09-17 12:32:58.456615+00:00,Analytical alert — authorized human review required. Does not establish criminal activity.,
ALT-000056,HIGH_RISK_LOCATION,HIGH,NEW,CASE007772,,63.0,0.6319,1.0,PAYMENT_FRAUD,2026-08-09 06:36:11,2026-08-09 06:36:11,HIGH predictive withdrawal probability (63%) detected in Tiruchirappalli. Prioritize authorized human analytical review.,True,v1.0.0-xgb-calibrated,10.79,78.7,2026-09-17 12:32:58.458826+00:00,2026-09-17 12:32:58.458826+00:00,Analytical alert — authorized human review required. Does not establish criminal activity.,
ALT-000057,HIGH_RISK_LOCATION,HIGH,NEW,CASE000291,,60.0,0.598,1.0,SOCIAL_ENGINEERING,2026-08-12 09:43:38,2026-08-12 09:43:38,HIGH predictive withdrawal probability (60%) detected in Nellore. Prioritize authorized human analytical review.,True,v1.0.0-xgb-calibrated,14.44,79.99,2026-09-17 12:32:58.459836+00:00,2026-09-17 12:32:58.459836+00:00,Analytical alert — authorized human review required. Does not establish criminal activity.,
ALT-000058,HIGH_RISK_LOCATION,HIGH,NEW,CASE005308,,61.0,0.6126,1.0,PAYMENT_FRAUD,2026-08-14 10:14:57,2026-08-14 10:14:57,HIGH predictive withdrawal probability (61%) detected in Visakhapatnam. Prioritize authorized human analytical review.,True,v1.0.0-xgb-calibrated,17.69,83.22,2026-09-17 12:32:58.460838+00:00,2026-09-17 12:32:58.460838+00:00,Analytical alert — authorized human review required. Does not establish criminal activity.,
ALT-000059,HIGH_RISK_LOCATION,HIGH,NEW,CASE005914,,60.0,0.5983,1.0,PAYMENT_FRAUD,2026-08-24 01:55:21,2026-08-24 01:55:21,HIGH predictive withdrawal probability (60%) detected in Kakinada. Prioritize authorized human analytical review.,True,v1.0.0-xgb-calibrated,16.99,82.25,2026-09-17 12:32:58.461835+00:00,2026-09-17 12:32:58.461835+00:00,Analytical alert — authorized human review required. Does not establish criminal activity.,
ALT-000060,HOTSPOT_ELEVATED_RISK,HIGH,NEW,,HS-24,37.0,0.3716,290.0,Clustered Incidents,2026-01-01 17:11:34,2026-08-31 23:55:41,"Analytical spatial cluster HS-24 exhibits high aggregate predictive withdrawal risk (avg score 37.2, 290 events). Authorized human review required.",True,v1.0.0-xgb-dbscan,16.9891,82.2475,2026-09-17 12:32:58.462834+00:00,2026-09-17 12:32:58.462834+00:00,Analytical alert — authorized human review required. Does not establish criminal activity.,
ALT-000061,HOTSPOT_ELEVATED_RISK,HIGH,NEW,,HS-38,38.0,0.3809,251.0,Clustered Incidents,2026-01-03 07:20:42,2026-08-30 19:54:04,"Analytical spatial cluster HS-38 exhibits high aggregate predictive withdrawal risk (avg score 38.1, 251 events). Authorized human review required.",True,v1.0.0-xgb-dbscan,14.4426,79.9865,2026-09-17 12:32:58.463836+00:00,2026-09-17 12:32:58.463836+00:00,Analytical alert — authorized human review required. Does not establish criminal activity.,
ALT-000062,HOTSPOT_ELEVATED_RISK,HIGH,NEW,,HS-22,36.0,0.356,226.0,Clustered Incidents,2026-01-01 16:15:38,2026-08-31 11:37:39,"Analytical spatial cluster HS-22 exhibits high aggregate predictive withdrawal risk (avg score 35.6, 226 events). Authorized human review required.",True,v1.0.0-xgb-dbscan,17.6868,83.2185,2026-09-17 12:32:58.464839+00:00,2026-09-17 12:32:58.464839+00:00,Analytical alert — authorized human review required. Does not establish criminal activity.,
ALT-000063,HOTSPOT_ELEVATED_RISK,HIGH,NEW,,HS-18,41.0,0.4111,224.0,Clustered Incidents,2026-01-01 12:03:45,2026-08-31 19:14:26,"Analytical spatial cluster HS-18 exhibits high aggregate predictive withdrawal risk (avg score 41.1, 224 events). Authorized human review required.",True,v1.0.0-xgb-dbscan,10.7905,78.7047,2026-09-17 12:32:58.465834+00:00,2026-09-17 12:32:58.465834+00:00,Analytical alert — authorized human review required. Does not establish criminal activity.,
ALT-000064,WITHDRAWAL_HOTSPOT,HIGH,NEW,,HS-0,31.0,0.31,30.0,Historical Cashout Pattern,2026-01-01 03:51:33,2026-08-17 13:28:08,Analytical cluster HS-0 contains 30 correlated cashout withdrawal events. Authorized review recommended for preventive intelligence.,True,v1.0.0-xgb-dbscan,9.5916,76.5222,2026-09-17 12:32:58.466840+00:00,2026-09-17 12:32:58.466840+00:00,Analytical alert — authorized human review required. Does not establish criminal activity.,
ALT-000065,WITHDRAWAL_HOTSPOT,HIGH,NEW,,HS-1,31.0,0.314,33.0,Historical Cashout Pattern,2026-01-01 08:02:39,2026-08-28 04:12:02,Analytical cluster HS-1 contains 33 correlated cashout withdrawal events. Authorized review recommended for preventive intelligence.,True,v1.0.0-xgb-dbscan,10.787,79.1378,2026-09-17 12:32:58.467835+00:00,2026-09-17 12:32:58.467835+00:00,Analytical alert — authorized human review required. Does not establish criminal activity.,
ALT-000066,WITHDRAWAL_HOTSPOT,HIGH,NEW,,HS-2,32.0,0.32,30.0,Historical Cashout Pattern,2026-01-01 08:26:57,2026-08-25 06:37:29,Analytical cluster HS-2 contains 30 correlated cashout withdrawal events. Authorized review recommended for preventive intelligence.,True,v1.0.0-xgb-dbscan,10.5276,76.2144,2026-09-17 12:32:58.467835+00:00,2026-09-17 12:32:58.467835+00:00,Analytical alert — authorized human review required. Does not establish criminal activity.,
ALT-000067,WITHDRAWAL_HOTSPOT,HIGH,NEW,,HS-3,34.0,0.34,24.0,Historical Cashout Pattern,2026-01-01 19:10:46,2026-08-25 22:40:14,Analytical cluster HS-3 contains 24 correlated cashout withdrawal events. Authorized review recommended for preventive intelligence.,True,v1.0.0-xgb-dbscan,9.9816,76.2999,2026-09-17 12:32:58.468844+00:00,2026-09-17 12:32:58.468844+00:00,Analytical alert — authorized human review required. Does not establish criminal activity.,
ALT-000068,WITHDRAWAL_HOTSPOT,HIGH,NEW,,HS-4,38.0,0.375,27.0,Historical Cashout Pattern,2026-01-01 20:07:06,2026-07-29 15:33:21,Analytical cluster HS-4 contains 27 correlated cashout withdrawal events. Authorized review recommended for preventive intelligence.,True,v1.0.0-xgb-dbscan,9.9252,78.1198,2026-09-17 12:32:58.469840+00:00,2026-09-17 12:32:58.469840+00:00,Analytical alert — authorized human review required. Does not establish criminal activity.,
ALT-000069,WITHDRAWAL_HOTSPOT,HIGH,NEW,,HS-5,65.0,0.65,28.0,Historical Cashout Pattern,2026-01-02 03:37:10,2026-07-27 07:56:17,Analytical cluster HS-5 contains 28 correlated cashout withdrawal events. Authorized review recommended for preventive intelligence.,True,v1.0.0-xgb-dbscan,11.8745,75.3704,2026-09-17 12:32:58.471843+00:00,2026-09-17 12:32:58.471843+00:00,Analytical alert — authorized human review required. Does not establish criminal activity.,
ALT-000070,WITHDRAWAL_HOTSPOT,HIGH,NEW,,HS-6,30.0,0.2957,22.0,Historical Cashout Pattern,2026-01-02 09:58:20,2026-08-24 08:56:40,Analytical cluster HS-6 contains 22 correlated cashout withdrawal events. Authorized review recommended for preventive intelligence.,True,v1.0.0-xgb-dbscan,11.2588,75.7804,2026-09-17 12:32:58.471843+00:00,2026-09-17 12:32:58.471843+00:00,Analytical alert — authorized human review required. Does not establish criminal activity.,
ALT-000071,WITHDRAWAL_HOTSPOT,HIGH,NEW,,HS-7,34.0,0.34,32.0,Historical Cashout Pattern,2026-01-03 00:12:57,2026-08-19 12:11:36,Analytical cluster HS-7 contains 32 correlated cashout withdrawal events. Authorized review recommended for preventive intelligence.,True,v1.0.0-xgb-dbscan,11.341,77.7172,2026-09-17 12:32:58.473601+00:00,2026-09-17 12:32:58.473601+00:00,Analytical alert — authorized human review required. Does not establish criminal activity.,
ALT-000072,WITHDRAWAL_HOTSPOT,HIGH,NEW,,HS-8,42.0,0.415,30.0,Historical Cashout Pattern,2026-01-03 07:20:42,2026-08-13 21:17:15,Analytical cluster HS-8 contains 30 correlated cashout withdrawal events. Authorized review recommended for preventive intelligence.,True,v1.0.0-xgb-dbscan,14.4426,79.9865,2026-09-17 12:32:58.474610+00:00,2026-09-17 12:32:58.474610+00:00,Analytical alert — authorized human review required. Does not establish criminal activity.,
ALT-000073,WITHDRAWAL_HOTSPOT,HIGH,NEW,,HS-9,52.0,0.516,29.0,Historical Cashout Pattern,2026-01-03 12:45:03,2026-08-28 11:23:54,Analytical cluster HS-9 contains 29 correlated cashout withdrawal events. Authorized review recommended for preventive intelligence.,True,v1.0.0-xgb-dbscan,10.7905,78.7047,2026-09-17 12:32:58.474610+00:00,2026-09-17 12:32:58.474610+00:00,Analytical alert — authorized human review required. Does not establish criminal activity.,
ALT-000074,WITHDRAWAL_HOTSPOT,HIGH,NEW,,HS-10,39.0,0.3883,38.0,Historical Cashout Pattern,2026-01-04 00:29:00,2026-08-23 21:02:41,Analytical cluster HS-10 contains 38 correlated cashout withdrawal events. Authorized review recommended for preventive intelligence.,True,v1.0.0-xgb-dbscan,16.9891,82.2475,2026-09-17 12:32:58.475629+00:00,2026-09-17 12:32:58.475629+00:00,Analytical alert — authorized human review required. Does not establish criminal activity.,
ALT-000075,WITHDRAWAL_HOTSPOT,HIGH,NEW,,HS-11,35.0,0.346,30.0,Historical Cashout Pattern,2026-01-04 04:37:33,2026-08-30 00:42:53,Analytical cluster HS-11 contains 30 correlated cashout withdrawal events. Authorized review recommended for preventive intelligence.,True,v1.0.0-xgb-dbscan,13.9299,75.5681,2026-09-17 12:32:58.476612+00:00,2026-09-17 12:32:58.476612+00:00,Analytical alert — authorized human review required. Does not establish criminal activity.,
ALT-000076,WITHDRAWAL_HOTSPOT,HIGH,NEW,,HS-12,27.0,0.2725,28.0,Historical Cashout Pattern,2026-01-04 10:11:26,2026-08-21 15:47:40,Analytical cluster HS-12 contains 28 correlated cashout withdrawal events. Authorized review recommended for preventive intelligence.,True,v1.0.0-xgb-dbscan,13.3409,74.7421,2026-09-17 12:32:58.476612+00:00,2026-09-17 12:32:58.476612+00:00,Analytical alert — authorized human review required. Does not establish criminal activity.,
ALT-000077,WITHDRAWAL_HOTSPOT,HIGH,NEW,,HS-13,23.0,0.23,21.0,Historical Cashout Pattern,2026-01-04 16:38:30,2026-08-21 05:55:14,Analytical cluster HS-13 contains 21 correlated cashout withdrawal events. Authorized review recommended for preventive intelligence.,True,v1.0.0-xgb-dbscan,12.2958,76.6394,2026-09-17 12:32:58.477962+00:00,2026-09-17 12:32:58.477962+00:00,Analytical alert — authorized human review required. Does not establish criminal activity.,
ALT-000078,WITHDRAWAL_HOTSPOT,HIGH,NEW,,HS-14,28.0,0.285,28.0,Historical Cashout Pattern,2026-01-05 00:25:49,2026-08-25 23:39:18,Analytical cluster HS-14 contains 28 correlated cashout withdrawal events. Authorized review recommended for preventive intelligence.,True,v1.0.0-xgb-dbscan,13.3392,77.101,2026-09-17 12:32:58.479256+00:00,2026-09-17 12:32:58.479256+00:00,Analytical alert — authorized human review required. Does not establish criminal activity.,
ALT-000079,WITHDRAWAL_HOTSPOT,HIGH,NEW,,HS-15,37.0,0.3725,25.0,Historical Cashout Pattern,2026-01-05 15:24:51,2026-08-29 01:29:14,Analytical cluster HS-15 contains 25 correlated cashout withdrawal events. Authorized review recommended for preventive intelligence.,True,v1.0.0-xgb-dbscan,11.0168,76.9558,2026-09-17 12:32:58.479256+00:00,2026-09-17 12:32:58.479256+00:00,Analytical alert — authorized human review required. Does not establish criminal activity.,
ALT-000080,WITHDRAWAL_HOTSPOT,HIGH,NEW,,HS-16,36.0,0.365,23.0,Historical Cashout Pattern,2026-01-05 15:53:22,2026-08-25 02:30:59,Analytical cluster HS-16 contains 23 correlated cashout withdrawal events. Authorized review recommended for preventive intelligence.,True,v1.0.0-xgb-dbscan,15.3647,75.124,2026-09-17 12:32:58.480270+00:00,2026-09-17 12:32:58.480270+00:00,Analytical alert — authorized human review required. Does not establish criminal activity.,
ALT-000081,WITHDRAWAL_HOTSPOT,HIGH,NEW,,HS-17,39.0,0.39,24.0,Historical Cashout Pattern,2026-01-06 01:36:16,2026-08-19 21:40:37,Analytical cluster HS-17 contains 24 correlated cashout withdrawal events. Authorized review recommended for preventive intelligence.,True,v1.0.0-xgb-dbscan,10.3673,77.9803,2026-09-17 12:32:58.481263+00:00,2026-09-17 12:32:58.481263+00:00,Analytical alert — authorized human review required. Does not establish criminal activity.,
ALT-000082,WITHDRAWAL_HOTSPOT,HIGH,NEW,,HS-18,40.0,0.3967,27.0,Historical Cashout Pattern,2026-01-06 15:36:07,2026-08-19 08:46:04,Analytical cluster HS-18 contains 27 correlated cashout withdrawal events. Authorized review recommended for preventive intelligence.,True,v1.0.0-xgb-dbscan,13.6288,79.4192,2026-09-17 12:32:58.481263+00:00,2026-09-17 12:32:58.481263+00:00,Analytical alert — authorized human review required. Does not establish criminal activity.,
ALT-000083,WITHDRAWAL_HOTSPOT,HIGH,NEW,,HS-19,34.0,0.335,27.0,Historical Cashout Pattern,2026-01-07 00:32:35,2026-08-26 23:29:11,Analytical cluster HS-19 contains 27 correlated cashout withdrawal events. Authorized review recommended for preventive intelligence.,True,v1.0.0-xgb-dbscan,8.5241,76.9366,2026-09-17 12:32:58.482770+00:00,2026-09-17 12:32:58.482770+00:00,Analytical alert — authorized human review required. Does not establish criminal activity.,
ALT-000084,WITHDRAWAL_HOTSPOT,HIGH,NEW,,HS-20,33.0,0.3333,36.0,Historical Cashout Pattern,2026-01-07 01:29:14,2026-08-15 04:20:28,Analytical cluster HS-20 contains 36 correlated cashout withdrawal events. Authorized review recommended for preventive intelligence.,True,v1.0.0-xgb-dbscan,16.3067,80.4365,2026-09-17 12:32:58.482770+00:00,2026-09-17 12:32:58.482770+00:00,Analytical alert — authorized human review required. Does not establish criminal activity.,
ALT-000085,WITHDRAWAL_HOTSPOT,HIGH,NEW,,HS-21,36.0,0.36,22.0,Historical Cashout Pattern,2026-01-07 12:05:39,2026-08-05 09:32:29,Analytical cluster HS-21 contains 22 correlated cashout withdrawal events. Authorized review recommended for preventive intelligence.,True,v1.0.0-xgb-dbscan,11.6643,78.146,2026-09-17 12:32:58.484998+00:00,2026-09-17 12:32:58.484998+00:00,Analytical alert — authorized human review required. Does not establish criminal activity.,
ALT-000086,WITHDRAWAL_HOTSPOT,HIGH,NEW,,HS-22,26.0,0.255,22.0,Historical Cashout Pattern,2026-01-07 21:00:12,2026-08-29 05:37:16,Analytical cluster HS-22 contains 22 correlated cashout withdrawal events. Authorized review recommended for preventive intelligence.,True,v1.0.0-xgb-dbscan,10.7867,76.6548,2026-09-17 12:32:58.486000+00:00,2026-09-17 12:32:58.486000+00:00,Analytical alert — authorized human review required. Does not establish criminal activity.,
ALT-000087,WITHDRAWAL_HOTSPOT,HIGH,NEW,,HS-23,34.0,0.345,21.0,Historical Cashout Pattern,2026-01-08 03:30:25,2026-08-29 16:43:14,Analytical cluster HS-23 contains 21 correlated cashout withdrawal events. Authorized review recommended for preventive intelligence.,True,v1.0.0-xgb-dbscan,9.4981,76.3388,2026-09-17 12:32:58.486000+00:00,2026-09-17 12:32:58.486000+00:00,Analytical alert — authorized human review required. Does not establish criminal activity.,
ALT-000088,WITHDRAWAL_HOTSPOT,HIGH,NEW,,HS-24,30.0,0.3,30.0,Historical Cashout Pattern,2026-01-09 00:37:00,2026-08-30 21:20:57,Analytical cluster HS-24 contains 30 correlated cashout withdrawal events. Authorized review recommended for preventive intelligence.,True,v1.0.0-xgb-dbscan,14.4674,78.8241,2026-09-17 12:32:58.487003+00:00,2026-09-17 12:32:58.487003+00:00,Analytical alert — authorized human review required. Does not establish criminal activity.,
ALT-000089,WITHDRAWAL_HOTSPOT,HIGH,NEW,,HS-25,37.0,0.374,30.0,Historical Cashout Pattern,2026-01-09 08:40:27,2026-08-21 23:47:48,Analytical cluster HS-25 contains 30 correlated cashout withdrawal events. Authorized review recommended for preventive intelligence.,True,v1.0.0-xgb-dbscan,15.8281,78.0373,2026-09-17 12:32:58.488001+00:00,2026-09-17 12:32:58.488001+00:00,Analytical alert — authorized human review required. Does not establish criminal activity.,
ALT-000090,WITHDRAWAL_HOTSPOT,HIGH,NEW,,HS-26,32.0,0.3233,19.0,Historical Cashout Pattern,2026-01-09 15:08:38,2026-08-28 06:22:09,Analytical cluster HS-26 contains 19 correlated cashout withdrawal events. Authorized review recommended for preventive intelligence.,True,v1.0.0-xgb-dbscan,8.7139,77.7567,2026-09-17 12:32:58.488001+00:00,2026-09-17 12:32:58.488001+00:00,Analytical alert — authorized human review required. Does not establish criminal activity.,
ALT-000091,WITHDRAWAL_HOTSPOT,HIGH,NEW,,HS-27,30.0,0.3,18.0,Historical Cashout Pattern,2026-01-10 13:24:34,2026-08-27 03:57:58,Analytical cluster HS-27 contains 18 correlated cashout withdrawal events. Authorized review recommended for preventive intelligence.,True,v1.0.0-xgb-dbscan,15.1394,76.9214,2026-09-17 12:32:58.489001+00:00,2026-09-17 12:32:58.489001+00:00,Analytical alert — authorized human review required. Does not establish criminal activity.,
ALT-000092,WITHDRAWAL_HOTSPOT,HIGH,NEW,,HS-28,40.0,0.3975,18.0,Historical Cashout Pattern,2026-01-12 02:49:15,2026-08-15 22:44:22,Analytical cluster HS-28 contains 18 correlated cashout withdrawal events. Authorized review recommended for preventive intelligence.,True,v1.0.0-xgb-dbscan,12.9165,79.1325,2026-09-17 12:32:58.490001+00:00,2026-09-17 12:32:58.490001+00:00,Analytical alert — authorized human review required. Does not establish criminal activity.,
ALT-000093,WITHDRAWAL_HOTSPOT,HIGH,NEW,,HS-29,12.0,0.12,16.0,Historical Cashout Pattern,2026-01-13 01:15:16,2026-08-09 14:39:58,Analytical cluster HS-29 contains 16 correlated cashout withdrawal events. Authorized review recommended for preventive intelligence.,True,v1.0.0-xgb-dbscan,12.9141,74.856,2026-09-17 12:32:58.491000+00:00,2026-09-17 12:32:58.491000+00:00,Analytical alert — authorized human review required. Does not establish criminal activity.,
ALT-000094,WITHDRAWAL_HOTSPOT,HIGH,NEW,,HS-30,28.0,0.278,31.0,Historical Cashout Pattern,2026-01-13 07:58:50,2026-08-18 09:40:15,Analytical cluster HS-30 contains 31 correlated cashout withdrawal events. Authorized review recommended for preventive intelligence.,True,v1.0.0-xgb-dbscan,16.9891,81.784,2026-09-17 12:32:58.491999+00:00,2026-09-17 12:32:58.491999+00:00,Analytical alert — authorized human review required. Does not establish criminal activity.,
ALT-000095,WITHDRAWAL_HOTSPOT,HIGH,NEW,,HS-31,36.0,0.365,26.0,Historical Cashout Pattern,2026-01-13 11:22:26,2026-08-29 21:16:57,Analytical cluster HS-31 contains 26 correlated cashout withdrawal events. Authorized review recommended for preventive intelligence.,True,v1.0.0-xgb-dbscan,12.9716,77.5946,2026-09-17 12:32:58.492999+00:00,2026-09-17 12:32:58.492999+00:00,Analytical alert — authorized human review required. Does not establish criminal activity.,
ALT-000096,WITHDRAWAL_HOTSPOT,HIGH,NEW,,HS-32,15.0,0.15,20.0,Historical Cashout Pattern,2026-01-13 12:52:28,2026-08-31 20:43:06,Analytical cluster HS-32 contains 20 correlated cashout withdrawal events. Authorized review recommended for preventive intelligence.,True,v1.0.0-xgb-dbscan,11.051,76.0711,2026-09-17 12:32:58.494999+00:00,2026-09-17 12:32:58.494999+00:00,Analytical alert — authorized human review required. Does not establish criminal activity.,
ALT-000097,WITHDRAWAL_HOTSPOT,HIGH,NEW,,HS-33,44.0,0.44,22.0,Historical Cashout Pattern,2026-01-14 02:06:10,2026-08-16 06:40:51,Analytical cluster HS-33 contains 22 correlated cashout withdrawal events. Authorized review recommended for preventive intelligence.,True,v1.0.0-xgb-dbscan,14.6819,77.6006,2026-09-17 12:32:58.495999+00:00,2026-09-17 12:32:58.495999+00:00,Analytical alert — authorized human review required. Does not establish criminal activity.,
ALT-000098,WITHDRAWAL_HOTSPOT,HIGH,NEW,,HS-34,20.0,0.2033,15.0,Historical Cashout Pattern,2026-01-19 08:15:25,2026-08-26 20:13:54,Analytical cluster HS-34 contains 15 correlated cashout withdrawal events. Authorized review recommended for preventive intelligence.,True,v1.0.0-xgb-dbscan,8.8932,76.6141,2026-09-17 12:32:58.496998+00:00,2026-09-17 12:32:58.496998+00:00,Analytical alert — authorized human review required. Does not establish criminal activity.,
ALT-000099,WITHDRAWAL_HOTSPOT,HIGH,NEW,,HS-35,23.0,0.2343,23.0,Historical Cashout Pattern,2026-01-21 03:11:39,2026-08-30 06:27:55,Analytical cluster HS-35 contains 23 correlated cashout withdrawal events. Authorized review recommended for preventive intelligence.,True,v1.0.0-xgb-dbscan,13.0827,80.2707,2026-09-17 12:32:58.496998+00:00,2026-09-17 12:32:58.496998+00:00,Analytical alert — authorized human review required. Does not establish criminal activity.,
ALT-000100,WITHDRAWAL_HOTSPOT,HIGH,NEW,,HS-36,29.0,0.2925,24.0,Historical Cashout Pattern,2026-01-22 11:29:21,2026-08-30 19:17:07,Analytical cluster HS-36 contains 24 correlated cashout withdrawal events. Authorized review recommended for preventive intelligence.,True,v1.0.0-xgb-dbscan,15.8497,74.4977,2026-09-17 12:32:58.498998+00:00,2026-09-17 12:32:58.498998+00:00,Analytical alert — authorized human review required. Does not establish criminal activity.,
ALT-000101,WITHDRAWAL_HOTSPOT,HIGH,NEW,,HS-37,33.0,0.3271,37.0,Historical Cashout Pattern,2026-01-23 12:52:23,2026-08-29 23:00:49,Analytical cluster HS-37 contains 37 correlated cashout withdrawal events. Authorized review recommended for preventive intelligence.,True,v1.0.0-xgb-dbscan,17.3297,76.8343,2026-09-17 12:32:58.500006+00:00,2026-09-17 12:32:58.500006+00:00,Analytical alert — authorized human review required. Does not establish criminal activity.,
ALT-000102,WITHDRAWAL_HOTSPOT,HIGH,NEW,,HS-38,33.0,0.33,20.0,Historical Cashout Pattern,2026-02-21 14:03:57,2026-08-27 07:47:27,Analytical cluster HS-38 contains 20 correlated cashout withdrawal events. Authorized review recommended for preventive intelligence.,True,v1.0.0-xgb-dbscan,17.6868,83.2185,2026-09-17 12:32:58.500006+00:00,2026-09-17 12:32:58.500006+00:00,Analytical alert — authorized human review required. Does not establish criminal activity.,
ALT-000103,WITHDRAWAL_HOTSPOT,HIGH,NEW,,HS-39,37.0,0.3717,21.0,Historical Cashout Pattern,2026-03-11 08:09:02,2026-08-14 07:57:36,Analytical cluster HS-39 contains 21 correlated cashout withdrawal events. Authorized review recommended for preventive intelligence.,True,v1.0.0-xgb-dbscan,16.5062,80.648,2026-09-17 12:32:58.501001+00:00,2026-09-17 12:32:58.501001+00:00,Analytical alert — authorized human review required. Does not establish criminal activity.,
ALT-000104,CRITICAL_RISK_LOCATION,CRITICAL,NEW,SYNTH_DEMO_CRIT_001,,91.0,0.91,1.0,INVESTMENT_SCAM,2026-09-17 12:32:58,2026-09-17 12:32:58,CRITICAL predictive withdrawal probability (91%) detected in Bengaluru Central. Prioritize authorized human analytical review.,True,v1.0.0-xgb-calibrated,12.9716,77.5946,2026-09-17 12:32:58.502000+00:00,2026-09-17 12:32:58.502000+00:00,Analytical alert — authorized human review required. Does not establish criminal activity.,
ALT-000105,HOTSPOT_CRITICAL_RISK,CRITICAL,ACKNOWLEDGED,,HS-99,88.0,0.885,48.0,Clustered Incidents,2026-08-01 00:00:00,2026-08-31 23:59:59,"Analytical spatial cluster HS-99 exhibits critical aggregate predictive withdrawal risk (avg score 88.5, 48 events). Authorized human review required.",True,v1.0.0-xgb-dbscan,13.0358,77.597,2026-09-17 12:32:58.502998+00:00,2026-09-17T12:33:01.397582+00:00,Analytical alert — authorized human review required. Does not establish criminal activity.,
ALT-000106,HIGH_RISK_LOCATION,HIGH,NEW,CASE005474,,61.0,0.6111,1.0,CREDENTIAL_THEFT,2026-08-07 19:31:13,2026-08-07 19:31:13,HIGH predictive withdrawal probability (61%) detected in Tiruchirappalli. Prioritize authorized human analytical review.,True,v1.0.0-xgb-calibrated,10.79,78.7,2026-09-17 13:22:13.349741+00:00,2026-09-17 13:22:13.349741+00:00,Analytical alert — authorized human review required. Does not establish criminal activity.,
ALT-000107,HIGH_RISK_LOCATION,HIGH,NEW,CASE007772,,63.0,0.6319,1.0,PAYMENT_FRAUD,2026-08-09 06:36:11,2026-08-09 06:36:11,HIGH predictive withdrawal probability (63%) detected in Tiruchirappalli. Prioritize authorized human analytical review.,True,v1.0.0-xgb-calibrated,10.79,78.7,2026-09-17 13:22:13.350731+00:00,2026-09-17 13:22:13.350731+00:00,Analytical alert — authorized human review required. Does not establish criminal activity.,
ALT-000108,HIGH_RISK_LOCATION,HIGH,NEW,CASE000291,,60.0,0.598,1.0,SOCIAL_ENGINEERING,2026-08-12 09:43:38,2026-08-12 09:43:38,HIGH predictive withdrawal probability (60%) detected in Nellore. Prioritize authorized human analytical review.,True,v1.0.0-xgb-calibrated,14.44,79.99,2026-09-17 13:22:13.351725+00:00,2026-09-17 13:22:13.351725+00:00,Analytical alert — authorized human review required. Does not establish criminal activity.,
ALT-000109,HIGH_RISK_LOCATION,HIGH,NEW,CASE005308,,61.0,0.6126,1.0,PAYMENT_FRAUD,2026-08-14 10:14:57,2026-08-14 10:14:57,HIGH predictive withdrawal probability (61%) detected in Visakhapatnam. Prioritize authorized human analytical review.,True,v1.0.0-xgb-calibrated,17.69,83.22,2026-09-17 13:22:13.352724+00:00,2026-09-17 13:22:13.352724+00:00,Analytical alert — authorized human review required. Does not establish criminal activity.,
ALT-000110,HIGH_RISK_LOCATION,HIGH,NEW,CASE005914,,60.0,0.5983,1.0,PAYMENT_FRAUD,2026-08-24 01:55:21,2026-08-24 01:55:21,HIGH predictive withdrawal probability (60%) detected in Kakinada. Prioritize authorized human analytical review.,True,v1.0.0-xgb-calibrated,16.99,82.25,2026-09-17 13:22:13.353722+00:00,2026-09-17 13:22:13.353722+00:00,Analytical alert — authorized human review required. Does not establish criminal activity.,
ALT-000111,HOTSPOT_ELEVATED_RISK,HIGH,NEW,,HS-24,37.0,0.3716,290.0,Clustered Incidents,2026-01-01 17:11:34,2026-08-31 23:55:41,"Analytical spatial cluster HS-24 exhibits high aggregate predictive withdrawal risk (avg score 37.2, 290 events). Authorized human review required.",True,v1.0.0-xgb-dbscan,16.9891,82.2475,2026-09-17 13:22:13.354724+00:00,2026-09-17 13:22:13.354724+00:00,Analytical alert — authorized human review required. Does not establish criminal activity.,
ALT-000112,HOTSPOT_ELEVATED_RISK,HIGH,NEW,,HS-38,38.0,0.3809,251.0,Clustered Incidents,2026-01-03 07:20:42,2026-08-30 19:54:04,"Analytical spatial cluster HS-38 exhibits high aggregate predictive withdrawal risk (avg score 38.1, 251 events). Authorized human review required.",True,v1.0.0-xgb-dbscan,14.4426,79.9865,2026-09-17 13:22:13.355811+00:00,2026-09-17 13:22:13.355811+00:00,Analytical alert — authorized human review required. Does not establish criminal activity.,
ALT-000113,HOTSPOT_ELEVATED_RISK,HIGH,NEW,,HS-22,36.0,0.356,226.0,Clustered Incidents,2026-01-01 16:15:38,2026-08-31 11:37:39,"Analytical spatial cluster HS-22 exhibits high aggregate predictive withdrawal risk (avg score 35.6, 226 events). Authorized human review required.",True,v1.0.0-xgb-dbscan,17.6868,83.2185,2026-09-17 13:22:13.356818+00:00,2026-09-17 13:22:13.356818+00:00,Analytical alert — authorized human review required. Does not establish criminal activity.,
ALT-000114,HOTSPOT_ELEVATED_RISK,HIGH,NEW,,HS-18,41.0,0.4111,224.0,Clustered Incidents,2026-01-01 12:03:45,2026-08-31 19:14:26,"Analytical spatial cluster HS-18 exhibits high aggregate predictive withdrawal risk (avg score 41.1, 224 events). Authorized human review required.",True,v1.0.0-xgb-dbscan,10.7905,78.7047,2026-09-17 13:22:13.357820+00:00,2026-09-17 13:22:13.357820+00:00,Analytical alert — authorized human review required. Does not establish criminal activity.,
ALT-000115,WITHDRAWAL_HOTSPOT,HIGH,NEW,,HS-0,31.0,0.31,30.0,Historical Cashout Pattern,2026-01-01 03:51:33,2026-08-17 13:28:08,Analytical cluster HS-0 contains 30 correlated cashout withdrawal events. Authorized review recommended for preventive intelligence.,True,v1.0.0-xgb-dbscan,9.5916,76.5222,2026-09-17 13:22:13.357820+00:00,2026-09-17 13:22:13.357820+00:00,Analytical alert — authorized human review required. Does not establish criminal activity.,
ALT-000116,WITHDRAWAL_HOTSPOT,HIGH,NEW,,HS-1,31.0,0.314,33.0,Historical Cashout Pattern,2026-01-01 08:02:39,2026-08-28 04:12:02,Analytical cluster HS-1 contains 33 correlated cashout withdrawal events. Authorized review recommended for preventive intelligence.,True,v1.0.0-xgb-dbscan,10.787,79.1378,2026-09-17 13:22:13.359054+00:00,2026-09-17 13:22:13.359054+00:00,Analytical alert — authorized human review required. Does not establish criminal activity.,
ALT-000117,WITHDRAWAL_HOTSPOT,HIGH,NEW,,HS-2,32.0,0.32,30.0,Historical Cashout Pattern,2026-01-01 08:26:57,2026-08-25 06:37:29,Analytical cluster HS-2 contains 30 correlated cashout withdrawal events. Authorized review recommended for preventive intelligence.,True,v1.0.0-xgb-dbscan,10.5276,76.2144,2026-09-17 13:22:13.360061+00:00,2026-09-17 13:22:13.360061+00:00,Analytical alert — authorized human review required. Does not establish criminal activity.,
ALT-000118,WITHDRAWAL_HOTSPOT,HIGH,NEW,,HS-3,34.0,0.34,24.0,Historical Cashout Pattern,2026-01-01 19:10:46,2026-08-25 22:40:14,Analytical cluster HS-3 contains 24 correlated cashout withdrawal events. Authorized review recommended for preventive intelligence.,True,v1.0.0-xgb-dbscan,9.9816,76.2999,2026-09-17 13:22:13.360061+00:00,2026-09-17 13:22:13.360061+00:00,Analytical alert — authorized human review required. Does not establish criminal activity.,
ALT-000119,WITHDRAWAL_HOTSPOT,HIGH,NEW,,HS-4,38.0,0.375,27.0,Historical Cashout Pattern,2026-01-01 20:07:06,2026-07-29 15:33:21,Analytical cluster HS-4 contains 27 correlated cashout withdrawal events. Authorized review recommended for preventive intelligence.,True,v1.0.0-xgb-dbscan,9.9252,78.1198,2026-09-17 13:22:13.361365+00:00,2026-09-17 13:22:13.361365+00:00,Analytical alert — authorized human review required. Does not establish criminal activity.,
ALT-000120,WITHDRAWAL_HOTSPOT,HIGH,NEW,,HS-5,65.0,0.65,28.0,Historical Cashout Pattern,2026-01-02 03:37:10,2026-07-27 07:56:17,Analytical cluster HS-5 contains 28 correlated cashout withdrawal events. Authorized review recommended for preventive intelligence.,True,v1.0.0-xgb-dbscan,11.8745,75.3704,2026-09-17 13:22:13.362373+00:00,2026-09-17 13:22:13.362373+00:00,Analytical alert — authorized human review required. Does not establish criminal activity.,
ALT-000121,WITHDRAWAL_HOTSPOT,HIGH,NEW,,HS-6,30.0,0.2957,22.0,Historical Cashout Pattern,2026-01-02 09:58:20,2026-08-24 08:56:40,Analytical cluster HS-6 contains 22 correlated cashout withdrawal events. Authorized review recommended for preventive intelligence.,True,v1.0.0-xgb-dbscan,11.2588,75.7804,2026-09-17 13:22:13.363375+00:00,2026-09-17 13:22:13.363375+00:00,Analytical alert — authorized human review required. Does not establish criminal activity.,
ALT-000122,WITHDRAWAL_HOTSPOT,HIGH,NEW,,HS-7,34.0,0.34,32.0,Historical Cashout Pattern,2026-01-03 00:12:57,2026-08-19 12:11:36,Analytical cluster HS-7 contains 32 correlated cashout withdrawal events. Authorized review recommended for preventive intelligence.,True,v1.0.0-xgb-dbscan,11.341,77.7172,2026-09-17 13:22:13.364403+00:00,2026-09-17 13:22:13.364403+00:00,Analytical alert — authorized human review required. Does not establish criminal activity.,
ALT-000123,WITHDRAWAL_HOTSPOT,HIGH,NEW,,HS-8,42.0,0.415,30.0,Historical Cashout Pattern,2026-01-03 07:20:42,2026-08-13 21:17:15,Analytical cluster HS-8 contains 30 correlated cashout withdrawal events. Authorized review recommended for preventive intelligence.,True,v1.0.0-xgb-dbscan,14.4426,79.9865,2026-09-17 13:22:13.365410+00:00,2026-09-17 13:22:13.365410+00:00,Analytical alert — authorized human review required. Does not establish criminal activity.,
ALT-000124,WITHDRAWAL_HOTSPOT,HIGH,NEW,,HS-9,52.0,0.516,29.0,Historical Cashout Pattern,2026-01-03 12:45:03,2026-08-28 11:23:54,Analytical cluster HS-9 contains 29 correlated cashout withdrawal events. Authorized review recommended for preventive intelligence.,True,v1.0.0-xgb-dbscan,10.7905,78.7047,2026-09-17 13:22:13.366409+00:00,2026-09-17 13:22:13.366409+00:00,Analytical alert — authorized human review required. Does not establish criminal activity.,
ALT-000125,WITHDRAWAL_HOTSPOT,HIGH,NEW,,HS-10,39.0,0.3883,38.0,Historical Cashout Pattern,2026-01-04 00:29:00,2026-08-23 21:02:41,Analytical cluster HS-10 contains 38 correlated cashout withdrawal events. Authorized review recommended for preventive intelligence.,True,v1.0.0-xgb-dbscan,16.9891,82.2475,2026-09-17 13:22:13.367534+00:00,2026-09-17 13:22:13.367534+00:00,Analytical alert — authorized human review required. Does not establish criminal activity.,
ALT-000126,WITHDRAWAL_HOTSPOT,HIGH,NEW,,HS-11,35.0,0.346,30.0,Historical Cashout Pattern,2026-01-04 04:37:33,2026-08-30 00:42:53,Analytical cluster HS-11 contains 30 correlated cashout withdrawal events. Authorized review recommended for preventive intelligence.,True,v1.0.0-xgb-dbscan,13.9299,75.5681,2026-09-17 13:22:13.368790+00:00,2026-09-17 13:22:13.368790+00:00,Analytical alert — authorized human review required. Does not establish criminal activity.,
ALT-000127,WITHDRAWAL_HOTSPOT,HIGH,NEW,,HS-12,27.0,0.2725,28.0,Historical Cashout Pattern,2026-01-04 10:11:26,2026-08-21 15:47:40,Analytical cluster HS-12 contains 28 correlated cashout withdrawal events. Authorized review recommended for preventive intelligence.,True,v1.0.0-xgb-dbscan,13.3409,74.7421,2026-09-17 13:22:13.369889+00:00,2026-09-17 13:22:13.369889+00:00,Analytical alert — authorized human review required. Does not establish criminal activity.,
ALT-000128,WITHDRAWAL_HOTSPOT,HIGH,NEW,,HS-13,23.0,0.23,21.0,Historical Cashout Pattern,2026-01-04 16:38:30,2026-08-21 05:55:14,Analytical cluster HS-13 contains 21 correlated cashout withdrawal events. Authorized review recommended for preventive intelligence.,True,v1.0.0-xgb-dbscan,12.2958,76.6394,2026-09-17 13:22:13.369889+00:00,2026-09-17 13:22:13.369889+00:00,Analytical alert — authorized human review required. Does not establish criminal activity.,
ALT-000129,WITHDRAWAL_HOTSPOT,HIGH,NEW,,HS-14,28.0,0.285,28.0,Historical Cashout Pattern,2026-01-05 00:25:49,2026-08-25 23:39:18,Analytical cluster HS-14 contains 28 correlated cashout withdrawal events. Authorized review recommended for preventive intelligence.,True,v1.0.0-xgb-dbscan,13.3392,77.101,2026-09-17 13:22:13.371178+00:00,2026-09-17 13:22:13.371178+00:00,Analytical alert — authorized human review required. Does not establish criminal activity.,
ALT-000130,WITHDRAWAL_HOTSPOT,HIGH,NEW,,HS-15,37.0,0.3725,25.0,Historical Cashout Pattern,2026-01-05 15:24:51,2026-08-29 01:29:14,Analytical cluster HS-15 contains 25 correlated cashout withdrawal events. Authorized review recommended for preventive intelligence.,True,v1.0.0-xgb-dbscan,11.0168,76.9558,2026-09-17 13:22:13.372187+00:00,2026-09-17 13:22:13.372187+00:00,Analytical alert — authorized human review required. Does not establish criminal activity.,
ALT-000131,WITHDRAWAL_HOTSPOT,HIGH,NEW,,HS-16,36.0,0.365,23.0,Historical Cashout Pattern,2026-01-05 15:53:22,2026-08-25 02:30:59,Analytical cluster HS-16 contains 23 correlated cashout withdrawal events. Authorized review recommended for preventive intelligence.,True,v1.0.0-xgb-dbscan,15.3647,75.124,2026-09-17 13:22:13.373188+00:00,2026-09-17 13:22:13.373188+00:00,Analytical alert — authorized human review required. Does not establish criminal activity.,
ALT-000132,WITHDRAWAL_HOTSPOT,HIGH,NEW,,HS-17,39.0,0.39,24.0,Historical Cashout Pattern,2026-01-06 01:36:16,2026-08-19 21:40:37,Analytical cluster HS-17 contains 24 correlated cashout withdrawal events. Authorized review recommended for preventive intelligence.,True,v1.0.0-xgb-dbscan,10.3673,77.9803,2026-09-17 13:22:13.373188+00:00,2026-09-17 13:22:13.373188+00:00,Analytical alert — authorized human review required. Does not establish criminal activity.,
ALT-000133,WITHDRAWAL_HOTSPOT,HIGH,NEW,,HS-18,40.0,0.3967,27.0,Historical Cashout Pattern,2026-01-06 15:36:07,2026-08-19 08:46:04,Analytical cluster HS-18 contains 27 correlated cashout withdrawal events. Authorized review recommended for preventive intelligence.,True,v1.0.0-xgb-dbscan,13.6288,79.4192,2026-09-17 13:22:13.374144+00:00,2026-09-17 13:22:13.374144+00:00,Analytical alert — authorized human review required. Does not establish criminal activity.,
ALT-000134,WITHDRAWAL_HOTSPOT,HIGH,NEW,,HS-19,34.0,0.335,27.0,Historical Cashout Pattern,2026-01-07 00:32:35,2026-08-26 23:29:11,Analytical cluster HS-19 contains 27 correlated cashout withdrawal events. Authorized review recommended for preventive intelligence.,True,v1.0.0-xgb-dbscan,8.5241,76.9366,2026-09-17 13:22:13.375694+00:00,2026-09-17 13:22:13.375694+00:00,Analytical alert — authorized human review required. Does not establish criminal activity.,
ALT-000135,WITHDRAWAL_HOTSPOT,HIGH,NEW,,HS-20,33.0,0.3333,36.0,Historical Cashout Pattern,2026-01-07 01:29:14,2026-08-15 04:20:28,Analytical cluster HS-20 contains 36 correlated cashout withdrawal events. Authorized review recommended for preventive intelligence.,True,v1.0.0-xgb-dbscan,16.3067,80.4365,2026-09-17 13:22:13.376699+00:00,2026-09-17 13:22:13.376699+00:00,Analytical alert — authorized human review required. Does not establish criminal activity.,
ALT-000136,WITHDRAWAL_HOTSPOT,HIGH,NEW,,HS-21,36.0,0.36,22.0,Historical Cashout Pattern,2026-01-07 12:05:39,2026-08-05 09:32:29,Analytical cluster HS-21 contains 22 correlated cashout withdrawal events. Authorized review recommended for preventive intelligence.,True,v1.0.0-xgb-dbscan,11.6643,78.146,2026-09-17 13:22:13.377823+00:00,2026-09-17 13:22:13.377823+00:00,Analytical alert — authorized human review required. Does not establish criminal activity.,
ALT-000137,WITHDRAWAL_HOTSPOT,HIGH,NEW,,HS-22,26.0,0.255,22.0,Historical Cashout Pattern,2026-01-07 21:00:12,2026-08-29 05:37:16,Analytical cluster HS-22 contains 22 correlated cashout withdrawal events. Authorized review recommended for preventive intelligence.,True,v1.0.0-xgb-dbscan,10.7867,76.6548,2026-09-17 13:22:13.378427+00:00,2026-09-17 13:22:13.378427+00:00,Analytical alert — authorized human review required. Does not establish criminal activity.,
ALT-000138,WITHDRAWAL_HOTSPOT,HIGH,NEW,,HS-23,34.0,0.345,21.0,Historical Cashout Pattern,2026-01-08 03:30:25,2026-08-29 16:43:14,Analytical cluster HS-23 contains 21 correlated cashout withdrawal events. Authorized review recommended for preventive intelligence.,True,v1.0.0-xgb-dbscan,9.4981,76.3388,2026-09-17 13:22:13.379449+00:00,2026-09-17 13:22:13.379449+00:00,Analytical alert — authorized human review required. Does not establish criminal activity.,
ALT-000139,WITHDRAWAL_HOTSPOT,HIGH,NEW,,HS-24,30.0,0.3,30.0,Historical Cashout Pattern,2026-01-09 00:37:00,2026-08-30 21:20:57,Analytical cluster HS-24 contains 30 correlated cashout withdrawal events. Authorized review recommended for preventive intelligence.,True,v1.0.0-xgb-dbscan,14.4674,78.8241,2026-09-17 13:22:13.379954+00:00,2026-09-17 13:22:13.379954+00:00,Analytical alert — authorized human review required. Does not establish criminal activity.,
ALT-000140,WITHDRAWAL_HOTSPOT,HIGH,NEW,,HS-25,37.0,0.374,30.0,Historical Cashout Pattern,2026-01-09 08:40:27,2026-08-21 23:47:48,Analytical cluster HS-25 contains 30 correlated cashout withdrawal events. Authorized review recommended for preventive intelligence.,True,v1.0.0-xgb-dbscan,15.8281,78.0373,2026-09-17 13:22:13.379954+00:00,2026-09-17 13:22:13.379954+00:00,Analytical alert — authorized human review required. Does not establish criminal activity.,
ALT-000141,WITHDRAWAL_HOTSPOT,HIGH,NEW,,HS-26,32.0,0.3233,19.0,Historical Cashout Pattern,2026-01-09 15:08:38,2026-08-28 06:22:09,Analytical cluster HS-26 contains 19 correlated cashout withdrawal events. Authorized review recommended for preventive intelligence.,True,v1.0.0-xgb-dbscan,8.7139,77.7567,2026-09-17 13:22:13.381240+00:00,2026-09-17 13:22:13.381240+00:00,Analytical alert — authorized human review required. Does not establish criminal activity.,
ALT-000142,WITHDRAWAL_HOTSPOT,HIGH,NEW,,HS-27,30.0,0.3,18.0,Historical Cashout Pattern,2026-01-10 13:24:34,2026-08-27 03:57:58,Analytical cluster HS-27 contains 18 correlated cashout withdrawal events. Authorized review recommended for preventive intelligence.,True,v1.0.0-xgb-dbscan,15.1394,76.9214,2026-09-17 13:22:13.383289+00:00,2026-09-17 13:22:13.383289+00:00,Analytical alert — authorized human review required. Does not establish criminal activity.,
ALT-000143,WITHDRAWAL_HOTSPOT,HIGH,NEW,,HS-28,40.0,0.3975,18.0,Historical Cashout Pattern,2026-01-12 02:49:15,2026-08-15 22:44:22,Analytical cluster HS-28 contains 18 correlated cashout withdrawal events. Authorized review recommended for preventive intelligence.,True,v1.0.0-xgb-dbscan,12.9165,79.1325,2026-09-17 13:22:13.383289+00:00,2026-09-17 13:22:13.383289+00:00,Analytical alert — authorized human review required. Does not establish criminal activity.,
ALT-000144,WITHDRAWAL_HOTSPOT,HIGH,NEW,,HS-29,12.0,0.12,16.0,Historical Cashout Pattern,2026-01-13 01:15:16,2026-08-09 14:39:58,Analytical cluster HS-29 contains 16 correlated cashout withdrawal events. Authorized review recommended for preventive intelligence.,True,v1.0.0-xgb-dbscan,12.9141,74.856,2026-09-17 13:22:13.384289+00:00,2026-09-17 13:22:13.384289+00:00,Analytical alert — authorized human review required. Does not establish criminal activity.,
ALT-000145,WITHDRAWAL_HOTSPOT,HIGH,NEW,,HS-30,28.0,0.278,31.0,Historical Cashout Pattern,2026-01-13 07:58:50,2026-08-18 09:40:15,Analytical cluster HS-30 contains 31 correlated cashout withdrawal events. Authorized review recommended for preventive intelligence.,True,v1.0.0-xgb-dbscan,16.9891,81.784,2026-09-17 13:22:13.386525+00:00,2026-09-17 13:22:13.386525+00:00,Analytical alert — authorized human review required. Does not establish criminal activity.,
ALT-000146,WITHDRAWAL_HOTSPOT,HIGH,NEW,,HS-31,36.0,0.365,26.0,Historical Cashout Pattern,2026-01-13 11:22:26,2026-08-29 21:16:57,Analytical cluster HS-31 contains 26 correlated cashout withdrawal events. Authorized review recommended for preventive intelligence.,True,v1.0.0-xgb-dbscan,12.9716,77.5946,2026-09-17 13:22:13.387525+00:00,2026-09-17 13:22:13.387525+00:00,Analytical alert — authorized human review required. Does not establish criminal activity.,
ALT-000147,WITHDRAWAL_HOTSPOT,HIGH,NEW,,HS-32,15.0,0.15,20.0,Historical Cashout Pattern,2026-01-13 12:52:28,2026-08-31 20:43:06,Analytical cluster HS-32 contains 20 correlated cashout withdrawal events. Authorized review recommended for preventive intelligence.,True,v1.0.0-xgb-dbscan,11.051,76.0711,2026-09-17 13:22:13.388705+00:00,2026-09-17 13:22:13.388705+00:00,Analytical alert — authorized human review required. Does not establish criminal activity.,
ALT-000148,WITHDRAWAL_HOTSPOT,HIGH,NEW,,HS-33,44.0,0.44,22.0,Historical Cashout Pattern,2026-01-14 02:06:10,2026-08-16 06:40:51,Analytical cluster HS-33 contains 22 correlated cashout withdrawal events. Authorized review recommended for preventive intelligence.,True,v1.0.0-xgb-dbscan,14.6819,77.6006,2026-09-17 13:22:13.389757+00:00,2026-09-17 13:22:13.389757+00:00,Analytical alert — authorized human review required. Does not establish criminal activity.,
ALT-000149,WITHDRAWAL_HOTSPOT,HIGH,NEW,,HS-34,20.0,0.2033,15.0,Historical Cashout Pattern,2026-01-19 08:15:25,2026-08-26 20:13:54,Analytical cluster HS-34 contains 15 correlated cashout withdrawal events. Authorized review recommended for preventive intelligence.,True,v1.0.0-xgb-dbscan,8.8932,76.6141,2026-09-17 13:22:13.390764+00:00,2026-09-17 13:22:13.390764+00:00,Analytical alert — authorized human review required. Does not establish criminal activity.,
ALT-000150,WITHDRAWAL_HOTSPOT,HIGH,NEW,,HS-35,23.0,0.2343,23.0,Historical Cashout Pattern,2026-01-21 03:11:39,2026-08-30 06:27:55,Analytical cluster HS-35 contains 23 correlated cashout withdrawal events. Authorized review recommended for preventive intelligence.,True,v1.0.0-xgb-dbscan,13.0827,80.2707,2026-09-17 13:22:13.391910+00:00,2026-09-17 13:22:13.391910+00:00,Analytical alert — authorized human review required. Does not establish criminal activity.,
ALT-000151,WITHDRAWAL_HOTSPOT,HIGH,NEW,,HS-36,29.0,0.2925,24.0,Historical Cashout Pattern,2026-01-22 11:29:21,2026-08-30 19:17:07,Analytical cluster HS-36 contains 24 correlated cashout withdrawal events. Authorized review recommended for preventive intelligence.,True,v1.0.0-xgb-dbscan,15.8497,74.4977,2026-09-17 13:22:13.391910+00:00,2026-09-17 13:22:13.391910+00:00,Analytical alert — authorized human review required. Does not establish criminal activity.,
ALT-000152,WITHDRAWAL_HOTSPOT,HIGH,NEW,,HS-37,33.0,0.3271,37.0,Historical Cashout Pattern,2026-01-23 12:52:23,2026-08-29 23:00:49,Analytical cluster HS-37 contains 37 correlated cashout withdrawal events. Authorized review recommended for preventive intelligence.,True,v1.0.0-xgb-dbscan,17.3297,76.8343,2026-09-17 13:22:13.393017+00:00,2026-09-17 13:22:13.393017+00:00,Analytical alert — authorized human review required. Does not establish criminal activity.,
ALT-000153,WITHDRAWAL_HOTSPOT,HIGH,NEW,,HS-38,33.0,0.33,20.0,Historical Cashout Pattern,2026-02-21 14:03:57,2026-08-27 07:47:27,Analytical cluster HS-38 contains 20 correlated cashout withdrawal events. Authorized review recommended for preventive intelligence.,True,v1.0.0-xgb-dbscan,17.6868,83.2185,2026-09-17 13:22:13.394025+00:00,2026-09-17 13:22:13.394025+00:00,Analytical alert — authorized human review required. Does not establish criminal activity.,
ALT-000154,WITHDRAWAL_HOTSPOT,HIGH,NEW,,HS-39,37.0,0.3717,21.0,Historical Cashout Pattern,2026-03-11 08:09:02,2026-08-14 07:57:36,Analytical cluster HS-39 contains 21 correlated cashout withdrawal events. Authorized review recommended for preventive intelligence.,True,v1.0.0-xgb-dbscan,16.5062,80.648,2026-09-17 13:22:13.394025+00:00,2026-09-17 13:22:13.394025+00:00,Analytical alert — authorized human review required. Does not establish criminal activity.,
ALT-000155,CRITICAL_RISK_LOCATION,CRITICAL,NEW,SYNTH_DEMO_CRIT_001,,91.0,0.91,1.0,INVESTMENT_SCAM,2026-09-17 13:22:13,2026-09-17 13:22:13,CRITICAL predictive withdrawal probability (91%) detected in Bengaluru Central. Prioritize authorized human analytical review.,True,v1.0.0-xgb-calibrated,12.9716,77.5946,2026-09-17 13:22:13.395356+00:00,2026-09-17 13:22:13.395356+00:00,Analytical alert — authorized human review required. Does not establish criminal activity.,
ALT-000156,HOTSPOT_CRITICAL_RISK,CRITICAL,NEW,,HS-99,88.0,0.885,48.0,Clustered Incidents,2026-08-01 00:00:00,2026-08-31 23:59:59,"Analytical spatial cluster HS-99 exhibits critical aggregate predictive withdrawal risk (avg score 88.5, 48 events). Authorized human review required.",True,v1.0.0-xgb-dbscan,13.0358,77.597,2026-09-17 13:22:13.396594+00:00,2026-09-17 13:22:13.396594+00:00,Analytical alert — authorized human review required. Does not establish criminal activity.,
ALT-TEST-PERSIST-01,HIGH_RISK_LOCATION,HIGH,RESOLVED,,,75.0,,,,,,Persistence test alert,1,,,,2026-09-19 16:19:22.823272+00:00,2026-09-19T16:19:22.942445+00:00,,
ALT-000158,HIGH_RISK_LOCATION,HIGH,NEW,CASE005474,,61.0,0.6111,1.0,CREDENTIAL_THEFT,2026-08-07 19:31:13,2026-08-07 19:31:13,HIGH predictive withdrawal probability (61%) detected in Tiruchirappalli. Prioritize authorized human analytical review.,True,v1.0.0-xgb-calibrated,10.79,78.7,2026-09-17 14:19:02.163101+00:00,2026-09-17 14:19:02.163101+00:00,Analytical alert — authorized human review required. Does not establish criminal activity.,
ALT-000159,HIGH_RISK_LOCATION,HIGH,NEW,CASE007772,,63.0,0.6319,1.0,PAYMENT_FRAUD,2026-08-09 06:36:11,2026-08-09 06:36:11,HIGH predictive withdrawal probability (63%) detected in Tiruchirappalli. Prioritize authorized human analytical review.,True,v1.0.0-xgb-calibrated,10.79,78.7,2026-09-17 14:19:02.164129+00:00,2026-09-17 14:19:02.164129+00:00,Analytical alert — authorized human review required. Does not establish criminal activity.,
ALT-000160,HIGH_RISK_LOCATION,HIGH,NEW,CASE000291,,60.0,0.598,1.0,SOCIAL_ENGINEERING,2026-08-12 09:43:38,2026-08-12 09:43:38,HIGH predictive withdrawal probability (60%) detected in Nellore. Prioritize authorized human analytical review.,True,v1.0.0-xgb-calibrated,14.44,79.99,2026-09-17 14:19:02.166286+00:00,2026-09-17 14:19:02.166286+00:00,Analytical alert — authorized human review required. Does not establish criminal activity.,
ALT-000161,HIGH_RISK_LOCATION,HIGH,NEW,CASE005308,,61.0,0.6126,1.0,PAYMENT_FRAUD,2026-08-14 10:14:57,2026-08-14 10:14:57,HIGH predictive withdrawal probability (61%) detected in Visakhapatnam. Prioritize authorized human analytical review.,True,v1.0.0-xgb-calibrated,17.69,83.22,2026-09-17 14:19:02.167749+00:00,2026-09-17 14:19:02.167749+00:00,Analytical alert — authorized human review required. Does not establish criminal activity.,
ALT-000162,HIGH_RISK_LOCATION,HIGH,NEW,CASE005914,,60.0,0.5983,1.0,PAYMENT_FRAUD,2026-08-24 01:55:21,2026-08-24 01:55:21,HIGH predictive withdrawal probability (60%) detected in Kakinada. Prioritize authorized human analytical review.,True,v1.0.0-xgb-calibrated,16.99,82.25,2026-09-17 14:19:02.169200+00:00,2026-09-17 14:19:02.169200+00:00,Analytical alert — authorized human review required. Does not establish criminal activity.,
ALT-000163,HOTSPOT_ELEVATED_RISK,HIGH,NEW,,HS-24,37.0,0.3716,290.0,Clustered Incidents,2026-01-01 17:11:34,2026-08-31 23:55:41,"Analytical spatial cluster HS-24 exhibits high aggregate predictive withdrawal risk (avg score 37.2, 290 events). Authorized human review required.",True,v1.0.0-xgb-dbscan,16.9891,82.2475,2026-09-17 14:19:02.171209+00:00,2026-09-17 14:19:02.171209+00:00,Analytical alert — authorized human review required. Does not establish criminal activity.,
ALT-000164,HOTSPOT_ELEVATED_RISK,HIGH,NEW,,HS-38,38.0,0.3809,251.0,Clustered Incidents,2026-01-03 07:20:42,2026-08-30 19:54:04,"Analytical spatial cluster HS-38 exhibits high aggregate predictive withdrawal risk (avg score 38.1, 251 events). Authorized human review required.",True,v1.0.0-xgb-dbscan,14.4426,79.9865,2026-09-17 14:19:02.172211+00:00,2026-09-17 14:19:02.172211+00:00,Analytical alert — authorized human review required. Does not establish criminal activity.,
ALT-000165,HOTSPOT_ELEVATED_RISK,HIGH,NEW,,HS-22,36.0,0.356,226.0,Clustered Incidents,2026-01-01 16:15:38,2026-08-31 11:37:39,"Analytical spatial cluster HS-22 exhibits high aggregate predictive withdrawal risk (avg score 35.6, 226 events). Authorized human review required.",True,v1.0.0-xgb-dbscan,17.6868,83.2185,2026-09-17 14:19:02.174618+00:00,2026-09-17 14:19:02.174618+00:00,Analytical alert — authorized human review required. Does not establish criminal activity.,
ALT-000166,HOTSPOT_ELEVATED_RISK,HIGH,NEW,,HS-18,41.0,0.4111,224.0,Clustered Incidents,2026-01-01 12:03:45,2026-08-31 19:14:26,"Analytical spatial cluster HS-18 exhibits high aggregate predictive withdrawal risk (avg score 41.1, 224 events). Authorized human review required.",True,v1.0.0-xgb-dbscan,10.7905,78.7047,2026-09-17 14:19:02.175883+00:00,2026-09-17 14:19:02.175883+00:00,Analytical alert — authorized human review required. Does not establish criminal activity.,
ALT-000167,WITHDRAWAL_HOTSPOT,HIGH,NEW,,HS-0,31.0,0.31,30.0,Historical Cashout Pattern,2026-01-01 03:51:33,2026-08-17 13:28:08,Analytical cluster HS-0 contains 30 correlated cashout withdrawal events. Authorized review recommended for preventive intelligence.,True,v1.0.0-xgb-dbscan,9.5916,76.5222,2026-09-17 14:19:02.177882+00:00,2026-09-17 14:19:02.177882+00:00,Analytical alert — authorized human review required. Does not establish criminal activity.,
ALT-000168,WITHDRAWAL_HOTSPOT,HIGH,NEW,,HS-1,31.0,0.314,33.0,Historical Cashout Pattern,2026-01-01 08:02:39,2026-08-28 04:12:02,Analytical cluster HS-1 contains 33 correlated cashout withdrawal events. Authorized review recommended for preventive intelligence.,True,v1.0.0-xgb-dbscan,10.787,79.1378,2026-09-17 14:19:02.178887+00:00,2026-09-17 14:19:02.178887+00:00,Analytical alert — authorized human review required. Does not establish criminal activity.,
ALT-000169,WITHDRAWAL_HOTSPOT,HIGH,NEW,,HS-2,32.0,0.32,30.0,Historical Cashout Pattern,2026-01-01 08:26:57,2026-08-25 06:37:29,Analytical cluster HS-2 contains 30 correlated cashout withdrawal events. Authorized review recommended for preventive intelligence.,True,v1.0.0-xgb-dbscan,10.5276,76.2144,2026-09-17 14:19:02.180978+00:00,2026-09-17 14:19:02.180978+00:00,Analytical alert — authorized human review required. Does not establish criminal activity.,
ALT-000170,WITHDRAWAL_HOTSPOT,HIGH,NEW,,HS-3,34.0,0.34,24.0,Historical Cashout Pattern,2026-01-01 19:10:46,2026-08-25 22:40:14,Analytical cluster HS-3 contains 24 correlated cashout withdrawal events. Authorized review recommended for preventive intelligence.,True,v1.0.0-xgb-dbscan,9.9816,76.2999,2026-09-17 14:19:02.183039+00:00,2026-09-17 14:19:02.183039+00:00,Analytical alert — authorized human review required. Does not establish criminal activity.,
ALT-000171,WITHDRAWAL_HOTSPOT,HIGH,NEW,,HS-4,38.0,0.375,27.0,Historical Cashout Pattern,2026-01-01 20:07:06,2026-07-29 15:33:21,Analytical cluster HS-4 contains 27 correlated cashout withdrawal events. Authorized review recommended for preventive intelligence.,True,v1.0.0-xgb-dbscan,9.9252,78.1198,2026-09-17 14:19:02.184561+00:00,2026-09-17 14:19:02.184561+00:00,Analytical alert — authorized human review required. Does not establish criminal activity.,
ALT-000172,WITHDRAWAL_HOTSPOT,HIGH,NEW,,HS-5,65.0,0.65,28.0,Historical Cashout Pattern,2026-01-02 03:37:10,2026-07-27 07:56:17,Analytical cluster HS-5 contains 28 correlated cashout withdrawal events. Authorized review recommended for preventive intelligence.,True,v1.0.0-xgb-dbscan,11.8745,75.3704,2026-09-17 14:19:02.186798+00:00,2026-09-17 14:19:02.186798+00:00,Analytical alert — authorized human review required. Does not establish criminal activity.,
ALT-000173,WITHDRAWAL_HOTSPOT,HIGH,NEW,,HS-6,30.0,0.2957,22.0,Historical Cashout Pattern,2026-01-02 09:58:20,2026-08-24 08:56:40,Analytical cluster HS-6 contains 22 correlated cashout withdrawal events. Authorized review recommended for preventive intelligence.,True,v1.0.0-xgb-dbscan,11.2588,75.7804,2026-09-17 14:19:02.188572+00:00,2026-09-17 14:19:02.188572+00:00,Analytical alert — authorized human review required. Does not establish criminal activity.,
ALT-000174,WITHDRAWAL_HOTSPOT,HIGH,NEW,,HS-7,34.0,0.34,32.0,Historical Cashout Pattern,2026-01-03 00:12:57,2026-08-19 12:11:36,Analytical cluster HS-7 contains 32 correlated cashout withdrawal events. Authorized review recommended for preventive intelligence.,True,v1.0.0-xgb-dbscan,11.341,77.7172,2026-09-17 14:19:02.189584+00:00,2026-09-17 14:19:02.189584+00:00,Analytical alert — authorized human review required. Does not establish criminal activity.,
ALT-000175,WITHDRAWAL_HOTSPOT,HIGH,NEW,,HS-8,42.0,0.415,30.0,Historical Cashout Pattern,2026-01-03 07:20:42,2026-08-13 21:17:15,Analytical cluster HS-8 contains 30 correlated cashout withdrawal events. Authorized review recommended for preventive intelligence.,True,v1.0.0-xgb-dbscan,14.4426,79.9865,2026-09-17 14:19:02.192078+00:00,2026-09-17 14:19:02.192078+00:00,Analytical alert — authorized human review required. Does not establish criminal activity.,
ALT-000176,WITHDRAWAL_HOTSPOT,HIGH,NEW,,HS-9,52.0,0.516,29.0,Historical Cashout Pattern,2026-01-03 12:45:03,2026-08-28 11:23:54,Analytical cluster HS-9 contains 29 correlated cashout withdrawal events. Authorized review recommended for preventive intelligence.,True,v1.0.0-xgb-dbscan,10.7905,78.7047,2026-09-17 14:19:02.193272+00:00,2026-09-17 14:19:02.193272+00:00,Analytical alert — authorized human review required. Does not establish criminal activity.,
ALT-000177,WITHDRAWAL_HOTSPOT,HIGH,NEW,,HS-10,39.0,0.3883,38.0,Historical Cashout Pattern,2026-01-04 00:29:00,2026-08-23 21:02:41,Analytical cluster HS-10 contains 38 correlated cashout withdrawal events. Authorized review recommended for preventive intelligence.,True,v1.0.0-xgb-dbscan,16.9891,82.2475,2026-09-17 14:19:02.194407+00:00,2026-09-17 14:19:02.194407+00:00,Analytical alert — authorized human review required. Does not establish criminal activity.,
ALT-000178,WITHDRAWAL_HOTSPOT,HIGH,NEW,,HS-11,35.0,0.346,30.0,Historical Cashout Pattern,2026-01-04 04:37:33,2026-08-30 00:42:53,Analytical cluster HS-11 contains 30 correlated cashout withdrawal events. Authorized review recommended for preventive intelligence.,True,v1.0.0-xgb-dbscan,13.9299,75.5681,2026-09-17 14:19:02.195415+00:00,2026-09-17 14:19:02.195415+00:00,Analytical alert — authorized human review required. Does not establish criminal activity.,
ALT-000179,WITHDRAWAL_HOTSPOT,HIGH,NEW,,HS-12,27.0,0.2725,28.0,Historical Cashout Pattern,2026-01-04 10:11:26,2026-08-21 15:47:40,Analytical cluster HS-12 contains 28 correlated cashout withdrawal events. Authorized review recommended for preventive intelligence.,True,v1.0.0-xgb-dbscan,13.3409,74.7421,2026-09-17 14:19:02.197417+00:00,2026-09-17 14:19:02.197417+00:00,Analytical alert — authorized human review required. Does not establish criminal activity.,
ALT-000180,WITHDRAWAL_HOTSPOT,HIGH,NEW,,HS-13,23.0,0.23,21.0,Historical Cashout Pattern,2026-01-04 16:38:30,2026-08-21 05:55:14,Analytical cluster HS-13 contains 21 correlated cashout withdrawal events. Authorized review recommended for preventive intelligence.,True,v1.0.0-xgb-dbscan,12.2958,76.6394,2026-09-17 14:19:02.198423+00:00,2026-09-17 14:19:02.198423+00:00,Analytical alert — authorized human review required. Does not establish criminal activity.,
ALT-000181,WITHDRAWAL_HOTSPOT,HIGH,NEW,,HS-14,28.0,0.285,28.0,Historical Cashout Pattern,2026-01-05 00:25:49,2026-08-25 23:39:18,Analytical cluster HS-14 contains 28 correlated cashout withdrawal events. Authorized review recommended for preventive intelligence.,True,v1.0.0-xgb-dbscan,13.3392,77.101,2026-09-17 14:19:02.200415+00:00,2026-09-17 14:19:02.200415+00:00,Analytical alert — authorized human review required. Does not establish criminal activity.,
ALT-000182,WITHDRAWAL_HOTSPOT,HIGH,NEW,,HS-15,37.0,0.3725,25.0,Historical Cashout Pattern,2026-01-05 15:24:51,2026-08-29 01:29:14,Analytical cluster HS-15 contains 25 correlated cashout withdrawal events. Authorized review recommended for preventive intelligence.,True,v1.0.0-xgb-dbscan,11.0168,76.9558,2026-09-17 14:19:02.201415+00:00,2026-09-17 14:19:02.201415+00:00,Analytical alert — authorized human review required. Does not establish criminal activity.,
ALT-000183,WITHDRAWAL_HOTSPOT,HIGH,NEW,,HS-16,36.0,0.365,23.0,Historical Cashout Pattern,2026-01-05 15:53:22,2026-08-25 02:30:59,Analytical cluster HS-16 contains 23 correlated cashout withdrawal events. Authorized review recommended for preventive intelligence.,True,v1.0.0-xgb-dbscan,15.3647,75.124,2026-09-17 14:19:02.202498+00:00,2026-09-17 14:19:02.202498+00:00,Analytical alert — authorized human review required. Does not establish criminal activity.,
ALT-000184,WITHDRAWAL_HOTSPOT,HIGH,NEW,,HS-17,39.0,0.39,24.0,Historical Cashout Pattern,2026-01-06 01:36:16,2026-08-19 21:40:37,Analytical cluster HS-17 contains 24 correlated cashout withdrawal events. Authorized review recommended for preventive intelligence.,True,v1.0.0-xgb-dbscan,10.3673,77.9803,2026-09-17 14:19:02.204942+00:00,2026-09-17 14:19:02.204942+00:00,Analytical alert — authorized human review required. Does not establish criminal activity.,
ALT-000185,WITHDRAWAL_HOTSPOT,HIGH,NEW,,HS-18,40.0,0.3967,27.0,Historical Cashout Pattern,2026-01-06 15:36:07,2026-08-19 08:46:04,Analytical cluster HS-18 contains 27 correlated cashout withdrawal events. Authorized review recommended for preventive intelligence.,True,v1.0.0-xgb-dbscan,13.6288,79.4192,2026-09-17 14:19:02.205940+00:00,2026-09-17 14:19:02.205940+00:00,Analytical alert — authorized human review required. Does not establish criminal activity.,
ALT-000186,WITHDRAWAL_HOTSPOT,HIGH,NEW,,HS-19,34.0,0.335,27.0,Historical Cashout Pattern,2026-01-07 00:32:35,2026-08-26 23:29:11,Analytical cluster HS-19 contains 27 correlated cashout withdrawal events. Authorized review recommended for preventive intelligence.,True,v1.0.0-xgb-dbscan,8.5241,76.9366,2026-09-17 14:19:02.207939+00:00,2026-09-17 14:19:02.207939+00:00,Analytical alert — authorized human review required. Does not establish criminal activity.,
ALT-000187,WITHDRAWAL_HOTSPOT,HIGH,NEW,,HS-20,33.0,0.3333,36.0,Historical Cashout Pattern,2026-01-07 01:29:14,2026-08-15 04:20:28,Analytical cluster HS-20 contains 36 correlated cashout withdrawal events. Authorized review recommended for preventive intelligence.,True,v1.0.0-xgb-dbscan,16.3067,80.4365,2026-09-17 14:19:02.208941+00:00,2026-09-17 14:19:02.208941+00:00,Analytical alert — authorized human review required. Does not establish criminal activity.,
ALT-000188,WITHDRAWAL_HOTSPOT,HIGH,NEW,,HS-21,36.0,0.36,22.0,Historical Cashout Pattern,2026-01-07 12:05:39,2026-08-05 09:32:29,Analytical cluster HS-21 contains 22 correlated cashout withdrawal events. Authorized review recommended for preventive intelligence.,True,v1.0.0-xgb-dbscan,11.6643,78.146,2026-09-17 14:19:02.210331+00:00,2026-09-17 14:19:02.210331+00:00,Analytical alert — authorized human review required. Does not establish criminal activity.,
ALT-000189,WITHDRAWAL_HOTSPOT,HIGH,NEW,,HS-22,26.0,0.255,22.0,Historical Cashout Pattern,2026-01-07 21:00:12,2026-08-29 05:37:16,Analytical cluster HS-22 contains 22 correlated cashout withdrawal events. Authorized review recommended for preventive intelligence.,True,v1.0.0-xgb-dbscan,10.7867,76.6548,2026-09-17 14:19:02.212340+00:00,2026-09-17 14:19:02.212340+00:00,Analytical alert — authorized human review required. Does not establish criminal activity.,
ALT-000190,WITHDRAWAL_HOTSPOT,HIGH,NEW,,HS-23,34.0,0.345,21.0,Historical Cashout Pattern,2026-01-08 03:30:25,2026-08-29 16:43:14,Analytical cluster HS-23 contains 21 correlated cashout withdrawal events. Authorized review recommended for preventive intelligence.,True,v1.0.0-xgb-dbscan,9.4981,76.3388,2026-09-17 14:19:02.213343+00:00,2026-09-17 14:19:02.213343+00:00,Analytical alert — authorized human review required. Does not establish criminal activity.,
ALT-000191,WITHDRAWAL_HOTSPOT,HIGH,NEW,,HS-24,30.0,0.3,30.0,Historical Cashout Pattern,2026-01-09 00:37:00,2026-08-30 21:20:57,Analytical cluster HS-24 contains 30 correlated cashout withdrawal events. Authorized review recommended for preventive intelligence.,True,v1.0.0-xgb-dbscan,14.4674,78.8241,2026-09-17 14:19:02.215447+00:00,2026-09-17 14:19:02.215447+00:00,Analytical alert — authorized human review required. Does not establish criminal activity.,
ALT-000192,WITHDRAWAL_HOTSPOT,HIGH,NEW,,HS-25,37.0,0.374,30.0,Historical Cashout Pattern,2026-01-09 08:40:27,2026-08-21 23:47:48,Analytical cluster HS-25 contains 30 correlated cashout withdrawal events. Authorized review recommended for preventive intelligence.,True,v1.0.0-xgb-dbscan,15.8281,78.0373,2026-09-17 14:19:02.216488+00:00,2026-09-17 14:19:02.216488+00:00,Analytical alert — authorized human review required. Does not establish criminal activity.,
ALT-000193,WITHDRAWAL_HOTSPOT,HIGH,NEW,,HS-26,32.0,0.3233,19.0,Historical Cashout Pattern,2026-01-09 15:08:38,2026-08-28 06:22:09,Analytical cluster HS-26 contains 19 correlated cashout withdrawal events. Authorized review recommended for preventive intelligence.,True,v1.0.0-xgb-dbscan,8.7139,77.7567,2026-09-17 14:19:02.218923+00:00,2026-09-17 14:19:02.218923+00:00,Analytical alert — authorized human review required. Does not establish criminal activity.,
ALT-000194,WITHDRAWAL_HOTSPOT,HIGH,NEW,,HS-27,30.0,0.3,18.0,Historical Cashout Pattern,2026-01-10 13:24:34,2026-08-27 03:57:58,Analytical cluster HS-27 contains 18 correlated cashout withdrawal events. Authorized review recommended for preventive intelligence.,True,v1.0.0-xgb-dbscan,15.1394,76.9214,2026-09-17 14:19:02.219933+00:00,2026-09-17 14:19:02.219933+00:00,Analytical alert — authorized human review required. Does not establish criminal activity.,
ALT-000195,WITHDRAWAL_HOTSPOT,HIGH,NEW,,HS-28,40.0,0.3975,18.0,Historical Cashout Pattern,2026-01-12 02:49:15,2026-08-15 22:44:22,Analytical cluster HS-28 contains 18 correlated cashout withdrawal events. Authorized review recommended for preventive intelligence.,True,v1.0.0-xgb-dbscan,12.9165,79.1325,2026-09-17 14:19:02.221932+00:00,2026-09-17 14:19:02.221932+00:00,Analytical alert — authorized human review required. Does not establish criminal activity.,
ALT-000196,WITHDRAWAL_HOTSPOT,HIGH,NEW,,HS-29,12.0,0.12,16.0,Historical Cashout Pattern,2026-01-13 01:15:16,2026-08-09 14:39:58,Analytical cluster HS-29 contains 16 correlated cashout withdrawal events. Authorized review recommended for preventive intelligence.,True,v1.0.0-xgb-dbscan,12.9141,74.856,2026-09-17 14:19:02.222930+00:00,2026-09-17 14:19:02.222930+00:00,Analytical alert — authorized human review required. Does not establish criminal activity.,
ALT-000197,WITHDRAWAL_HOTSPOT,HIGH,NEW,,HS-30,28.0,0.278,31.0,Historical Cashout Pattern,2026-01-13 07:58:50,2026-08-18 09:40:15,Analytical cluster HS-30 contains 31 correlated cashout withdrawal events. Authorized review recommended for preventive intelligence.,True,v1.0.0-xgb-dbscan,16.9891,81.784,2026-09-17 14:19:02.226585+00:00,2026-09-17 14:19:02.226585+00:00,Analytical alert — authorized human review required. Does not establish criminal activity.,
ALT-000198,WITHDRAWAL_HOTSPOT,HIGH,NEW,,HS-31,36.0,0.365,26.0,Historical Cashout Pattern,2026-01-13 11:22:26,2026-08-29 21:16:57,Analytical cluster HS-31 contains 26 correlated cashout withdrawal events. Authorized review recommended for preventive intelligence.,True,v1.0.0-xgb-dbscan,12.9716,77.5946,2026-09-17 14:19:02.228555+00:00,2026-09-17 14:19:02.228555+00:00,Analytical alert — authorized human review required. Does not establish criminal activity.,
ALT-000199,WITHDRAWAL_HOTSPOT,HIGH,NEW,,HS-32,15.0,0.15,20.0,Historical Cashout Pattern,2026-01-13 12:52:28,2026-08-31 20:43:06,Analytical cluster HS-32 contains 20 correlated cashout withdrawal events. Authorized review recommended for preventive intelligence.,True,v1.0.0-xgb-dbscan,11.051,76.0711,2026-09-17 14:19:02.229730+00:00,2026-09-17 14:19:02.229730+00:00,Analytical alert — authorized human review required. Does not establish criminal activity.,
ALT-000200,WITHDRAWAL_HOTSPOT,HIGH,NEW,,HS-33,44.0,0.44,22.0,Historical Cashout Pattern,2026-01-14 02:06:10,2026-08-16 06:40:51,Analytical cluster HS-33 contains 22 correlated cashout withdrawal events. Authorized review recommended for preventive intelligence.,True,v1.0.0-xgb-dbscan,14.6819,77.6006,2026-09-17 14:19:02.231739+00:00,2026-09-17 14:19:02.231739+00:00,Analytical alert — authorized human review required. Does not establish criminal activity.,
ALT-000201,WITHDRAWAL_HOTSPOT,HIGH,NEW,,HS-34,20.0,0.2033,15.0,Historical Cashout Pattern,2026-01-19 08:15:25,2026-08-26 20:13:54,Analytical cluster HS-34 contains 15 correlated cashout withdrawal events. Authorized review recommended for preventive intelligence.,True,v1.0.0-xgb-dbscan,8.8932,76.6141,2026-09-17 14:19:02.233836+00:00,2026-09-17 14:19:02.233836+00:00,Analytical alert — authorized human review required. Does not establish criminal activity.,
ALT-000202,WITHDRAWAL_HOTSPOT,HIGH,NEW,,HS-35,23.0,0.2343,23.0,Historical Cashout Pattern,2026-01-21 03:11:39,2026-08-30 06:27:55,Analytical cluster HS-35 contains 23 correlated cashout withdrawal events. Authorized review recommended for preventive intelligence.,True,v1.0.0-xgb-dbscan,13.0827,80.2707,2026-09-17 14:19:02.235311+00:00,2026-09-17 14:19:02.235311+00:00,Analytical alert — authorized human review required. Does not establish criminal activity.,
ALT-000203,WITHDRAWAL_HOTSPOT,HIGH,NEW,,HS-36,29.0,0.2925,24.0,Historical Cashout Pattern,2026-01-22 11:29:21,2026-08-30 19:17:07,Analytical cluster HS-36 contains 24 correlated cashout withdrawal events. Authorized review recommended for preventive intelligence.,True,v1.0.0-xgb-dbscan,15.8497,74.4977,2026-09-17 14:19:02.236320+00:00,2026-09-17 14:19:02.236320+00:00,Analytical alert — authorized human review required. Does not establish criminal activity.,
ALT-000204,WITHDRAWAL_HOTSPOT,HIGH,NEW,,HS-37,33.0,0.3271,37.0,Historical Cashout Pattern,2026-01-23 12:52:23,2026-08-29 23:00:49,Analytical cluster HS-37 contains 37 correlated cashout withdrawal events. Authorized review recommended for preventive intelligence.,True,v1.0.0-xgb-dbscan,17.3297,76.8343,2026-09-17 14:19:02.238318+00:00,2026-09-17 14:19:02.238318+00:00,Analytical alert — authorized human review required. Does not establish criminal activity.,
ALT-000205,WITHDRAWAL_HOTSPOT,HIGH,NEW,,HS-38,33.0,0.33,20.0,Historical Cashout Pattern,2026-02-21 14:03:57,2026-08-27 07:47:27,Analytical cluster HS-38 contains 20 correlated cashout withdrawal events. Authorized review recommended for preventive intelligence.,True,v1.0.0-xgb-dbscan,17.6868,83.2185,2026-09-17 14:19:02.239320+00:00,2026-09-17 14:19:02.239320+00:00,Analytical alert — authorized human review required. Does not establish criminal activity.,
ALT-000206,WITHDRAWAL_HOTSPOT,HIGH,NEW,,HS-39,37.0,0.3717,21.0,Historical Cashout Pattern,2026-03-11 08:09:02,2026-08-14 07:57:36,Analytical cluster HS-39 contains 21 correlated cashout withdrawal events. Authorized review recommended for preventive intelligence.,True,v1.0.0-xgb-dbscan,16.5062,80.648,2026-09-17 14:19:02.241614+00:00,2026-09-17 14:19:02.241614+00:00,Analytical alert — authorized human review required. Does not establish criminal activity.,
ALT-000207,CRITICAL_RISK_LOCATION,CRITICAL,NEW,SYNTH_DEMO_CRIT_001,,91.0,0.91,1.0,INVESTMENT_SCAM,2026-09-17 14:19:02,2026-09-17 14:19:02,CRITICAL predictive withdrawal probability (91%) detected in Bengaluru Central. Prioritize authorized human analytical review.,True,v1.0.0-xgb-calibrated,12.9716,77.5946,2026-09-17 14:19:02.242850+00:00,2026-09-17 14:19:02.242850+00:00,Analytical alert — authorized human review required. Does not establish criminal activity.,
ALT-000208,HOTSPOT_CRITICAL_RISK,CRITICAL,ACKNOWLEDGED,,HS-99,88.0,0.885,48.0,Clustered Incidents,2026-08-01 00:00:00,2026-08-31 23:59:59,"Analytical spatial cluster HS-99 exhibits critical aggregate predictive withdrawal risk (avg score 88.5, 48 events). Authorized human review required.",True,v1.0.0-xgb-dbscan,13.0358,77.597,2026-09-17 14:19:02.244099+00:00,2026-09-17T15:06:20.217759+00:00,Analytical alert — authorized human review required. Does not establish criminal activity.,
ALT-000209,HIGH_RISK_LOCATION,HIGH,NEW,CASE005474,,61.0,0.6111,1.0,CREDENTIAL_THEFT,2026-08-07 19:31:13,2026-08-07 19:31:13,HIGH predictive withdrawal probability (61%) detected in Tiruchirappalli. Prioritize authorized human analytical review.,True,v1.0.0-xgb-calibrated,10.79,78.7,2026-09-18 08:28:59.416408+00:00,2026-09-18 08:28:59.416408+00:00,Analytical alert — authorized human review required. Does not establish criminal activity.,
ALT-000210,HIGH_RISK_LOCATION,HIGH,NEW,CASE007772,,63.0,0.6319,1.0,PAYMENT_FRAUD,2026-08-09 06:36:11,2026-08-09 06:36:11,HIGH predictive withdrawal probability (63%) detected in Tiruchirappalli. Prioritize authorized human analytical review.,True,v1.0.0-xgb-calibrated,10.79,78.7,2026-09-18 08:28:59.417410+00:00,2026-09-18 08:28:59.417410+00:00,Analytical alert — authorized human review required. Does not establish criminal activity.,
ALT-000211,HIGH_RISK_LOCATION,HIGH,NEW,CASE000291,,60.0,0.598,1.0,SOCIAL_ENGINEERING,2026-08-12 09:43:38,2026-08-12 09:43:38,HIGH predictive withdrawal probability (60%) detected in Nellore. Prioritize authorized human analytical review.,True,v1.0.0-xgb-calibrated,14.44,79.99,2026-09-18 08:28:59.418410+00:00,2026-09-18 08:28:59.418410+00:00,Analytical alert — authorized human review required. Does not establish criminal activity.,
ALT-000212,HIGH_RISK_LOCATION,HIGH,NEW,CASE005308,,61.0,0.6126,1.0,PAYMENT_FRAUD,2026-08-14 10:14:57,2026-08-14 10:14:57,HIGH predictive withdrawal probability (61%) detected in Visakhapatnam. Prioritize authorized human analytical review.,True,v1.0.0-xgb-calibrated,17.69,83.22,2026-09-18 08:28:59.418410+00:00,2026-09-18 08:28:59.418410+00:00,Analytical alert — authorized human review required. Does not establish criminal activity.,
ALT-000213,HIGH_RISK_LOCATION,HIGH,NEW,CASE005914,,60.0,0.5983,1.0,PAYMENT_FRAUD,2026-08-24 01:55:21,2026-08-24 01:55:21,HIGH predictive withdrawal probability (60%) detected in Kakinada. Prioritize authorized human analytical review.,True,v1.0.0-xgb-calibrated,16.99,82.25,2026-09-18 08:28:59.419605+00:00,2026-09-18 08:28:59.419605+00:00,Analytical alert — authorized human review required. Does not establish criminal activity.,
ALT-000214,HOTSPOT_ELEVATED_RISK,HIGH,NEW,,HS-24,37.0,0.3716,290.0,Clustered Incidents,2026-01-01 17:11:34,2026-08-31 23:55:41,"Analytical spatial cluster HS-24 exhibits high aggregate predictive withdrawal risk (avg score 37.2, 290 events). Authorized human review required.",True,v1.0.0-xgb-dbscan,16.9891,82.2475,2026-09-18 08:28:59.420614+00:00,2026-09-18 08:28:59.420614+00:00,Analytical alert — authorized human review required. Does not establish criminal activity.,
ALT-000215,HOTSPOT_ELEVATED_RISK,HIGH,NEW,,HS-38,38.0,0.3809,251.0,Clustered Incidents,2026-01-03 07:20:42,2026-08-30 19:54:04,"Analytical spatial cluster HS-38 exhibits high aggregate predictive withdrawal risk (avg score 38.1, 251 events). Authorized human review required.",True,v1.0.0-xgb-dbscan,14.4426,79.9865,2026-09-18 08:28:59.421810+00:00,2026-09-18 08:28:59.421810+00:00,Analytical alert — authorized human review required. Does not establish criminal activity.,
ALT-000216,HOTSPOT_ELEVATED_RISK,HIGH,NEW,,HS-22,36.0,0.356,226.0,Clustered Incidents,2026-01-01 16:15:38,2026-08-31 11:37:39,"Analytical spatial cluster HS-22 exhibits high aggregate predictive withdrawal risk (avg score 35.6, 226 events). Authorized human review required.",True,v1.0.0-xgb-dbscan,17.6868,83.2185,2026-09-18 08:28:59.422816+00:00,2026-09-18 08:28:59.422816+00:00,Analytical alert — authorized human review required. Does not establish criminal activity.,
ALT-000217,HOTSPOT_ELEVATED_RISK,HIGH,NEW,,HS-18,41.0,0.4111,224.0,Clustered Incidents,2026-01-01 12:03:45,2026-08-31 19:14:26,"Analytical spatial cluster HS-18 exhibits high aggregate predictive withdrawal risk (avg score 41.1, 224 events). Authorized human review required.",True,v1.0.0-xgb-dbscan,10.7905,78.7047,2026-09-18 08:28:59.423815+00:00,2026-09-18 08:28:59.423815+00:00,Analytical alert — authorized human review required. Does not establish criminal activity.,
ALT-000218,WITHDRAWAL_HOTSPOT,HIGH,NEW,,HS-0,31.0,0.31,30.0,Historical Cashout Pattern,2026-01-01 03:51:33,2026-08-17 13:28:08,Analytical cluster HS-0 contains 30 correlated cashout withdrawal events. Authorized review recommended for preventive intelligence.,True,v1.0.0-xgb-dbscan,9.5916,76.5222,2026-09-18 08:28:59.423815+00:00,2026-09-18 08:28:59.423815+00:00,Analytical alert — authorized human review required. Does not establish criminal activity.,
ALT-000219,WITHDRAWAL_HOTSPOT,HIGH,NEW,,HS-1,31.0,0.314,33.0,Historical Cashout Pattern,2026-01-01 08:02:39,2026-08-28 04:12:02,Analytical cluster HS-1 contains 33 correlated cashout withdrawal events. Authorized review recommended for preventive intelligence.,True,v1.0.0-xgb-dbscan,10.787,79.1378,2026-09-18 08:28:59.425171+00:00,2026-09-18 08:28:59.425171+00:00,Analytical alert — authorized human review required. Does not establish criminal activity.,
ALT-000220,WITHDRAWAL_HOTSPOT,HIGH,NEW,,HS-2,32.0,0.32,30.0,Historical Cashout Pattern,2026-01-01 08:26:57,2026-08-25 06:37:29,Analytical cluster HS-2 contains 30 correlated cashout withdrawal events. Authorized review recommended for preventive intelligence.,True,v1.0.0-xgb-dbscan,10.5276,76.2144,2026-09-18 08:28:59.426178+00:00,2026-09-18 08:28:59.426178+00:00,Analytical alert — authorized human review required. Does not establish criminal activity.,
ALT-000221,WITHDRAWAL_HOTSPOT,HIGH,NEW,,HS-3,34.0,0.34,24.0,Historical Cashout Pattern,2026-01-01 19:10:46,2026-08-25 22:40:14,Analytical cluster HS-3 contains 24 correlated cashout withdrawal events. Authorized review recommended for preventive intelligence.,True,v1.0.0-xgb-dbscan,9.9816,76.2999,2026-09-18 08:28:59.427178+00:00,2026-09-18 08:28:59.427178+00:00,Analytical alert — authorized human review required. Does not establish criminal activity.,
ALT-000222,WITHDRAWAL_HOTSPOT,HIGH,NEW,,HS-4,38.0,0.375,27.0,Historical Cashout Pattern,2026-01-01 20:07:06,2026-07-29 15:33:21,Analytical cluster HS-4 contains 27 correlated cashout withdrawal events. Authorized review recommended for preventive intelligence.,True,v1.0.0-xgb-dbscan,9.9252,78.1198,2026-09-18 08:28:59.428445+00:00,2026-09-18 08:28:59.428445+00:00,Analytical alert — authorized human review required. Does not establish criminal activity.,
ALT-000223,WITHDRAWAL_HOTSPOT,HIGH,NEW,,HS-5,65.0,0.65,28.0,Historical Cashout Pattern,2026-01-02 03:37:10,2026-07-27 07:56:17,Analytical cluster HS-5 contains 28 correlated cashout withdrawal events. Authorized review recommended for preventive intelligence.,True,v1.0.0-xgb-dbscan,11.8745,75.3704,2026-09-18 08:28:59.428445+00:00,2026-09-18 08:28:59.428445+00:00,Analytical alert — authorized human review required. Does not establish criminal activity.,
ALT-000224,WITHDRAWAL_HOTSPOT,HIGH,NEW,,HS-6,30.0,0.2957,22.0,Historical Cashout Pattern,2026-01-02 09:58:20,2026-08-24 08:56:40,Analytical cluster HS-6 contains 22 correlated cashout withdrawal events. Authorized review recommended for preventive intelligence.,True,v1.0.0-xgb-dbscan,11.2588,75.7804,2026-09-18 08:28:59.429611+00:00,2026-09-18 08:28:59.429611+00:00,Analytical alert — authorized human review required. Does not establish criminal activity.,
ALT-000225,WITHDRAWAL_HOTSPOT,HIGH,NEW,,HS-7,34.0,0.34,32.0,Historical Cashout Pattern,2026-01-03 00:12:57,2026-08-19 12:11:36,Analytical cluster HS-7 contains 32 correlated cashout withdrawal events. Authorized review recommended for preventive intelligence.,True,v1.0.0-xgb-dbscan,11.341,77.7172,2026-09-18 08:28:59.430617+00:00,2026-09-18 08:28:59.430617+00:00,Analytical alert — authorized human review required. Does not establish criminal activity.,
ALT-000226,WITHDRAWAL_HOTSPOT,HIGH,NEW,,HS-8,42.0,0.415,30.0,Historical Cashout Pattern,2026-01-03 07:20:42,2026-08-13 21:17:15,Analytical cluster HS-8 contains 30 correlated cashout withdrawal events. Authorized review recommended for preventive intelligence.,True,v1.0.0-xgb-dbscan,14.4426,79.9865,2026-09-18 08:28:59.431617+00:00,2026-09-18 08:28:59.431617+00:00,Analytical alert — authorized human review required. Does not establish criminal activity.,
ALT-000227,WITHDRAWAL_HOTSPOT,HIGH,NEW,,HS-9,52.0,0.516,29.0,Historical Cashout Pattern,2026-01-03 12:45:03,2026-08-28 11:23:54,Analytical cluster HS-9 contains 29 correlated cashout withdrawal events. Authorized review recommended for preventive intelligence.,True,v1.0.0-xgb-dbscan,10.7905,78.7047,2026-09-18 08:28:59.431617+00:00,2026-09-18 08:28:59.431617+00:00,Analytical alert — authorized human review required. Does not establish criminal activity.,
ALT-000228,WITHDRAWAL_HOTSPOT,HIGH,NEW,,HS-10,39.0,0.3883,38.0,Historical Cashout Pattern,2026-01-04 00:29:00,2026-08-23 21:02:41,Analytical cluster HS-10 contains 38 correlated cashout withdrawal events. Authorized review recommended for preventive intelligence.,True,v1.0.0-xgb-dbscan,16.9891,82.2475,2026-09-18 08:28:59.433041+00:00,2026-09-18 08:28:59.433041+00:00,Analytical alert — authorized human review required. Does not establish criminal activity.,
ALT-000229,WITHDRAWAL_HOTSPOT,HIGH,NEW,,HS-11,35.0,0.346,30.0,Historical Cashout Pattern,2026-01-04 04:37:33,2026-08-30 00:42:53,Analytical cluster HS-11 contains 30 correlated cashout withdrawal events. Authorized review recommended for preventive intelligence.,True,v1.0.0-xgb-dbscan,13.9299,75.5681,2026-09-18 08:28:59.434049+00:00,2026-09-18 08:28:59.434049+00:00,Analytical alert — authorized human review required. Does not establish criminal activity.,
ALT-000230,WITHDRAWAL_HOTSPOT,HIGH,NEW,,HS-12,27.0,0.2725,28.0,Historical Cashout Pattern,2026-01-04 10:11:26,2026-08-21 15:47:40,Analytical cluster HS-12 contains 28 correlated cashout withdrawal events. Authorized review recommended for preventive intelligence.,True,v1.0.0-xgb-dbscan,13.3409,74.7421,2026-09-18 08:28:59.435047+00:00,2026-09-18 08:28:59.435047+00:00,Analytical alert — authorized human review required. Does not establish criminal activity.,
ALT-000231,WITHDRAWAL_HOTSPOT,HIGH,NEW,,HS-13,23.0,0.23,21.0,Historical Cashout Pattern,2026-01-04 16:38:30,2026-08-21 05:55:14,Analytical cluster HS-13 contains 21 correlated cashout withdrawal events. Authorized review recommended for preventive intelligence.,True,v1.0.0-xgb-dbscan,12.2958,76.6394,2026-09-18 08:28:59.436503+00:00,2026-09-18 08:28:59.436503+00:00,Analytical alert — authorized human review required. Does not establish criminal activity.,
ALT-000232,WITHDRAWAL_HOTSPOT,HIGH,NEW,,HS-14,28.0,0.285,28.0,Historical Cashout Pattern,2026-01-05 00:25:49,2026-08-25 23:39:18,Analytical cluster HS-14 contains 28 correlated cashout withdrawal events. Authorized review recommended for preventive intelligence.,True,v1.0.0-xgb-dbscan,13.3392,77.101,2026-09-18 08:28:59.437510+00:00,2026-09-18 08:28:59.437510+00:00,Analytical alert — authorized human review required. Does not establish criminal activity.,
ALT-000233,WITHDRAWAL_HOTSPOT,HIGH,NEW,,HS-15,37.0,0.3725,25.0,Historical Cashout Pattern,2026-01-05 15:24:51,2026-08-29 01:29:14,Analytical cluster HS-15 contains 25 correlated cashout withdrawal events. Authorized review recommended for preventive intelligence.,True,v1.0.0-xgb-dbscan,11.0168,76.9558,2026-09-18 08:28:59.437510+00:00,2026-09-18 08:28:59.437510+00:00,Analytical alert — authorized human review required. Does not establish criminal activity.,
ALT-000234,WITHDRAWAL_HOTSPOT,HIGH,NEW,,HS-16,36.0,0.365,23.0,Historical Cashout Pattern,2026-01-05 15:53:22,2026-08-25 02:30:59,Analytical cluster HS-16 contains 23 correlated cashout withdrawal events. Authorized review recommended for preventive intelligence.,True,v1.0.0-xgb-dbscan,15.3647,75.124,2026-09-18 08:28:59.438714+00:00,2026-09-18 08:28:59.438714+00:00,Analytical alert — authorized human review required. Does not establish criminal activity.,
ALT-000235,WITHDRAWAL_HOTSPOT,HIGH,NEW,,HS-17,39.0,0.39,24.0,Historical Cashout Pattern,2026-01-06 01:36:16,2026-08-19 21:40:37,Analytical cluster HS-17 contains 24 correlated cashout withdrawal events. Authorized review recommended for preventive intelligence.,True,v1.0.0-xgb-dbscan,10.3673,77.9803,2026-09-18 08:28:59.439959+00:00,2026-09-18 08:28:59.439959+00:00,Analytical alert — authorized human review required. Does not establish criminal activity.,
ALT-000236,WITHDRAWAL_HOTSPOT,HIGH,NEW,,HS-18,40.0,0.3967,27.0,Historical Cashout Pattern,2026-01-06 15:36:07,2026-08-19 08:46:04,Analytical cluster HS-18 contains 27 correlated cashout withdrawal events. Authorized review recommended for preventive intelligence.,True,v1.0.0-xgb-dbscan,13.6288,79.4192,2026-09-18 08:28:59.440970+00:00,2026-09-18 08:28:59.440970+00:00,Analytical alert — authorized human review required. Does not establish criminal activity.,
ALT-000237,WITHDRAWAL_HOTSPOT,HIGH,NEW,,HS-19,34.0,0.335,27.0,Historical Cashout Pattern,2026-01-07 00:32:35,2026-08-26 23:29:11,Analytical cluster HS-19 contains 27 correlated cashout withdrawal events. Authorized review recommended for preventive intelligence.,True,v1.0.0-xgb-dbscan,8.5241,76.9366,2026-09-18 08:28:59.440970+00:00,2026-09-18 08:28:59.440970+00:00,Analytical alert — authorized human review required. Does not establish criminal activity.,
ALT-000238,WITHDRAWAL_HOTSPOT,HIGH,NEW,,HS-20,33.0,0.3333,36.0,Historical Cashout Pattern,2026-01-07 01:29:14,2026-08-15 04:20:28,Analytical cluster HS-20 contains 36 correlated cashout withdrawal events. Authorized review recommended for preventive intelligence.,True,v1.0.0-xgb-dbscan,16.3067,80.4365,2026-09-18 08:28:59.442430+00:00,2026-09-18 08:28:59.442430+00:00,Analytical alert — authorized human review required. Does not establish criminal activity.,
ALT-000239,WITHDRAWAL_HOTSPOT,HIGH,NEW,,HS-21,36.0,0.36,22.0,Historical Cashout Pattern,2026-01-07 12:05:39,2026-08-05 09:32:29,Analytical cluster HS-21 contains 22 correlated cashout withdrawal events. Authorized review recommended for preventive intelligence.,True,v1.0.0-xgb-dbscan,11.6643,78.146,2026-09-18 08:28:59.443444+00:00,2026-09-18 08:28:59.443444+00:00,Analytical alert — authorized human review required. Does not establish criminal activity.,
ALT-000240,WITHDRAWAL_HOTSPOT,HIGH,NEW,,HS-22,26.0,0.255,22.0,Historical Cashout Pattern,2026-01-07 21:00:12,2026-08-29 05:37:16,Analytical cluster HS-22 contains 22 correlated cashout withdrawal events. Authorized review recommended for preventive intelligence.,True,v1.0.0-xgb-dbscan,10.7867,76.6548,2026-09-18 08:28:59.444444+00:00,2026-09-18 08:28:59.444444+00:00,Analytical alert — authorized human review required. Does not establish criminal activity.,
ALT-000241,WITHDRAWAL_HOTSPOT,HIGH,NEW,,HS-23,34.0,0.345,21.0,Historical Cashout Pattern,2026-01-08 03:30:25,2026-08-29 16:43:14,Analytical cluster HS-23 contains 21 correlated cashout withdrawal events. Authorized review recommended for preventive intelligence.,True,v1.0.0-xgb-dbscan,9.4981,76.3388,2026-09-18 08:28:59.445445+00:00,2026-09-18 08:28:59.445445+00:00,Analytical alert — authorized human review required. Does not establish criminal activity.,
ALT-000242,WITHDRAWAL_HOTSPOT,HIGH,NEW,,HS-24,30.0,0.3,30.0,Historical Cashout Pattern,2026-01-09 00:37:00,2026-08-30 21:20:57,Analytical cluster HS-24 contains 30 correlated cashout withdrawal events. Authorized review recommended for preventive intelligence.,True,v1.0.0-xgb-dbscan,14.4674,78.8241,2026-09-18 08:28:59.445445+00:00,2026-09-18 08:28:59.445445+00:00,Analytical alert — authorized human review required. Does not establish criminal activity.,
ALT-000243,WITHDRAWAL_HOTSPOT,HIGH,NEW,,HS-25,37.0,0.374,30.0,Historical Cashout Pattern,2026-01-09 08:40:27,2026-08-21 23:47:48,Analytical cluster HS-25 contains 30 correlated cashout withdrawal events. Authorized review recommended for preventive intelligence.,True,v1.0.0-xgb-dbscan,15.8281,78.0373,2026-09-18 08:28:59.446722+00:00,2026-09-18 08:28:59.446722+00:00,Analytical alert — authorized human review required. Does not establish criminal activity.,
ALT-000244,WITHDRAWAL_HOTSPOT,HIGH,NEW,,HS-26,32.0,0.3233,19.0,Historical Cashout Pattern,2026-01-09 15:08:38,2026-08-28 06:22:09,Analytical cluster HS-26 contains 19 correlated cashout withdrawal events. Authorized review recommended for preventive intelligence.,True,v1.0.0-xgb-dbscan,8.7139,77.7567,2026-09-18 08:28:59.448029+00:00,2026-09-18 08:28:59.448029+00:00,Analytical alert — authorized human review required. Does not establish criminal activity.,
ALT-000245,WITHDRAWAL_HOTSPOT,HIGH,NEW,,HS-27,30.0,0.3,18.0,Historical Cashout Pattern,2026-01-10 13:24:34,2026-08-27 03:57:58,Analytical cluster HS-27 contains 18 correlated cashout withdrawal events. Authorized review recommended for preventive intelligence.,True,v1.0.0-xgb-dbscan,15.1394,76.9214,2026-09-18 08:28:59.449030+00:00,2026-09-18 08:28:59.449030+00:00,Analytical alert — authorized human review required. Does not establish criminal activity.,
ALT-000246,WITHDRAWAL_HOTSPOT,HIGH,NEW,,HS-28,40.0,0.3975,18.0,Historical Cashout Pattern,2026-01-12 02:49:15,2026-08-15 22:44:22,Analytical cluster HS-28 contains 18 correlated cashout withdrawal events. Authorized review recommended for preventive intelligence.,True,v1.0.0-xgb-dbscan,12.9165,79.1325,2026-09-18 08:28:59.450029+00:00,2026-09-18 08:28:59.450029+00:00,Analytical alert — authorized human review required. Does not establish criminal activity.,
ALT-000247,WITHDRAWAL_HOTSPOT,HIGH,NEW,,HS-29,12.0,0.12,16.0,Historical Cashout Pattern,2026-01-13 01:15:16,2026-08-09 14:39:58,Analytical cluster HS-29 contains 16 correlated cashout withdrawal events. Authorized review recommended for preventive intelligence.,True,v1.0.0-xgb-dbscan,12.9141,74.856,2026-09-18 08:28:59.450029+00:00,2026-09-18 08:28:59.450029+00:00,Analytical alert — authorized human review required. Does not establish criminal activity.,
ALT-000248,WITHDRAWAL_HOTSPOT,HIGH,NEW,,HS-30,28.0,0.278,31.0,Historical Cashout Pattern,2026-01-13 07:58:50,2026-08-18 09:40:15,Analytical cluster HS-30 contains 31 correlated cashout withdrawal events. Authorized review recommended for preventive intelligence.,True,v1.0.0-xgb-dbscan,16.9891,81.784,2026-09-18 08:28:59.451462+00:00,2026-09-18 08:28:59.451462+00:00,Analytical alert — authorized human review required. Does not establish criminal activity.,
ALT-000249,WITHDRAWAL_HOTSPOT,HIGH,NEW,,HS-31,36.0,0.365,26.0,Historical Cashout Pattern,2026-01-13 11:22:26,2026-08-29 21:16:57,Analytical cluster HS-31 contains 26 correlated cashout withdrawal events. Authorized review recommended for preventive intelligence.,True,v1.0.0-xgb-dbscan,12.9716,77.5946,2026-09-18 08:28:59.451462+00:00,2026-09-18 08:28:59.451462+00:00,Analytical alert — authorized human review required. Does not establish criminal activity.,
ALT-000250,WITHDRAWAL_HOTSPOT,HIGH,NEW,,HS-32,15.0,0.15,20.0,Historical Cashout Pattern,2026-01-13 12:52:28,2026-08-31 20:43:06,Analytical cluster HS-32 contains 20 correlated cashout withdrawal events. Authorized review recommended for preventive intelligence.,True,v1.0.0-xgb-dbscan,11.051,76.0711,2026-09-18 08:28:59.453973+00:00,2026-09-18 08:28:59.453973+00:00,Analytical alert — authorized human review required. Does not establish criminal activity.,
ALT-000251,WITHDRAWAL_HOTSPOT,HIGH,NEW,,HS-33,44.0,0.44,22.0,Historical Cashout Pattern,2026-01-14 02:06:10,2026-08-16 06:40:51,Analytical cluster HS-33 contains 22 correlated cashout withdrawal events. Authorized review recommended for preventive intelligence.,True,v1.0.0-xgb-dbscan,14.6819,77.6006,2026-09-18 08:28:59.454973+00:00,2026-09-18 08:28:59.454973+00:00,Analytical alert — authorized human review required. Does not establish criminal activity.,
ALT-000252,WITHDRAWAL_HOTSPOT,HIGH,NEW,,HS-34,20.0,0.2033,15.0,Historical Cashout Pattern,2026-01-19 08:15:25,2026-08-26 20:13:54,Analytical cluster HS-34 contains 15 correlated cashout withdrawal events. Authorized review recommended for preventive intelligence.,True,v1.0.0-xgb-dbscan,8.8932,76.6141,2026-09-18 08:28:59.456136+00:00,2026-09-18 08:28:59.456136+00:00,Analytical alert — authorized human review required. Does not establish criminal activity.,
ALT-000253,WITHDRAWAL_HOTSPOT,HIGH,NEW,,HS-35,23.0,0.2343,23.0,Historical Cashout Pattern,2026-01-21 03:11:39,2026-08-30 06:27:55,Analytical cluster HS-35 contains 23 correlated cashout withdrawal events. Authorized review recommended for preventive intelligence.,True,v1.0.0-xgb-dbscan,13.0827,80.2707,2026-09-18 08:28:59.456136+00:00,2026-09-18 08:28:59.456136+00:00,Analytical alert — authorized human review required. Does not establish criminal activity.,
ALT-000254,WITHDRAWAL_HOTSPOT,HIGH,NEW,,HS-36,29.0,0.2925,24.0,Historical Cashout Pattern,2026-01-22 11:29:21,2026-08-30 19:17:07,Analytical cluster HS-36 contains 24 correlated cashout withdrawal events. Authorized review recommended for preventive intelligence.,True,v1.0.0-xgb-dbscan,15.8497,74.4977,2026-09-18 08:28:59.457143+00:00,2026-09-18 08:28:59.457143+00:00,Analytical alert — authorized human review required. Does not establish criminal activity.,
ALT-000255,WITHDRAWAL_HOTSPOT,HIGH,NEW,,HS-37,33.0,0.3271,37.0,Historical Cashout Pattern,2026-01-23 12:52:23,2026-08-29 23:00:49,Analytical cluster HS-37 contains 37 correlated cashout withdrawal events. Authorized review recommended for preventive intelligence.,True,v1.0.0-xgb-dbscan,17.3297,76.8343,2026-09-18 08:28:59.458142+00:00,2026-09-18 08:28:59.458142+00:00,Analytical alert — authorized human review required. Does not establish criminal activity.,
ALT-000256,WITHDRAWAL_HOTSPOT,HIGH,NEW,,HS-38,33.0,0.33,20.0,Historical Cashout Pattern,2026-02-21 14:03:57,2026-08-27 07:47:27,Analytical cluster HS-38 contains 20 correlated cashout withdrawal events. Authorized review recommended for preventive intelligence.,True,v1.0.0-xgb-dbscan,17.6868,83.2185,2026-09-18 08:28:59.458142+00:00,2026-09-18 08:28:59.458142+00:00,Analytical alert — authorized human review required. Does not establish criminal activity.,
ALT-000257,WITHDRAWAL_HOTSPOT,HIGH,NEW,,HS-39,37.0,0.3717,21.0,Historical Cashout Pattern,2026-03-11 08:09:02,2026-08-14 07:57:36,Analytical cluster HS-39 contains 21 correlated cashout withdrawal events. Authorized review recommended for preventive intelligence.,True,v1.0.0-xgb-dbscan,16.5062,80.648,2026-09-18 08:28:59.459534+00:00,2026-09-18 08:28:59.459534+00:00,Analytical alert — authorized human review required. Does not establish criminal activity.,
ALT-000258,CRITICAL_RISK_LOCATION,CRITICAL,NEW,SYNTH_DEMO_CRIT_001,,91.0,0.91,1.0,INVESTMENT_SCAM,2026-09-18 08:28:59,2026-09-18 08:28:59,CRITICAL predictive withdrawal probability (91%) detected in Bengaluru Central. Prioritize authorized human analytical review.,True,v1.0.0-xgb-calibrated,12.9716,77.5946,2026-09-18 08:28:59.460539+00:00,2026-09-18 08:28:59.460539+00:00,Analytical alert — authorized human review required. Does not establish criminal activity.,
ALT-000259,HOTSPOT_CRITICAL_RISK,CRITICAL,NEW,,HS-99,88.0,0.885,48.0,Clustered Incidents,2026-08-01 00:00:00,2026-08-31 23:59:59,"Analytical spatial cluster HS-99 exhibits critical aggregate predictive withdrawal risk (avg score 88.5, 48 events). Authorized human review required.",True,v1.0.0-xgb-dbscan,13.0358,77.597,2026-09-18 08:28:59.461677+00:00,2026-09-18 08:28:59.461677+00:00,Analytical alert — authorized human review required. Does not establish criminal activity.,
ALT-000260,HIGH_RISK_LOCATION,HIGH,NEW,CASE005474,,61.0,0.6111,1.0,CREDENTIAL_THEFT,2026-08-07 19:31:13,2026-08-07 19:31:13,HIGH predictive withdrawal probability (61%) detected in Tiruchirappalli. Prioritize authorized human analytical review.,True,v1.0.0-xgb-calibrated,10.79,78.7,2026-09-19 07:59:42.097296+00:00,2026-09-19 07:59:42.097296+00:00,Analytical alert — authorized human review required. Does not establish criminal activity.,
ALT-000261,HIGH_RISK_LOCATION,HIGH,NEW,CASE007772,,63.0,0.6319,1.0,PAYMENT_FRAUD,2026-08-09 06:36:11,2026-08-09 06:36:11,HIGH predictive withdrawal probability (63%) detected in Tiruchirappalli. Prioritize authorized human analytical review.,True,v1.0.0-xgb-calibrated,10.79,78.7,2026-09-19 07:59:42.099297+00:00,2026-09-19 07:59:42.099297+00:00,Analytical alert — authorized human review required. Does not establish criminal activity.,
ALT-000262,HIGH_RISK_LOCATION,HIGH,NEW,CASE000291,,60.0,0.598,1.0,SOCIAL_ENGINEERING,2026-08-12 09:43:38,2026-08-12 09:43:38,HIGH predictive withdrawal probability (60%) detected in Nellore. Prioritize authorized human analytical review.,True,v1.0.0-xgb-calibrated,14.44,79.99,2026-09-19 07:59:42.100295+00:00,2026-09-19 07:59:42.100295+00:00,Analytical alert — authorized human review required. Does not establish criminal activity.,
ALT-000263,HIGH_RISK_LOCATION,HIGH,NEW,CASE005308,,61.0,0.6126,1.0,PAYMENT_FRAUD,2026-08-14 10:14:57,2026-08-14 10:14:57,HIGH predictive withdrawal probability (61%) detected in Visakhapatnam. Prioritize authorized human analytical review.,True,v1.0.0-xgb-calibrated,17.69,83.22,2026-09-19 07:59:42.102298+00:00,2026-09-19 07:59:42.102298+00:00,Analytical alert — authorized human review required. Does not establish criminal activity.,
ALT-000264,HIGH_RISK_LOCATION,HIGH,NEW,CASE005914,,60.0,0.5983,1.0,PAYMENT_FRAUD,2026-08-24 01:55:21,2026-08-24 01:55:21,HIGH predictive withdrawal probability (60%) detected in Kakinada. Prioritize authorized human analytical review.,True,v1.0.0-xgb-calibrated,16.99,82.25,2026-09-19 07:59:42.103544+00:00,2026-09-19 07:59:42.103544+00:00,Analytical alert — authorized human review required. Does not establish criminal activity.,
ALT-000265,HOTSPOT_ELEVATED_RISK,HIGH,NEW,,HS-24,37.0,0.3716,290.0,Clustered Incidents,2026-01-01 17:11:34,2026-08-31 23:55:41,"Analytical spatial cluster HS-24 exhibits high aggregate predictive withdrawal risk (avg score 37.2, 290 events). Authorized human review required.",True,v1.0.0-xgb-dbscan,16.9891,82.2475,2026-09-19 07:59:42.104555+00:00,2026-09-19 07:59:42.104555+00:00,Analytical alert — authorized human review required. Does not establish criminal activity.,
ALT-000266,HOTSPOT_ELEVATED_RISK,HIGH,NEW,,HS-38,38.0,0.3809,251.0,Clustered Incidents,2026-01-03 07:20:42,2026-08-30 19:54:04,"Analytical spatial cluster HS-38 exhibits high aggregate predictive withdrawal risk (avg score 38.1, 251 events). Authorized human review required.",True,v1.0.0-xgb-dbscan,14.4426,79.9865,2026-09-19 07:59:42.106551+00:00,2026-09-19 07:59:42.106551+00:00,Analytical alert — authorized human review required. Does not establish criminal activity.,
ALT-000267,HOTSPOT_ELEVATED_RISK,HIGH,NEW,,HS-22,36.0,0.356,226.0,Clustered Incidents,2026-01-01 16:15:38,2026-08-31 11:37:39,"Analytical spatial cluster HS-22 exhibits high aggregate predictive withdrawal risk (avg score 35.6, 226 events). Authorized human review required.",True,v1.0.0-xgb-dbscan,17.6868,83.2185,2026-09-19 07:59:42.107553+00:00,2026-09-19 07:59:42.107553+00:00,Analytical alert — authorized human review required. Does not establish criminal activity.,
ALT-000268,HOTSPOT_ELEVATED_RISK,HIGH,NEW,,HS-18,41.0,0.4111,224.0,Clustered Incidents,2026-01-01 12:03:45,2026-08-31 19:14:26,"Analytical spatial cluster HS-18 exhibits high aggregate predictive withdrawal risk (avg score 41.1, 224 events). Authorized human review required.",True,v1.0.0-xgb-dbscan,10.7905,78.7047,2026-09-19 07:59:42.109554+00:00,2026-09-19 07:59:42.109554+00:00,Analytical alert — authorized human review required. Does not establish criminal activity.,
ALT-000269,WITHDRAWAL_HOTSPOT,HIGH,NEW,,HS-0,31.0,0.31,30.0,Historical Cashout Pattern,2026-01-01 03:51:33,2026-08-17 13:28:08,Analytical cluster HS-0 contains 30 correlated cashout withdrawal events. Authorized review recommended for preventive intelligence.,True,v1.0.0-xgb-dbscan,9.5916,76.5222,2026-09-19 07:59:42.110554+00:00,2026-09-19 07:59:42.110554+00:00,Analytical alert — authorized human review required. Does not establish criminal activity.,
ALT-000270,WITHDRAWAL_HOTSPOT,HIGH,NEW,,HS-1,31.0,0.314,33.0,Historical Cashout Pattern,2026-01-01 08:02:39,2026-08-28 04:12:02,Analytical cluster HS-1 contains 33 correlated cashout withdrawal events. Authorized review recommended for preventive intelligence.,True,v1.0.0-xgb-dbscan,10.787,79.1378,2026-09-19 07:59:42.111552+00:00,2026-09-19 07:59:42.111552+00:00,Analytical alert — authorized human review required. Does not establish criminal activity.,
ALT-000271,WITHDRAWAL_HOTSPOT,HIGH,NEW,,HS-2,32.0,0.32,30.0,Historical Cashout Pattern,2026-01-01 08:26:57,2026-08-25 06:37:29,Analytical cluster HS-2 contains 30 correlated cashout withdrawal events. Authorized review recommended for preventive intelligence.,True,v1.0.0-xgb-dbscan,10.5276,76.2144,2026-09-19 07:59:42.112553+00:00,2026-09-19 07:59:42.112553+00:00,Analytical alert — authorized human review required. Does not establish criminal activity.,
ALT-000272,WITHDRAWAL_HOTSPOT,HIGH,NEW,,HS-3,34.0,0.34,24.0,Historical Cashout Pattern,2026-01-01 19:10:46,2026-08-25 22:40:14,Analytical cluster HS-3 contains 24 correlated cashout withdrawal events. Authorized review recommended for preventive intelligence.,True,v1.0.0-xgb-dbscan,9.9816,76.2999,2026-09-19 07:59:42.114553+00:00,2026-09-19 07:59:42.114553+00:00,Analytical alert — authorized human review required. Does not establish criminal activity.,
ALT-000273,WITHDRAWAL_HOTSPOT,HIGH,NEW,,HS-4,38.0,0.375,27.0,Historical Cashout Pattern,2026-01-01 20:07:06,2026-07-29 15:33:21,Analytical cluster HS-4 contains 27 correlated cashout withdrawal events. Authorized review recommended for preventive intelligence.,True,v1.0.0-xgb-dbscan,9.9252,78.1198,2026-09-19 07:59:42.115552+00:00,2026-09-19 07:59:42.115552+00:00,Analytical alert — authorized human review required. Does not establish criminal activity.,
ALT-000274,WITHDRAWAL_HOTSPOT,HIGH,NEW,,HS-5,65.0,0.65,28.0,Historical Cashout Pattern,2026-01-02 03:37:10,2026-07-27 07:56:17,Analytical cluster HS-5 contains 28 correlated cashout withdrawal events. Authorized review recommended for preventive intelligence.,True,v1.0.0-xgb-dbscan,11.8745,75.3704,2026-09-19 07:59:42.117786+00:00,2026-09-19 07:59:42.117786+00:00,Analytical alert — authorized human review required. Does not establish criminal activity.,
ALT-000275,WITHDRAWAL_HOTSPOT,HIGH,NEW,,HS-6,30.0,0.2957,22.0,Historical Cashout Pattern,2026-01-02 09:58:20,2026-08-24 08:56:40,Analytical cluster HS-6 contains 22 correlated cashout withdrawal events. Authorized review recommended for preventive intelligence.,True,v1.0.0-xgb-dbscan,11.2588,75.7804,2026-09-19 07:59:42.118783+00:00,2026-09-19 07:59:42.118783+00:00,Analytical alert — authorized human review required. Does not establish criminal activity.,
ALT-000276,WITHDRAWAL_HOTSPOT,HIGH,NEW,,HS-7,34.0,0.34,32.0,Historical Cashout Pattern,2026-01-03 00:12:57,2026-08-19 12:11:36,Analytical cluster HS-7 contains 32 correlated cashout withdrawal events. Authorized review recommended for preventive intelligence.,True,v1.0.0-xgb-dbscan,11.341,77.7172,2026-09-19 07:59:42.119782+00:00,2026-09-19 07:59:42.119782+00:00,Analytical alert — authorized human review required. Does not establish criminal activity.,
ALT-000277,WITHDRAWAL_HOTSPOT,HIGH,NEW,,HS-8,42.0,0.415,30.0,Historical Cashout Pattern,2026-01-03 07:20:42,2026-08-13 21:17:15,Analytical cluster HS-8 contains 30 correlated cashout withdrawal events. Authorized review recommended for preventive intelligence.,True,v1.0.0-xgb-dbscan,14.4426,79.9865,2026-09-19 07:59:42.120785+00:00,2026-09-19 07:59:42.120785+00:00,Analytical alert — authorized human review required. Does not establish criminal activity.,
ALT-000278,WITHDRAWAL_HOTSPOT,HIGH,NEW,,HS-9,52.0,0.516,29.0,Historical Cashout Pattern,2026-01-03 12:45:03,2026-08-28 11:23:54,Analytical cluster HS-9 contains 29 correlated cashout withdrawal events. Authorized review recommended for preventive intelligence.,True,v1.0.0-xgb-dbscan,10.7905,78.7047,2026-09-19 07:59:42.122781+00:00,2026-09-19 07:59:42.122781+00:00,Analytical alert — authorized human review required. Does not establish criminal activity.,
ALT-000279,WITHDRAWAL_HOTSPOT,HIGH,NEW,,HS-10,39.0,0.3883,38.0,Historical Cashout Pattern,2026-01-04 00:29:00,2026-08-23 21:02:41,Analytical cluster HS-10 contains 38 correlated cashout withdrawal events. Authorized review recommended for preventive intelligence.,True,v1.0.0-xgb-dbscan,16.9891,82.2475,2026-09-19 07:59:42.123859+00:00,2026-09-19 07:59:42.123859+00:00,Analytical alert — authorized human review required. Does not establish criminal activity.,
ALT-000280,WITHDRAWAL_HOTSPOT,HIGH,NEW,,HS-11,35.0,0.346,30.0,Historical Cashout Pattern,2026-01-04 04:37:33,2026-08-30 00:42:53,Analytical cluster HS-11 contains 30 correlated cashout withdrawal events. Authorized review recommended for preventive intelligence.,True,v1.0.0-xgb-dbscan,13.9299,75.5681,2026-09-19 07:59:42.124869+00:00,2026-09-19 07:59:42.124869+00:00,Analytical alert — authorized human review required. Does not establish criminal activity.,
ALT-000281,WITHDRAWAL_HOTSPOT,HIGH,NEW,,HS-12,27.0,0.2725,28.0,Historical Cashout Pattern,2026-01-04 10:11:26,2026-08-21 15:47:40,Analytical cluster HS-12 contains 28 correlated cashout withdrawal events. Authorized review recommended for preventive intelligence.,True,v1.0.0-xgb-dbscan,13.3409,74.7421,2026-09-19 07:59:42.125868+00:00,2026-09-19 07:59:42.125868+00:00,Analytical alert — authorized human review required. Does not establish criminal activity.,
ALT-000282,WITHDRAWAL_HOTSPOT,HIGH,NEW,,HS-13,23.0,0.23,21.0,Historical Cashout Pattern,2026-01-04 16:38:30,2026-08-21 05:55:14,Analytical cluster HS-13 contains 21 correlated cashout withdrawal events. Authorized review recommended for preventive intelligence.,True,v1.0.0-xgb-dbscan,12.2958,76.6394,2026-09-19 07:59:42.127250+00:00,2026-09-19 07:59:42.127250+00:00,Analytical alert — authorized human review required. Does not establish criminal activity.,
ALT-000283,WITHDRAWAL_HOTSPOT,HIGH,NEW,,HS-14,28.0,0.285,28.0,Historical Cashout Pattern,2026-01-05 00:25:49,2026-08-25 23:39:18,Analytical cluster HS-14 contains 28 correlated cashout withdrawal events. Authorized review recommended for preventive intelligence.,True,v1.0.0-xgb-dbscan,13.3392,77.101,2026-09-19 07:59:42.128259+00:00,2026-09-19 07:59:42.128259+00:00,Analytical alert — authorized human review required. Does not establish criminal activity.,
ALT-000284,WITHDRAWAL_HOTSPOT,HIGH,NEW,,HS-15,37.0,0.3725,25.0,Historical Cashout Pattern,2026-01-05 15:24:51,2026-08-29 01:29:14,Analytical cluster HS-15 contains 25 correlated cashout withdrawal events. Authorized review recommended for preventive intelligence.,True,v1.0.0-xgb-dbscan,11.0168,76.9558,2026-09-19 07:59:42.129260+00:00,2026-09-19 07:59:42.129260+00:00,Analytical alert — authorized human review required. Does not establish criminal activity.,
ALT-000285,WITHDRAWAL_HOTSPOT,HIGH,NEW,,HS-16,36.0,0.365,23.0,Historical Cashout Pattern,2026-01-05 15:53:22,2026-08-25 02:30:59,Analytical cluster HS-16 contains 23 correlated cashout withdrawal events. Authorized review recommended for preventive intelligence.,True,v1.0.0-xgb-dbscan,15.3647,75.124,2026-09-19 07:59:42.131769+00:00,2026-09-19 07:59:42.131769+00:00,Analytical alert — authorized human review required. Does not establish criminal activity.,
ALT-000286,WITHDRAWAL_HOTSPOT,HIGH,NEW,,HS-17,39.0,0.39,24.0,Historical Cashout Pattern,2026-01-06 01:36:16,2026-08-19 21:40:37,Analytical cluster HS-17 contains 24 correlated cashout withdrawal events. Authorized review recommended for preventive intelligence.,True,v1.0.0-xgb-dbscan,10.3673,77.9803,2026-09-19 07:59:42.132768+00:00,2026-09-19 07:59:42.132768+00:00,Analytical alert — authorized human review required. Does not establish criminal activity.,
ALT-000287,WITHDRAWAL_HOTSPOT,HIGH,NEW,,HS-18,40.0,0.3967,27.0,Historical Cashout Pattern,2026-01-06 15:36:07,2026-08-19 08:46:04,Analytical cluster HS-18 contains 27 correlated cashout withdrawal events. Authorized review recommended for preventive intelligence.,True,v1.0.0-xgb-dbscan,13.6288,79.4192,2026-09-19 07:59:42.133768+00:00,2026-09-19 07:59:42.133768+00:00,Analytical alert — authorized human review required. Does not establish criminal activity.,
ALT-000288,WITHDRAWAL_HOTSPOT,HIGH,NEW,,HS-19,34.0,0.335,27.0,Historical Cashout Pattern,2026-01-07 00:32:35,2026-08-26 23:29:11,Analytical cluster HS-19 contains 27 correlated cashout withdrawal events. Authorized review recommended for preventive intelligence.,True,v1.0.0-xgb-dbscan,8.5241,76.9366,2026-09-19 07:59:42.134769+00:00,2026-09-19 07:59:42.134769+00:00,Analytical alert — authorized human review required. Does not establish criminal activity.,
ALT-000289,WITHDRAWAL_HOTSPOT,HIGH,NEW,,HS-20,33.0,0.3333,36.0,Historical Cashout Pattern,2026-01-07 01:29:14,2026-08-15 04:20:28,Analytical cluster HS-20 contains 36 correlated cashout withdrawal events. Authorized review recommended for preventive intelligence.,True,v1.0.0-xgb-dbscan,16.3067,80.4365,2026-09-19 07:59:42.137249+00:00,2026-09-19 07:59:42.137249+00:00,Analytical alert — authorized human review required. Does not establish criminal activity.,
ALT-000290,WITHDRAWAL_HOTSPOT,HIGH,NEW,,HS-21,36.0,0.36,22.0,Historical Cashout Pattern,2026-01-07 12:05:39,2026-08-05 09:32:29,Analytical cluster HS-21 contains 22 correlated cashout withdrawal events. Authorized review recommended for preventive intelligence.,True,v1.0.0-xgb-dbscan,11.6643,78.146,2026-09-19 07:59:42.138257+00:00,2026-09-19 07:59:42.138257+00:00,Analytical alert — authorized human review required. Does not establish criminal activity.,
ALT-000291,WITHDRAWAL_HOTSPOT,HIGH,NEW,,HS-22,26.0,0.255,22.0,Historical Cashout Pattern,2026-01-07 21:00:12,2026-08-29 05:37:16,Analytical cluster HS-22 contains 22 correlated cashout withdrawal events. Authorized review recommended for preventive intelligence.,True,v1.0.0-xgb-dbscan,10.7867,76.6548,2026-09-19 07:59:42.139257+00:00,2026-09-19 07:59:42.139257+00:00,Analytical alert — authorized human review required. Does not establish criminal activity.,
ALT-000292,WITHDRAWAL_HOTSPOT,HIGH,NEW,,HS-23,34.0,0.345,21.0,Historical Cashout Pattern,2026-01-08 03:30:25,2026-08-29 16:43:14,Analytical cluster HS-23 contains 21 correlated cashout withdrawal events. Authorized review recommended for preventive intelligence.,True,v1.0.0-xgb-dbscan,9.4981,76.3388,2026-09-19 07:59:42.140255+00:00,2026-09-19 07:59:42.140255+00:00,Analytical alert — authorized human review required. Does not establish criminal activity.,
ALT-000293,WITHDRAWAL_HOTSPOT,HIGH,NEW,,HS-24,30.0,0.3,30.0,Historical Cashout Pattern,2026-01-09 00:37:00,2026-08-30 21:20:57,Analytical cluster HS-24 contains 30 correlated cashout withdrawal events. Authorized review recommended for preventive intelligence.,True,v1.0.0-xgb-dbscan,14.4674,78.8241,2026-09-19 07:59:42.142257+00:00,2026-09-19 07:59:42.142257+00:00,Analytical alert — authorized human review required. Does not establish criminal activity.,
ALT-000294,WITHDRAWAL_HOTSPOT,HIGH,NEW,,HS-25,37.0,0.374,30.0,Historical Cashout Pattern,2026-01-09 08:40:27,2026-08-21 23:47:48,Analytical cluster HS-25 contains 30 correlated cashout withdrawal events. Authorized review recommended for preventive intelligence.,True,v1.0.0-xgb-dbscan,15.8281,78.0373,2026-09-19 07:59:42.143256+00:00,2026-09-19 07:59:42.143256+00:00,Analytical alert — authorized human review required. Does not establish criminal activity.,
ALT-000295,WITHDRAWAL_HOTSPOT,HIGH,NEW,,HS-26,32.0,0.3233,19.0,Historical Cashout Pattern,2026-01-09 15:08:38,2026-08-28 06:22:09,Analytical cluster HS-26 contains 19 correlated cashout withdrawal events. Authorized review recommended for preventive intelligence.,True,v1.0.0-xgb-dbscan,8.7139,77.7567,2026-09-19 07:59:42.144869+00:00,2026-09-19 07:59:42.144869+00:00,Analytical alert — authorized human review required. Does not establish criminal activity.,
ALT-000296,WITHDRAWAL_HOTSPOT,HIGH,NEW,,HS-27,30.0,0.3,18.0,Historical Cashout Pattern,2026-01-10 13:24:34,2026-08-27 03:57:58,Analytical cluster HS-27 contains 18 correlated cashout withdrawal events. Authorized review recommended for preventive intelligence.,True,v1.0.0-xgb-dbscan,15.1394,76.9214,2026-09-19 07:59:42.144869+00:00,2026-09-19 07:59:42.144869+00:00,Analytical alert — authorized human review required. Does not establish criminal activity.,
ALT-000297,WITHDRAWAL_HOTSPOT,HIGH,NEW,,HS-28,40.0,0.3975,18.0,Historical Cashout Pattern,2026-01-12 02:49:15,2026-08-15 22:44:22,Analytical cluster HS-28 contains 18 correlated cashout withdrawal events. Authorized review recommended for preventive intelligence.,True,v1.0.0-xgb-dbscan,12.9165,79.1325,2026-09-19 07:59:42.146390+00:00,2026-09-19 07:59:42.146390+00:00,Analytical alert — authorized human review required. Does not establish criminal activity.,
ALT-000298,WITHDRAWAL_HOTSPOT,HIGH,NEW,,HS-29,12.0,0.12,16.0,Historical Cashout Pattern,2026-01-13 01:15:16,2026-08-09 14:39:58,Analytical cluster HS-29 contains 16 correlated cashout withdrawal events. Authorized review recommended for preventive intelligence.,True,v1.0.0-xgb-dbscan,12.9141,74.856,2026-09-19 07:59:42.147958+00:00,2026-09-19 07:59:42.147958+00:00,Analytical alert — authorized human review required. Does not establish criminal activity.,
ALT-000299,WITHDRAWAL_HOTSPOT,HIGH,NEW,,HS-30,28.0,0.278,31.0,Historical Cashout Pattern,2026-01-13 07:58:50,2026-08-18 09:40:15,Analytical cluster HS-30 contains 31 correlated cashout withdrawal events. Authorized review recommended for preventive intelligence.,True,v1.0.0-xgb-dbscan,16.9891,81.784,2026-09-19 07:59:42.149488+00:00,2026-09-19 07:59:42.149488+00:00,Analytical alert — authorized human review required. Does not establish criminal activity.,
ALT-000300,WITHDRAWAL_HOTSPOT,HIGH,NEW,,HS-31,36.0,0.365,26.0,Historical Cashout Pattern,2026-01-13 11:22:26,2026-08-29 21:16:57,Analytical cluster HS-31 contains 26 correlated cashout withdrawal events. Authorized review recommended for preventive intelligence.,True,v1.0.0-xgb-dbscan,12.9716,77.5946,2026-09-19 07:59:42.151496+00:00,2026-09-19 07:59:42.151496+00:00,Analytical alert — authorized human review required. Does not establish criminal activity.,
ALT-000301,WITHDRAWAL_HOTSPOT,HIGH,NEW,,HS-32,15.0,0.15,20.0,Historical Cashout Pattern,2026-01-13 12:52:28,2026-08-31 20:43:06,Analytical cluster HS-32 contains 20 correlated cashout withdrawal events. Authorized review recommended for preventive intelligence.,True,v1.0.0-xgb-dbscan,11.051,76.0711,2026-09-19 07:59:42.152497+00:00,2026-09-19 07:59:42.152497+00:00,Analytical alert — authorized human review required. Does not establish criminal activity.,
ALT-000302,WITHDRAWAL_HOTSPOT,HIGH,NEW,,HS-33,44.0,0.44,22.0,Historical Cashout Pattern,2026-01-14 02:06:10,2026-08-16 06:40:51,Analytical cluster HS-33 contains 22 correlated cashout withdrawal events. Authorized review recommended for preventive intelligence.,True,v1.0.0-xgb-dbscan,14.6819,77.6006,2026-09-19 07:59:42.153497+00:00,2026-09-19 07:59:42.153497+00:00,Analytical alert — authorized human review required. Does not establish criminal activity.,
ALT-000303,WITHDRAWAL_HOTSPOT,HIGH,NEW,,HS-34,20.0,0.2033,15.0,Historical Cashout Pattern,2026-01-19 08:15:25,2026-08-26 20:13:54,Analytical cluster HS-34 contains 15 correlated cashout withdrawal events. Authorized review recommended for preventive intelligence.,True,v1.0.0-xgb-dbscan,8.8932,76.6141,2026-09-19 07:59:42.155497+00:00,2026-09-19 07:59:42.155497+00:00,Analytical alert — authorized human review required. Does not establish criminal activity.,
ALT-000304,WITHDRAWAL_HOTSPOT,HIGH,NEW,,HS-35,23.0,0.2343,23.0,Historical Cashout Pattern,2026-01-21 03:11:39,2026-08-30 06:27:55,Analytical cluster HS-35 contains 23 correlated cashout withdrawal events. Authorized review recommended for preventive intelligence.,True,v1.0.0-xgb-dbscan,13.0827,80.2707,2026-09-19 07:59:42.156498+00:00,2026-09-19 07:59:42.156498+00:00,Analytical alert — authorized human review required. Does not establish criminal activity.,
ALT-000305,WITHDRAWAL_HOTSPOT,HIGH,NEW,,HS-36,29.0,0.2925,24.0,Historical Cashout Pattern,2026-01-22 11:29:21,2026-08-30 19:17:07,Analytical cluster HS-36 contains 24 correlated cashout withdrawal events. Authorized review recommended for preventive intelligence.,True,v1.0.0-xgb-dbscan,15.8497,74.4977,2026-09-19 07:59:42.157496+00:00,2026-09-19 07:59:42.157496+00:00,Analytical alert — authorized human review required. Does not establish criminal activity.,
ALT-000306,WITHDRAWAL_HOTSPOT,HIGH,NEW,,HS-37,33.0,0.3271,37.0,Historical Cashout Pattern,2026-01-23 12:52:23,2026-08-29 23:00:49,Analytical cluster HS-37 contains 37 correlated cashout withdrawal events. Authorized review recommended for preventive intelligence.,True,v1.0.0-xgb-dbscan,17.3297,76.8343,2026-09-19 07:59:42.158667+00:00,2026-09-19 07:59:42.158667+00:00,Analytical alert — authorized human review required. Does not establish criminal activity.,
ALT-000307,WITHDRAWAL_HOTSPOT,HIGH,NEW,,HS-38,33.0,0.33,20.0,Historical Cashout Pattern,2026-02-21 14:03:57,2026-08-27 07:47:27,Analytical cluster HS-38 contains 20 correlated cashout withdrawal events. Authorized review recommended for preventive intelligence.,True,v1.0.0-xgb-dbscan,17.6868,83.2185,2026-09-19 07:59:42.160680+00:00,2026-09-19 07:59:42.160680+00:00,Analytical alert — authorized human review required. Does not establish criminal activity.,
ALT-000308,WITHDRAWAL_HOTSPOT,HIGH,NEW,,HS-39,37.0,0.3717,21.0,Historical Cashout Pattern,2026-03-11 08:09:02,2026-08-14 07:57:36,Analytical cluster HS-39 contains 21 correlated cashout withdrawal events. Authorized review recommended for preventive intelligence.,True,v1.0.0-xgb-dbscan,16.5062,80.648,2026-09-19 07:59:42.160680+00:00,2026-09-19 07:59:42.160680+00:00,Analytical alert — authorized human review required. Does not establish criminal activity.,
ALT-000309,CRITICAL_RISK_LOCATION,CRITICAL,NEW,SYNTH_DEMO_CRIT_001,,91.0,0.91,1.0,INVESTMENT_SCAM,2026-09-19 07:59:42,2026-09-19 07:59:42,CRITICAL predictive withdrawal probability (91%) detected in Bengaluru Central. Prioritize authorized human analytical review.,True,v1.0.0-xgb-calibrated,12.9716,77.5946,2026-09-19 07:59:42.163090+00:00,2026-09-19 07:59:42.163090+00:00,Analytical alert — authorized human review required. Does not establish criminal activity.,
ALT-000310,HOTSPOT_CRITICAL_RISK,CRITICAL,NEW,,HS-99,88.0,0.885,48.0,Clustered Incidents,2026-08-01 00:00:00,2026-08-31 23:59:59,"Analytical spatial cluster HS-99 exhibits critical aggregate predictive withdrawal risk (avg score 88.5, 48 events). Authorized human review required.",True,v1.0.0-xgb-dbscan,13.0358,77.597,2026-09-19 07:59:42.164101+00:00,2026-09-19 07:59:42.164101+00:00,Analytical alert — authorized human review required. Does not establish criminal activity.,
ALT-000311,HIGH_RISK_LOCATION,HIGH,NEW,CASE005474,,61.0,0.6111,1.0,CREDENTIAL_THEFT,2026-08-07 19:31:13,2026-08-07 19:31:13,HIGH predictive withdrawal probability (61%) detected in Tiruchirappalli. Prioritize authorized human analytical review.,True,v1.0.0-xgb-calibrated,10.79,78.7,2026-09-19 08:21:05.541073+00:00,2026-09-19 08:21:05.541073+00:00,Analytical alert — authorized human review required. Does not establish criminal activity.,
ALT-000312,HIGH_RISK_LOCATION,HIGH,NEW,CASE007772,,63.0,0.6319,1.0,PAYMENT_FRAUD,2026-08-09 06:36:11,2026-08-09 06:36:11,HIGH predictive withdrawal probability (63%) detected in Tiruchirappalli. Prioritize authorized human analytical review.,True,v1.0.0-xgb-calibrated,10.79,78.7,2026-09-19 08:21:05.543081+00:00,2026-09-19 08:21:05.543081+00:00,Analytical alert — authorized human review required. Does not establish criminal activity.,
ALT-000313,HIGH_RISK_LOCATION,HIGH,NEW,CASE000291,,60.0,0.598,1.0,SOCIAL_ENGINEERING,2026-08-12 09:43:38,2026-08-12 09:43:38,HIGH predictive withdrawal probability (60%) detected in Nellore. Prioritize authorized human analytical review.,True,v1.0.0-xgb-calibrated,14.44,79.99,2026-09-19 08:21:05.544950+00:00,2026-09-19 08:21:05.544950+00:00,Analytical alert — authorized human review required. Does not establish criminal activity.,
ALT-000314,HIGH_RISK_LOCATION,HIGH,NEW,CASE005308,,61.0,0.6126,1.0,PAYMENT_FRAUD,2026-08-14 10:14:57,2026-08-14 10:14:57,HIGH predictive withdrawal probability (61%) detected in Visakhapatnam. Prioritize authorized human analytical review.,True,v1.0.0-xgb-calibrated,17.69,83.22,2026-09-19 08:21:05.544950+00:00,2026-09-19 08:21:05.544950+00:00,Analytical alert — authorized human review required. Does not establish criminal activity.,
ALT-000315,HIGH_RISK_LOCATION,HIGH,NEW,CASE005914,,60.0,0.5983,1.0,PAYMENT_FRAUD,2026-08-24 01:55:21,2026-08-24 01:55:21,HIGH predictive withdrawal probability (60%) detected in Kakinada. Prioritize authorized human analytical review.,True,v1.0.0-xgb-calibrated,16.99,82.25,2026-09-19 08:21:05.546416+00:00,2026-09-19 08:21:05.546416+00:00,Analytical alert — authorized human review required. Does not establish criminal activity.,
ALT-000316,HOTSPOT_ELEVATED_RISK,HIGH,NEW,,HS-24,37.0,0.3716,290.0,Clustered Incidents,2026-01-01 17:11:34,2026-08-31 23:55:41,"Analytical spatial cluster HS-24 exhibits high aggregate predictive withdrawal risk (avg score 37.2, 290 events). Authorized human review required.",True,v1.0.0-xgb-dbscan,16.9891,82.2475,2026-09-19 08:21:05.547423+00:00,2026-09-19 08:21:05.547423+00:00,Analytical alert — authorized human review required. Does not establish criminal activity.,
ALT-000317,HOTSPOT_ELEVATED_RISK,HIGH,NEW,,HS-38,38.0,0.3809,251.0,Clustered Incidents,2026-01-03 07:20:42,2026-08-30 19:54:04,"Analytical spatial cluster HS-38 exhibits high aggregate predictive withdrawal risk (avg score 38.1, 251 events). Authorized human review required.",True,v1.0.0-xgb-dbscan,14.4426,79.9865,2026-09-19 08:21:05.548422+00:00,2026-09-19 08:21:05.548422+00:00,Analytical alert — authorized human review required. Does not establish criminal activity.,
ALT-000318,HOTSPOT_ELEVATED_RISK,HIGH,NEW,,HS-22,36.0,0.356,226.0,Clustered Incidents,2026-01-01 16:15:38,2026-08-31 11:37:39,"Analytical spatial cluster HS-22 exhibits high aggregate predictive withdrawal risk (avg score 35.6, 226 events). Authorized human review required.",True,v1.0.0-xgb-dbscan,17.6868,83.2185,2026-09-19 08:21:05.549688+00:00,2026-09-19 08:21:05.549688+00:00,Analytical alert — authorized human review required. Does not establish criminal activity.,
ALT-000319,HOTSPOT_ELEVATED_RISK,HIGH,NEW,,HS-18,41.0,0.4111,224.0,Clustered Incidents,2026-01-01 12:03:45,2026-08-31 19:14:26,"Analytical spatial cluster HS-18 exhibits high aggregate predictive withdrawal risk (avg score 41.1, 224 events). Authorized human review required.",True,v1.0.0-xgb-dbscan,10.7905,78.7047,2026-09-19 08:21:05.550758+00:00,2026-09-19 08:21:05.550758+00:00,Analytical alert — authorized human review required. Does not establish criminal activity.,
ALT-000320,WITHDRAWAL_HOTSPOT,HIGH,NEW,,HS-0,31.0,0.31,30.0,Historical Cashout Pattern,2026-01-01 03:51:33,2026-08-17 13:28:08,Analytical cluster HS-0 contains 30 correlated cashout withdrawal events. Authorized review recommended for preventive intelligence.,True,v1.0.0-xgb-dbscan,9.5916,76.5222,2026-09-19 08:21:05.551971+00:00,2026-09-19 08:21:05.551971+00:00,Analytical alert — authorized human review required. Does not establish criminal activity.,
ALT-000321,WITHDRAWAL_HOTSPOT,HIGH,NEW,,HS-1,31.0,0.314,33.0,Historical Cashout Pattern,2026-01-01 08:02:39,2026-08-28 04:12:02,Analytical cluster HS-1 contains 33 correlated cashout withdrawal events. Authorized review recommended for preventive intelligence.,True,v1.0.0-xgb-dbscan,10.787,79.1378,2026-09-19 08:21:05.552968+00:00,2026-09-19 08:21:05.552968+00:00,Analytical alert — authorized human review required. Does not establish criminal activity.,
ALT-000322,WITHDRAWAL_HOTSPOT,HIGH,NEW,,HS-2,32.0,0.32,30.0,Historical Cashout Pattern,2026-01-01 08:26:57,2026-08-25 06:37:29,Analytical cluster HS-2 contains 30 correlated cashout withdrawal events. Authorized review recommended for preventive intelligence.,True,v1.0.0-xgb-dbscan,10.5276,76.2144,2026-09-19 08:21:05.553970+00:00,2026-09-19 08:21:05.553970+00:00,Analytical alert — authorized human review required. Does not establish criminal activity.,
ALT-000323,WITHDRAWAL_HOTSPOT,HIGH,NEW,,HS-3,34.0,0.34,24.0,Historical Cashout Pattern,2026-01-01 19:10:46,2026-08-25 22:40:14,Analytical cluster HS-3 contains 24 correlated cashout withdrawal events. Authorized review recommended for preventive intelligence.,True,v1.0.0-xgb-dbscan,9.9816,76.2999,2026-09-19 08:21:05.553970+00:00,2026-09-19 08:21:05.553970+00:00,Analytical alert — authorized human review required. Does not establish criminal activity.,
ALT-000324,WITHDRAWAL_HOTSPOT,HIGH,NEW,,HS-4,38.0,0.375,27.0,Historical Cashout Pattern,2026-01-01 20:07:06,2026-07-29 15:33:21,Analytical cluster HS-4 contains 27 correlated cashout withdrawal events. Authorized review recommended for preventive intelligence.,True,v1.0.0-xgb-dbscan,9.9252,78.1198,2026-09-19 08:21:05.555475+00:00,2026-09-19 08:21:05.555475+00:00,Analytical alert — authorized human review required. Does not establish criminal activity.,
ALT-000325,WITHDRAWAL_HOTSPOT,HIGH,NEW,,HS-5,65.0,0.65,28.0,Historical Cashout Pattern,2026-01-02 03:37:10,2026-07-27 07:56:17,Analytical cluster HS-5 contains 28 correlated cashout withdrawal events. Authorized review recommended for preventive intelligence.,True,v1.0.0-xgb-dbscan,11.8745,75.3704,2026-09-19 08:21:05.556480+00:00,2026-09-19 08:21:05.556480+00:00,Analytical alert — authorized human review required. Does not establish criminal activity.,
ALT-000326,WITHDRAWAL_HOTSPOT,HIGH,NEW,,HS-6,30.0,0.2957,22.0,Historical Cashout Pattern,2026-01-02 09:58:20,2026-08-24 08:56:40,Analytical cluster HS-6 contains 22 correlated cashout withdrawal events. Authorized review recommended for preventive intelligence.,True,v1.0.0-xgb-dbscan,11.2588,75.7804,2026-09-19 08:21:05.557490+00:00,2026-09-19 08:21:05.557490+00:00,Analytical alert — authorized human review required. Does not establish criminal activity.,
ALT-000327,WITHDRAWAL_HOTSPOT,HIGH,NEW,,HS-7,34.0,0.34,32.0,Historical Cashout Pattern,2026-01-03 00:12:57,2026-08-19 12:11:36,Analytical cluster HS-7 contains 32 correlated cashout withdrawal events. Authorized review recommended for preventive intelligence.,True,v1.0.0-xgb-dbscan,11.341,77.7172,2026-09-19 08:21:05.558488+00:00,2026-09-19 08:21:05.558488+00:00,Analytical alert — authorized human review required. Does not establish criminal activity.,
ALT-000328,WITHDRAWAL_HOTSPOT,HIGH,NEW,,HS-8,42.0,0.415,30.0,Historical Cashout Pattern,2026-01-03 07:20:42,2026-08-13 21:17:15,Analytical cluster HS-8 contains 30 correlated cashout withdrawal events. Authorized review recommended for preventive intelligence.,True,v1.0.0-xgb-dbscan,14.4426,79.9865,2026-09-19 08:21:05.558488+00:00,2026-09-19 08:21:05.558488+00:00,Analytical alert — authorized human review required. Does not establish criminal activity.,
ALT-000329,WITHDRAWAL_HOTSPOT,HIGH,NEW,,HS-9,52.0,0.516,29.0,Historical Cashout Pattern,2026-01-03 12:45:03,2026-08-28 11:23:54,Analytical cluster HS-9 contains 29 correlated cashout withdrawal events. Authorized review recommended for preventive intelligence.,True,v1.0.0-xgb-dbscan,10.7905,78.7047,2026-09-19 08:21:05.559487+00:00,2026-09-19 08:21:05.559487+00:00,Analytical alert — authorized human review required. Does not establish criminal activity.,
ALT-000330,WITHDRAWAL_HOTSPOT,HIGH,NEW,,HS-10,39.0,0.3883,38.0,Historical Cashout Pattern,2026-01-04 00:29:00,2026-08-23 21:02:41,Analytical cluster HS-10 contains 38 correlated cashout withdrawal events. Authorized review recommended for preventive intelligence.,True,v1.0.0-xgb-dbscan,16.9891,82.2475,2026-09-19 08:21:05.560488+00:00,2026-09-19 08:21:05.560488+00:00,Analytical alert — authorized human review required. Does not establish criminal activity.,
ALT-000331,WITHDRAWAL_HOTSPOT,HIGH,NEW,,HS-11,35.0,0.346,30.0,Historical Cashout Pattern,2026-01-04 04:37:33,2026-08-30 00:42:53,Analytical cluster HS-11 contains 30 correlated cashout withdrawal events. Authorized review recommended for preventive intelligence.,True,v1.0.0-xgb-dbscan,13.9299,75.5681,2026-09-19 08:21:05.561486+00:00,2026-09-19 08:21:05.561486+00:00,Analytical alert — authorized human review required. Does not establish criminal activity.,
ALT-000332,WITHDRAWAL_HOTSPOT,HIGH,NEW,,HS-12,27.0,0.2725,28.0,Historical Cashout Pattern,2026-01-04 10:11:26,2026-08-21 15:47:40,Analytical cluster HS-12 contains 28 correlated cashout withdrawal events. Authorized review recommended for preventive intelligence.,True,v1.0.0-xgb-dbscan,13.3409,74.7421,2026-09-19 08:21:05.562487+00:00,2026-09-19 08:21:05.562487+00:00,Analytical alert — authorized human review required. Does not establish criminal activity.,
ALT-000333,WITHDRAWAL_HOTSPOT,HIGH,NEW,,HS-13,23.0,0.23,21.0,Historical Cashout Pattern,2026-01-04 16:38:30,2026-08-21 05:55:14,Analytical cluster HS-13 contains 21 correlated cashout withdrawal events. Authorized review recommended for preventive intelligence.,True,v1.0.0-xgb-dbscan,12.2958,76.6394,2026-09-19 08:21:05.563491+00:00,2026-09-19 08:21:05.563491+00:00,Analytical alert — authorized human review required. Does not establish criminal activity.,
ALT-000334,WITHDRAWAL_HOTSPOT,HIGH,NEW,,HS-14,28.0,0.285,28.0,Historical Cashout Pattern,2026-01-05 00:25:49,2026-08-25 23:39:18,Analytical cluster HS-14 contains 28 correlated cashout withdrawal events. Authorized review recommended for preventive intelligence.,True,v1.0.0-xgb-dbscan,13.3392,77.101,2026-09-19 08:21:05.565004+00:00,2026-09-19 08:21:05.565004+00:00,Analytical alert — authorized human review required. Does not establish criminal activity.,
ALT-000335,WITHDRAWAL_HOTSPOT,HIGH,NEW,,HS-15,37.0,0.3725,25.0,Historical Cashout Pattern,2026-01-05 15:24:51,2026-08-29 01:29:14,Analytical cluster HS-15 contains 25 correlated cashout withdrawal events. Authorized review recommended for preventive intelligence.,True,v1.0.0-xgb-dbscan,11.0168,76.9558,2026-09-19 08:21:05.566012+00:00,2026-09-19 08:21:05.566012+00:00,Analytical alert — authorized human review required. Does not establish criminal activity.,
ALT-000336,WITHDRAWAL_HOTSPOT,HIGH,NEW,,HS-16,36.0,0.365,23.0,Historical Cashout Pattern,2026-01-05 15:53:22,2026-08-25 02:30:59,Analytical cluster HS-16 contains 23 correlated cashout withdrawal events. Authorized review recommended for preventive intelligence.,True,v1.0.0-xgb-dbscan,15.3647,75.124,2026-09-19 08:21:05.567012+00:00,2026-09-19 08:21:05.567012+00:00,Analytical alert — authorized human review required. Does not establish criminal activity.,
ALT-000337,WITHDRAWAL_HOTSPOT,HIGH,NEW,,HS-17,39.0,0.39,24.0,Historical Cashout Pattern,2026-01-06 01:36:16,2026-08-19 21:40:37,Analytical cluster HS-17 contains 24 correlated cashout withdrawal events. Authorized review recommended for preventive intelligence.,True,v1.0.0-xgb-dbscan,10.3673,77.9803,2026-09-19 08:21:05.568018+00:00,2026-09-19 08:21:05.568018+00:00,Analytical alert — authorized human review required. Does not establish criminal activity.,
ALT-000338,WITHDRAWAL_HOTSPOT,HIGH,NEW,,HS-18,40.0,0.3967,27.0,Historical Cashout Pattern,2026-01-06 15:36:07,2026-08-19 08:46:04,Analytical cluster HS-18 contains 27 correlated cashout withdrawal events. Authorized review recommended for preventive intelligence.,True,v1.0.0-xgb-dbscan,13.6288,79.4192,2026-09-19 08:21:05.569020+00:00,2026-09-19 08:21:05.569020+00:00,Analytical alert — authorized human review required. Does not establish criminal activity.,
ALT-000339,WITHDRAWAL_HOTSPOT,HIGH,NEW,,HS-19,34.0,0.335,27.0,Historical Cashout Pattern,2026-01-07 00:32:35,2026-08-26 23:29:11,Analytical cluster HS-19 contains 27 correlated cashout withdrawal events. Authorized review recommended for preventive intelligence.,True,v1.0.0-xgb-dbscan,8.5241,76.9366,2026-09-19 08:21:05.570021+00:00,2026-09-19 08:21:05.570021+00:00,Analytical alert — authorized human review required. Does not establish criminal activity.,
ALT-000340,WITHDRAWAL_HOTSPOT,HIGH,NEW,,HS-20,33.0,0.3333,36.0,Historical Cashout Pattern,2026-01-07 01:29:14,2026-08-15 04:20:28,Analytical cluster HS-20 contains 36 correlated cashout withdrawal events. Authorized review recommended for preventive intelligence.,True,v1.0.0-xgb-dbscan,16.3067,80.4365,2026-09-19 08:21:05.570021+00:00,2026-09-19 08:21:05.570021+00:00,Analytical alert — authorized human review required. Does not establish criminal activity.,
ALT-000341,WITHDRAWAL_HOTSPOT,HIGH,NEW,,HS-21,36.0,0.36,22.0,Historical Cashout Pattern,2026-01-07 12:05:39,2026-08-05 09:32:29,Analytical cluster HS-21 contains 22 correlated cashout withdrawal events. Authorized review recommended for preventive intelligence.,True,v1.0.0-xgb-dbscan,11.6643,78.146,2026-09-19 08:21:05.572515+00:00,2026-09-19 08:21:05.572515+00:00,Analytical alert — authorized human review required. Does not establish criminal activity.,
ALT-000342,WITHDRAWAL_HOTSPOT,HIGH,NEW,,HS-22,26.0,0.255,22.0,Historical Cashout Pattern,2026-01-07 21:00:12,2026-08-29 05:37:16,Analytical cluster HS-22 contains 22 correlated cashout withdrawal events. Authorized review recommended for preventive intelligence.,True,v1.0.0-xgb-dbscan,10.7867,76.6548,2026-09-19 08:21:05.573516+00:00,2026-09-19 08:21:05.573516+00:00,Analytical alert — authorized human review required. Does not establish criminal activity.,
ALT-000343,WITHDRAWAL_HOTSPOT,HIGH,NEW,,HS-23,34.0,0.345,21.0,Historical Cashout Pattern,2026-01-08 03:30:25,2026-08-29 16:43:14,Analytical cluster HS-23 contains 21 correlated cashout withdrawal events. Authorized review recommended for preventive intelligence.,True,v1.0.0-xgb-dbscan,9.4981,76.3388,2026-09-19 08:21:05.573516+00:00,2026-09-19 08:21:05.573516+00:00,Analytical alert — authorized human review required. Does not establish criminal activity.,
ALT-000344,WITHDRAWAL_HOTSPOT,HIGH,NEW,,HS-24,30.0,0.3,30.0,Historical Cashout Pattern,2026-01-09 00:37:00,2026-08-30 21:20:57,Analytical cluster HS-24 contains 30 correlated cashout withdrawal events. Authorized review recommended for preventive intelligence.,True,v1.0.0-xgb-dbscan,14.4674,78.8241,2026-09-19 08:21:05.575022+00:00,2026-09-19 08:21:05.575022+00:00,Analytical alert — authorized human review required. Does not establish criminal activity.,
ALT-000345,WITHDRAWAL_HOTSPOT,HIGH,NEW,,HS-25,37.0,0.374,30.0,Historical Cashout Pattern,2026-01-09 08:40:27,2026-08-21 23:47:48,Analytical cluster HS-25 contains 30 correlated cashout withdrawal events. Authorized review recommended for preventive intelligence.,True,v1.0.0-xgb-dbscan,15.8281,78.0373,2026-09-19 08:21:05.576030+00:00,2026-09-19 08:21:05.576030+00:00,Analytical alert — authorized human review required. Does not establish criminal activity.,
ALT-000346,WITHDRAWAL_HOTSPOT,HIGH,NEW,,HS-26,32.0,0.3233,19.0,Historical Cashout Pattern,2026-01-09 15:08:38,2026-08-28 06:22:09,Analytical cluster HS-26 contains 19 correlated cashout withdrawal events. Authorized review recommended for preventive intelligence.,True,v1.0.0-xgb-dbscan,8.7139,77.7567,2026-09-19 08:21:05.576030+00:00,2026-09-19 08:21:05.576030+00:00,Analytical alert — authorized human review required. Does not establish criminal activity.,
ALT-000347,WITHDRAWAL_HOTSPOT,HIGH,NEW,,HS-27,30.0,0.3,18.0,Historical Cashout Pattern,2026-01-10 13:24:34,2026-08-27 03:57:58,Analytical cluster HS-27 contains 18 correlated cashout withdrawal events. Authorized review recommended for preventive intelligence.,True,v1.0.0-xgb-dbscan,15.1394,76.9214,2026-09-19 08:21:05.578533+00:00,2026-09-19 08:21:05.578533+00:00,Analytical alert — authorized human review required. Does not establish criminal activity.,
ALT-000348,WITHDRAWAL_HOTSPOT,HIGH,NEW,,HS-28,40.0,0.3975,18.0,Historical Cashout Pattern,2026-01-12 02:49:15,2026-08-15 22:44:22,Analytical cluster HS-28 contains 18 correlated cashout withdrawal events. Authorized review recommended for preventive intelligence.,True,v1.0.0-xgb-dbscan,12.9165,79.1325,2026-09-19 08:21:05.579531+00:00,2026-09-19 08:21:05.579531+00:00,Analytical alert — authorized human review required. Does not establish criminal activity.,
ALT-000349,WITHDRAWAL_HOTSPOT,HIGH,NEW,,HS-29,12.0,0.12,16.0,Historical Cashout Pattern,2026-01-13 01:15:16,2026-08-09 14:39:58,Analytical cluster HS-29 contains 16 correlated cashout withdrawal events. Authorized review recommended for preventive intelligence.,True,v1.0.0-xgb-dbscan,12.9141,74.856,2026-09-19 08:21:05.580530+00:00,2026-09-19 08:21:05.580530+00:00,Analytical alert — authorized human review required. Does not establish criminal activity.,
ALT-000350,WITHDRAWAL_HOTSPOT,HIGH,NEW,,HS-30,28.0,0.278,31.0,Historical Cashout Pattern,2026-01-13 07:58:50,2026-08-18 09:40:15,Analytical cluster HS-30 contains 31 correlated cashout withdrawal events. Authorized review recommended for preventive intelligence.,True,v1.0.0-xgb-dbscan,16.9891,81.784,2026-09-19 08:21:05.581529+00:00,2026-09-19 08:21:05.581529+00:00,Analytical alert — authorized human review required. Does not establish criminal activity.,
ALT-000351,WITHDRAWAL_HOTSPOT,HIGH,NEW,,HS-31,36.0,0.365,26.0,Historical Cashout Pattern,2026-01-13 11:22:26,2026-08-29 21:16:57,Analytical cluster HS-31 contains 26 correlated cashout withdrawal events. Authorized review recommended for preventive intelligence.,True,v1.0.0-xgb-dbscan,12.9716,77.5946,2026-09-19 08:21:05.582529+00:00,2026-09-19 08:21:05.582529+00:00,Analytical alert — authorized human review required. Does not establish criminal activity.,
ALT-000352,WITHDRAWAL_HOTSPOT,HIGH,NEW,,HS-32,15.0,0.15,20.0,Historical Cashout Pattern,2026-01-13 12:52:28,2026-08-31 20:43:06,Analytical cluster HS-32 contains 20 correlated cashout withdrawal events. Authorized review recommended for preventive intelligence.,True,v1.0.0-xgb-dbscan,11.051,76.0711,2026-09-19 08:21:05.583530+00:00,2026-09-19 08:21:05.583530+00:00,Analytical alert — authorized human review required. Does not establish criminal activity.,
ALT-000353,WITHDRAWAL_HOTSPOT,HIGH,NEW,,HS-33,44.0,0.44,22.0,Historical Cashout Pattern,2026-01-14 02:06:10,2026-08-16 06:40:51,Analytical cluster HS-33 contains 22 correlated cashout withdrawal events. Authorized review recommended for preventive intelligence.,True,v1.0.0-xgb-dbscan,14.6819,77.6006,2026-09-19 08:21:05.584661+00:00,2026-09-19 08:21:05.584661+00:00,Analytical alert — authorized human review required. Does not establish criminal activity.,
ALT-000354,WITHDRAWAL_HOTSPOT,HIGH,NEW,,HS-34,20.0,0.2033,15.0,Historical Cashout Pattern,2026-01-19 08:15:25,2026-08-26 20:13:54,Analytical cluster HS-34 contains 15 correlated cashout withdrawal events. Authorized review recommended for preventive intelligence.,True,v1.0.0-xgb-dbscan,8.8932,76.6141,2026-09-19 08:21:05.585170+00:00,2026-09-19 08:21:05.585170+00:00,Analytical alert — authorized human review required. Does not establish criminal activity.,
ALT-000355,WITHDRAWAL_HOTSPOT,HIGH,NEW,,HS-35,23.0,0.2343,23.0,Historical Cashout Pattern,2026-01-21 03:11:39,2026-08-30 06:27:55,Analytical cluster HS-35 contains 23 correlated cashout withdrawal events. Authorized review recommended for preventive intelligence.,True,v1.0.0-xgb-dbscan,13.0827,80.2707,2026-09-19 08:21:05.587177+00:00,2026-09-19 08:21:05.587177+00:00,Analytical alert — authorized human review required. Does not establish criminal activity.,
ALT-000356,WITHDRAWAL_HOTSPOT,HIGH,NEW,,HS-36,29.0,0.2925,24.0,Historical Cashout Pattern,2026-01-22 11:29:21,2026-08-30 19:17:07,Analytical cluster HS-36 contains 24 correlated cashout withdrawal events. Authorized review recommended for preventive intelligence.,True,v1.0.0-xgb-dbscan,15.8497,74.4977,2026-09-19 08:21:05.587177+00:00,2026-09-19 08:21:05.587177+00:00,Analytical alert — authorized human review required. Does not establish criminal activity.,
ALT-000357,WITHDRAWAL_HOTSPOT,HIGH,NEW,,HS-37,33.0,0.3271,37.0,Historical Cashout Pattern,2026-01-23 12:52:23,2026-08-29 23:00:49,Analytical cluster HS-37 contains 37 correlated cashout withdrawal events. Authorized review recommended for preventive intelligence.,True,v1.0.0-xgb-dbscan,17.3297,76.8343,2026-09-19 08:21:05.588658+00:00,2026-09-19 08:21:05.588658+00:00,Analytical alert — authorized human review required. Does not establish criminal activity.,
ALT-000358,WITHDRAWAL_HOTSPOT,HIGH,NEW,,HS-38,33.0,0.33,20.0,Historical Cashout Pattern,2026-02-21 14:03:57,2026-08-27 07:47:27,Analytical cluster HS-38 contains 20 correlated cashout withdrawal events. Authorized review recommended for preventive intelligence.,True,v1.0.0-xgb-dbscan,17.6868,83.2185,2026-09-19 08:21:05.589663+00:00,2026-09-19 08:21:05.589663+00:00,Analytical alert — authorized human review required. Does not establish criminal activity.,
ALT-000359,WITHDRAWAL_HOTSPOT,HIGH,NEW,,HS-39,37.0,0.3717,21.0,Historical Cashout Pattern,2026-03-11 08:09:02,2026-08-14 07:57:36,Analytical cluster HS-39 contains 21 correlated cashout withdrawal events. Authorized review recommended for preventive intelligence.,True,v1.0.0-xgb-dbscan,16.5062,80.648,2026-09-19 08:21:05.590663+00:00,2026-09-19 08:21:05.590663+00:00,Analytical alert — authorized human review required. Does not establish criminal activity.,
ALT-000360,CRITICAL_RISK_LOCATION,CRITICAL,NEW,SYNTH_DEMO_CRIT_001,,91.0,0.91,1.0,INVESTMENT_SCAM,2026-09-19 08:21:05,2026-09-19 08:21:05,CRITICAL predictive withdrawal probability (91%) detected in Bengaluru Central. Prioritize authorized human analytical review.,True,v1.0.0-xgb-calibrated,12.9716,77.5946,2026-09-19 08:21:05.591666+00:00,2026-09-19 08:21:05.591666+00:00,Analytical alert — authorized human review required. Does not establish criminal activity.,
ALT-000361,HOTSPOT_CRITICAL_RISK,CRITICAL,NEW,,HS-99,88.0,0.885,48.0,Clustered Incidents,2026-08-01 00:00:00,2026-08-31 23:59:59,"Analytical spatial cluster HS-99 exhibits critical aggregate predictive withdrawal risk (avg score 88.5, 48 events). Authorized human review required.",True,v1.0.0-xgb-dbscan,13.0358,77.597,2026-09-19 08:21:05.592665+00:00,2026-09-19 08:21:05.592665+00:00,Analytical alert — authorized human review required. Does not establish criminal activity.,
ALT-000362,HIGH_RISK_LOCATION,HIGH,NEW,CASE005474,,61.0,0.6111,1.0,CREDENTIAL_THEFT,2026-08-07 19:31:13,2026-08-07 19:31:13,HIGH predictive withdrawal probability (61%) detected in Tiruchirappalli. Prioritize authorized human analytical review.,True,v1.0.0-xgb-calibrated,10.79,78.7,2026-09-19 09:31:10.577344+00:00,2026-09-19 09:31:10.577344+00:00,Analytical alert — authorized human review required. Does not establish criminal activity.,
ALT-000363,HIGH_RISK_LOCATION,HIGH,NEW,CASE007772,,63.0,0.6319,1.0,PAYMENT_FRAUD,2026-08-09 06:36:11,2026-08-09 06:36:11,HIGH predictive withdrawal probability (63%) detected in Tiruchirappalli. Prioritize authorized human analytical review.,True,v1.0.0-xgb-calibrated,10.79,78.7,2026-09-19 09:31:10.579833+00:00,2026-09-19 09:31:10.579833+00:00,Analytical alert — authorized human review required. Does not establish criminal activity.,
ALT-000364,HIGH_RISK_LOCATION,HIGH,NEW,CASE000291,,60.0,0.598,1.0,SOCIAL_ENGINEERING,2026-08-12 09:43:38,2026-08-12 09:43:38,HIGH predictive withdrawal probability (60%) detected in Nellore. Prioritize authorized human analytical review.,True,v1.0.0-xgb-calibrated,14.44,79.99,2026-09-19 09:31:10.579833+00:00,2026-09-19 09:31:10.579833+00:00,Analytical alert — authorized human review required. Does not establish criminal activity.,
ALT-000365,HIGH_RISK_LOCATION,HIGH,NEW,CASE005308,,61.0,0.6126,1.0,PAYMENT_FRAUD,2026-08-14 10:14:57,2026-08-14 10:14:57,HIGH predictive withdrawal probability (61%) detected in Visakhapatnam. Prioritize authorized human analytical review.,True,v1.0.0-xgb-calibrated,17.69,83.22,2026-09-19 09:31:10.580966+00:00,2026-09-19 09:31:10.580966+00:00,Analytical alert — authorized human review required. Does not establish criminal activity.,
ALT-000366,HIGH_RISK_LOCATION,HIGH,NEW,CASE005914,,60.0,0.5983,1.0,PAYMENT_FRAUD,2026-08-24 01:55:21,2026-08-24 01:55:21,HIGH predictive withdrawal probability (60%) detected in Kakinada. Prioritize authorized human analytical review.,True,v1.0.0-xgb-calibrated,16.99,82.25,2026-09-19 09:31:10.581974+00:00,2026-09-19 09:31:10.581974+00:00,Analytical alert — authorized human review required. Does not establish criminal activity.,
ALT-000367,HOTSPOT_ELEVATED_RISK,HIGH,NEW,,HS-24,37.0,0.3716,290.0,Clustered Incidents,2026-01-01 17:11:34,2026-08-31 23:55:41,"Analytical spatial cluster HS-24 exhibits high aggregate predictive withdrawal risk (avg score 37.2, 290 events). Authorized human review required.",True,v1.0.0-xgb-dbscan,16.9891,82.2475,2026-09-19 09:31:10.581974+00:00,2026-09-19 09:31:10.581974+00:00,Analytical alert — authorized human review required. Does not establish criminal activity.,
ALT-000368,HOTSPOT_ELEVATED_RISK,HIGH,NEW,,HS-38,38.0,0.3809,251.0,Clustered Incidents,2026-01-03 07:20:42,2026-08-30 19:54:04,"Analytical spatial cluster HS-38 exhibits high aggregate predictive withdrawal risk (avg score 38.1, 251 events). Authorized human review required.",True,v1.0.0-xgb-dbscan,14.4426,79.9865,2026-09-19 09:31:10.582974+00:00,2026-09-19 09:31:10.582974+00:00,Analytical alert — authorized human review required. Does not establish criminal activity.,
ALT-000369,HOTSPOT_ELEVATED_RISK,HIGH,NEW,,HS-22,36.0,0.356,226.0,Clustered Incidents,2026-01-01 16:15:38,2026-08-31 11:37:39,"Analytical spatial cluster HS-22 exhibits high aggregate predictive withdrawal risk (avg score 35.6, 226 events). Authorized human review required.",True,v1.0.0-xgb-dbscan,17.6868,83.2185,2026-09-19 09:31:10.583972+00:00,2026-09-19 09:31:10.583972+00:00,Analytical alert — authorized human review required. Does not establish criminal activity.,
ALT-000370,HOTSPOT_ELEVATED_RISK,HIGH,NEW,,HS-18,41.0,0.4111,224.0,Clustered Incidents,2026-01-01 12:03:45,2026-08-31 19:14:26,"Analytical spatial cluster HS-18 exhibits high aggregate predictive withdrawal risk (avg score 41.1, 224 events). Authorized human review required.",True,v1.0.0-xgb-dbscan,10.7905,78.7047,2026-09-19 09:31:10.585301+00:00,2026-09-19 09:31:10.585301+00:00,Analytical alert — authorized human review required. Does not establish criminal activity.,
ALT-000371,WITHDRAWAL_HOTSPOT,HIGH,NEW,,HS-0,31.0,0.31,30.0,Historical Cashout Pattern,2026-01-01 03:51:33,2026-08-17 13:28:08,Analytical cluster HS-0 contains 30 correlated cashout withdrawal events. Authorized review recommended for preventive intelligence.,True,v1.0.0-xgb-dbscan,9.5916,76.5222,2026-09-19 09:31:10.585301+00:00,2026-09-19 09:31:10.585301+00:00,Analytical alert — authorized human review required. Does not establish criminal activity.,
ALT-000372,WITHDRAWAL_HOTSPOT,HIGH,NEW,,HS-1,31.0,0.314,33.0,Historical Cashout Pattern,2026-01-01 08:02:39,2026-08-28 04:12:02,Analytical cluster HS-1 contains 33 correlated cashout withdrawal events. Authorized review recommended for preventive intelligence.,True,v1.0.0-xgb-dbscan,10.787,79.1378,2026-09-19 09:31:10.586634+00:00,2026-09-19 09:31:10.586634+00:00,Analytical alert — authorized human review required. Does not establish criminal activity.,
ALT-000373,WITHDRAWAL_HOTSPOT,HIGH,NEW,,HS-2,32.0,0.32,30.0,Historical Cashout Pattern,2026-01-01 08:26:57,2026-08-25 06:37:29,Analytical cluster HS-2 contains 30 correlated cashout withdrawal events. Authorized review recommended for preventive intelligence.,True,v1.0.0-xgb-dbscan,10.5276,76.2144,2026-09-19 09:31:10.586634+00:00,2026-09-19 09:31:10.586634+00:00,Analytical alert — authorized human review required. Does not establish criminal activity.,
ALT-000374,WITHDRAWAL_HOTSPOT,HIGH,NEW,,HS-3,34.0,0.34,24.0,Historical Cashout Pattern,2026-01-01 19:10:46,2026-08-25 22:40:14,Analytical cluster HS-3 contains 24 correlated cashout withdrawal events. Authorized review recommended for preventive intelligence.,True,v1.0.0-xgb-dbscan,9.9816,76.2999,2026-09-19 09:31:10.587644+00:00,2026-09-19 09:31:10.587644+00:00,Analytical alert — authorized human review required. Does not establish criminal activity.,
ALT-000375,WITHDRAWAL_HOTSPOT,HIGH,NEW,,HS-4,38.0,0.375,27.0,Historical Cashout Pattern,2026-01-01 20:07:06,2026-07-29 15:33:21,Analytical cluster HS-4 contains 27 correlated cashout withdrawal events. Authorized review recommended for preventive intelligence.,True,v1.0.0-xgb-dbscan,9.9252,78.1198,2026-09-19 09:31:10.588645+00:00,2026-09-19 09:31:10.588645+00:00,Analytical alert — authorized human review required. Does not establish criminal activity.,
ALT-000376,WITHDRAWAL_HOTSPOT,HIGH,NEW,,HS-5,65.0,0.65,28.0,Historical Cashout Pattern,2026-01-02 03:37:10,2026-07-27 07:56:17,Analytical cluster HS-5 contains 28 correlated cashout withdrawal events. Authorized review recommended for preventive intelligence.,True,v1.0.0-xgb-dbscan,11.8745,75.3704,2026-09-19 09:31:10.588645+00:00,2026-09-19 09:31:10.588645+00:00,Analytical alert — authorized human review required. Does not establish criminal activity.,
ALT-000377,WITHDRAWAL_HOTSPOT,HIGH,NEW,,HS-6,30.0,0.2957,22.0,Historical Cashout Pattern,2026-01-02 09:58:20,2026-08-24 08:56:40,Analytical cluster HS-6 contains 22 correlated cashout withdrawal events. Authorized review recommended for preventive intelligence.,True,v1.0.0-xgb-dbscan,11.2588,75.7804,2026-09-19 09:31:10.589954+00:00,2026-09-19 09:31:10.589954+00:00,Analytical alert — authorized human review required. Does not establish criminal activity.,
ALT-000378,WITHDRAWAL_HOTSPOT,HIGH,NEW,,HS-7,34.0,0.34,32.0,Historical Cashout Pattern,2026-01-03 00:12:57,2026-08-19 12:11:36,Analytical cluster HS-7 contains 32 correlated cashout withdrawal events. Authorized review recommended for preventive intelligence.,True,v1.0.0-xgb-dbscan,11.341,77.7172,2026-09-19 09:31:10.589954+00:00,2026-09-19 09:31:10.589954+00:00,Analytical alert — authorized human review required. Does not establish criminal activity.,
ALT-000379,WITHDRAWAL_HOTSPOT,HIGH,NEW,,HS-8,42.0,0.415,30.0,Historical Cashout Pattern,2026-01-03 07:20:42,2026-08-13 21:17:15,Analytical cluster HS-8 contains 30 correlated cashout withdrawal events. Authorized review recommended for preventive intelligence.,True,v1.0.0-xgb-dbscan,14.4426,79.9865,2026-09-19 09:31:10.591288+00:00,2026-09-19 09:31:10.591288+00:00,Analytical alert — authorized human review required. Does not establish criminal activity.,
ALT-000380,WITHDRAWAL_HOTSPOT,HIGH,NEW,,HS-9,52.0,0.516,29.0,Historical Cashout Pattern,2026-01-03 12:45:03,2026-08-28 11:23:54,Analytical cluster HS-9 contains 29 correlated cashout withdrawal events. Authorized review recommended for preventive intelligence.,True,v1.0.0-xgb-dbscan,10.7905,78.7047,2026-09-19 09:31:10.591288+00:00,2026-09-19 09:31:10.591288+00:00,Analytical alert — authorized human review required. Does not establish criminal activity.,
ALT-000381,WITHDRAWAL_HOTSPOT,HIGH,NEW,,HS-10,39.0,0.3883,38.0,Historical Cashout Pattern,2026-01-04 00:29:00,2026-08-23 21:02:41,Analytical cluster HS-10 contains 38 correlated cashout withdrawal events. Authorized review recommended for preventive intelligence.,True,v1.0.0-xgb-dbscan,16.9891,82.2475,2026-09-19 09:31:10.592774+00:00,2026-09-19 09:31:10.592774+00:00,Analytical alert — authorized human review required. Does not establish criminal activity.,
ALT-000382,WITHDRAWAL_HOTSPOT,HIGH,NEW,,HS-11,35.0,0.346,30.0,Historical Cashout Pattern,2026-01-04 04:37:33,2026-08-30 00:42:53,Analytical cluster HS-11 contains 30 correlated cashout withdrawal events. Authorized review recommended for preventive intelligence.,True,v1.0.0-xgb-dbscan,13.9299,75.5681,2026-09-19 09:31:10.592774+00:00,2026-09-19 09:31:10.592774+00:00,Analytical alert — authorized human review required. Does not establish criminal activity.,
ALT-000383,WITHDRAWAL_HOTSPOT,HIGH,NEW,,HS-12,27.0,0.2725,28.0,Historical Cashout Pattern,2026-01-04 10:11:26,2026-08-21 15:47:40,Analytical cluster HS-12 contains 28 correlated cashout withdrawal events. Authorized review recommended for preventive intelligence.,True,v1.0.0-xgb-dbscan,13.3409,74.7421,2026-09-19 09:31:10.594087+00:00,2026-09-19 09:31:10.594087+00:00,Analytical alert — authorized human review required. Does not establish criminal activity.,
ALT-000384,WITHDRAWAL_HOTSPOT,HIGH,NEW,,HS-13,23.0,0.23,21.0,Historical Cashout Pattern,2026-01-04 16:38:30,2026-08-21 05:55:14,Analytical cluster HS-13 contains 21 correlated cashout withdrawal events. Authorized review recommended for preventive intelligence.,True,v1.0.0-xgb-dbscan,12.2958,76.6394,2026-09-19 09:31:10.595087+00:00,2026-09-19 09:31:10.595087+00:00,Analytical alert — authorized human review required. Does not establish criminal activity.,
ALT-000385,WITHDRAWAL_HOTSPOT,HIGH,NEW,,HS-14,28.0,0.285,28.0,Historical Cashout Pattern,2026-01-05 00:25:49,2026-08-25 23:39:18,Analytical cluster HS-14 contains 28 correlated cashout withdrawal events. Authorized review recommended for preventive intelligence.,True,v1.0.0-xgb-dbscan,13.3392,77.101,2026-09-19 09:31:10.595087+00:00,2026-09-19 09:31:10.595087+00:00,Analytical alert — authorized human review required. Does not establish criminal activity.,
ALT-000386,WITHDRAWAL_HOTSPOT,HIGH,NEW,,HS-15,37.0,0.3725,25.0,Historical Cashout Pattern,2026-01-05 15:24:51,2026-08-29 01:29:14,Analytical cluster HS-15 contains 25 correlated cashout withdrawal events. Authorized review recommended for preventive intelligence.,True,v1.0.0-xgb-dbscan,11.0168,76.9558,2026-09-19 09:31:10.596474+00:00,2026-09-19 09:31:10.596474+00:00,Analytical alert — authorized human review required. Does not establish criminal activity.,
ALT-000387,WITHDRAWAL_HOTSPOT,HIGH,NEW,,HS-16,36.0,0.365,23.0,Historical Cashout Pattern,2026-01-05 15:53:22,2026-08-25 02:30:59,Analytical cluster HS-16 contains 23 correlated cashout withdrawal events. Authorized review recommended for preventive intelligence.,True,v1.0.0-xgb-dbscan,15.3647,75.124,2026-09-19 09:31:10.596474+00:00,2026-09-19 09:31:10.596474+00:00,Analytical alert — authorized human review required. Does not establish criminal activity.,
ALT-000388,WITHDRAWAL_HOTSPOT,HIGH,NEW,,HS-17,39.0,0.39,24.0,Historical Cashout Pattern,2026-01-06 01:36:16,2026-08-19 21:40:37,Analytical cluster HS-17 contains 24 correlated cashout withdrawal events. Authorized review recommended for preventive intelligence.,True,v1.0.0-xgb-dbscan,10.3673,77.9803,2026-09-19 09:31:10.597480+00:00,2026-09-19 09:31:10.597480+00:00,Analytical alert — authorized human review required. Does not establish criminal activity.,
ALT-000389,WITHDRAWAL_HOTSPOT,HIGH,NEW,,HS-18,40.0,0.3967,27.0,Historical Cashout Pattern,2026-01-06 15:36:07,2026-08-19 08:46:04,Analytical cluster HS-18 contains 27 correlated cashout withdrawal events. Authorized review recommended for preventive intelligence.,True,v1.0.0-xgb-dbscan,13.6288,79.4192,2026-09-19 09:31:10.597480+00:00,2026-09-19 09:31:10.597480+00:00,Analytical alert — authorized human review required. Does not establish criminal activity.,
ALT-000390,WITHDRAWAL_HOTSPOT,HIGH,NEW,,HS-19,34.0,0.335,27.0,Historical Cashout Pattern,2026-01-07 00:32:35,2026-08-26 23:29:11,Analytical cluster HS-19 contains 27 correlated cashout withdrawal events. Authorized review recommended for preventive intelligence.,True,v1.0.0-xgb-dbscan,8.5241,76.9366,2026-09-19 09:31:10.598480+00:00,2026-09-19 09:31:10.598480+00:00,Analytical alert — authorized human review required. Does not establish criminal activity.,
ALT-000391,WITHDRAWAL_HOTSPOT,HIGH,NEW,,HS-20,33.0,0.3333,36.0,Historical Cashout Pattern,2026-01-07 01:29:14,2026-08-15 04:20:28,Analytical cluster HS-20 contains 36 correlated cashout withdrawal events. Authorized review recommended for preventive intelligence.,True,v1.0.0-xgb-dbscan,16.3067,80.4365,2026-09-19 09:31:10.600489+00:00,2026-09-19 09:31:10.600489+00:00,Analytical alert — authorized human review required. Does not establish criminal activity.,
ALT-000392,WITHDRAWAL_HOTSPOT,HIGH,NEW,,HS-21,36.0,0.36,22.0,Historical Cashout Pattern,2026-01-07 12:05:39,2026-08-05 09:32:29,Analytical cluster HS-21 contains 22 correlated cashout withdrawal events. Authorized review recommended for preventive intelligence.,True,v1.0.0-xgb-dbscan,11.6643,78.146,2026-09-19 09:31:10.601486+00:00,2026-09-19 09:31:10.601486+00:00,Analytical alert — authorized human review required. Does not establish criminal activity.,
ALT-000393,WITHDRAWAL_HOTSPOT,HIGH,NEW,,HS-22,26.0,0.255,22.0,Historical Cashout Pattern,2026-01-07 21:00:12,2026-08-29 05:37:16,Analytical cluster HS-22 contains 22 correlated cashout withdrawal events. Authorized review recommended for preventive intelligence.,True,v1.0.0-xgb-dbscan,10.7867,76.6548,2026-09-19 09:31:10.602487+00:00,2026-09-19 09:31:10.602487+00:00,Analytical alert — authorized human review required. Does not establish criminal activity.,
ALT-000394,WITHDRAWAL_HOTSPOT,HIGH,NEW,,HS-23,34.0,0.345,21.0,Historical Cashout Pattern,2026-01-08 03:30:25,2026-08-29 16:43:14,Analytical cluster HS-23 contains 21 correlated cashout withdrawal events. Authorized review recommended for preventive intelligence.,True,v1.0.0-xgb-dbscan,9.4981,76.3388,2026-09-19 09:31:10.602487+00:00,2026-09-19 09:31:10.602487+00:00,Analytical alert — authorized human review required. Does not establish criminal activity.,
ALT-000395,WITHDRAWAL_HOTSPOT,HIGH,NEW,,HS-24,30.0,0.3,30.0,Historical Cashout Pattern,2026-01-09 00:37:00,2026-08-30 21:20:57,Analytical cluster HS-24 contains 30 correlated cashout withdrawal events. Authorized review recommended for preventive intelligence.,True,v1.0.0-xgb-dbscan,14.4674,78.8241,2026-09-19 09:31:10.603844+00:00,2026-09-19 09:31:10.603844+00:00,Analytical alert — authorized human review required. Does not establish criminal activity.,
ALT-000396,WITHDRAWAL_HOTSPOT,HIGH,NEW,,HS-25,37.0,0.374,30.0,Historical Cashout Pattern,2026-01-09 08:40:27,2026-08-21 23:47:48,Analytical cluster HS-25 contains 30 correlated cashout withdrawal events. Authorized review recommended for preventive intelligence.,True,v1.0.0-xgb-dbscan,15.8281,78.0373,2026-09-19 09:31:10.603844+00:00,2026-09-19 09:31:10.603844+00:00,Analytical alert — authorized human review required. Does not establish criminal activity.,
ALT-000397,WITHDRAWAL_HOTSPOT,HIGH,NEW,,HS-26,32.0,0.3233,19.0,Historical Cashout Pattern,2026-01-09 15:08:38,2026-08-28 06:22:09,Analytical cluster HS-26 contains 19 correlated cashout withdrawal events. Authorized review recommended for preventive intelligence.,True,v1.0.0-xgb-dbscan,8.7139,77.7567,2026-09-19 09:31:10.605203+00:00,2026-09-19 09:31:10.605203+00:00,Analytical alert — authorized human review required. Does not establish criminal activity.,
ALT-000398,WITHDRAWAL_HOTSPOT,HIGH,NEW,,HS-27,30.0,0.3,18.0,Historical Cashout Pattern,2026-01-10 13:24:34,2026-08-27 03:57:58,Analytical cluster HS-27 contains 18 correlated cashout withdrawal events. Authorized review recommended for preventive intelligence.,True,v1.0.0-xgb-dbscan,15.1394,76.9214,2026-09-19 09:31:10.606525+00:00,2026-09-19 09:31:10.606525+00:00,Analytical alert — authorized human review required. Does not establish criminal activity.,
ALT-000399,WITHDRAWAL_HOTSPOT,HIGH,NEW,,HS-28,40.0,0.3975,18.0,Historical Cashout Pattern,2026-01-12 02:49:15,2026-08-15 22:44:22,Analytical cluster HS-28 contains 18 correlated cashout withdrawal events. Authorized review recommended for preventive intelligence.,True,v1.0.0-xgb-dbscan,12.9165,79.1325,2026-09-19 09:31:10.606525+00:00,2026-09-19 09:31:10.606525+00:00,Analytical alert — authorized human review required. Does not establish criminal activity.,
ALT-000400,WITHDRAWAL_HOTSPOT,HIGH,NEW,,HS-29,12.0,0.12,16.0,Historical Cashout Pattern,2026-01-13 01:15:16,2026-08-09 14:39:58,Analytical cluster HS-29 contains 16 correlated cashout withdrawal events. Authorized review recommended for preventive intelligence.,True,v1.0.0-xgb-dbscan,12.9141,74.856,2026-09-19 09:31:10.608005+00:00,2026-09-19 09:31:10.608005+00:00,Analytical alert — authorized human review required. Does not establish criminal activity.,
ALT-000401,WITHDRAWAL_HOTSPOT,HIGH,NEW,,HS-30,28.0,0.278,31.0,Historical Cashout Pattern,2026-01-13 07:58:50,2026-08-18 09:40:15,Analytical cluster HS-30 contains 31 correlated cashout withdrawal events. Authorized review recommended for preventive intelligence.,True,v1.0.0-xgb-dbscan,16.9891,81.784,2026-09-19 09:31:10.608005+00:00,2026-09-19 09:31:10.608005+00:00,Analytical alert — authorized human review required. Does not establish criminal activity.,
ALT-000402,WITHDRAWAL_HOTSPOT,HIGH,NEW,,HS-31,36.0,0.365,26.0,Historical Cashout Pattern,2026-01-13 11:22:26,2026-08-29 21:16:57,Analytical cluster HS-31 contains 26 correlated cashout withdrawal events. Authorized review recommended for preventive intelligence.,True,v1.0.0-xgb-dbscan,12.9716,77.5946,2026-09-19 09:31:10.609474+00:00,2026-09-19 09:31:10.609474+00:00,Analytical alert — authorized human review required. Does not establish criminal activity.,
ALT-000403,WITHDRAWAL_HOTSPOT,HIGH,NEW,,HS-32,15.0,0.15,20.0,Historical Cashout Pattern,2026-01-13 12:52:28,2026-08-31 20:43:06,Analytical cluster HS-32 contains 20 correlated cashout withdrawal events. Authorized review recommended for preventive intelligence.,True,v1.0.0-xgb-dbscan,11.051,76.0711,2026-09-19 09:31:10.609474+00:00,2026-09-19 09:31:10.609474+00:00,Analytical alert — authorized human review required. Does not establish criminal activity.,
ALT-000404,WITHDRAWAL_HOTSPOT,HIGH,NEW,,HS-33,44.0,0.44,22.0,Historical Cashout Pattern,2026-01-14 02:06:10,2026-08-16 06:40:51,Analytical cluster HS-33 contains 22 correlated cashout withdrawal events. Authorized review recommended for preventive intelligence.,True,v1.0.0-xgb-dbscan,14.6819,77.6006,2026-09-19 09:31:10.609474+00:00,2026-09-19 09:31:10.609474+00:00,Analytical alert — authorized human review required. Does not establish criminal activity.,
ALT-000405,WITHDRAWAL_HOTSPOT,HIGH,NEW,,HS-34,20.0,0.2033,15.0,Historical Cashout Pattern,2026-01-19 08:15:25,2026-08-26 20:13:54,Analytical cluster HS-34 contains 15 correlated cashout withdrawal events. Authorized review recommended for preventive intelligence.,True,v1.0.0-xgb-dbscan,8.8932,76.6141,2026-09-19 09:31:10.610902+00:00,2026-09-19 09:31:10.610902+00:00,Analytical alert — authorized human review required. Does not establish criminal activity.,
ALT-000406,WITHDRAWAL_HOTSPOT,HIGH,NEW,,HS-35,23.0,0.2343,23.0,Historical Cashout Pattern,2026-01-21 03:11:39,2026-08-30 06:27:55,Analytical cluster HS-35 contains 23 correlated cashout withdrawal events. Authorized review recommended for preventive intelligence.,True,v1.0.0-xgb-dbscan,13.0827,80.2707,2026-09-19 09:31:10.610902+00:00,2026-09-19 09:31:10.610902+00:00,Analytical alert — authorized human review required. Does not establish criminal activity.,
ALT-000407,WITHDRAWAL_HOTSPOT,HIGH,NEW,,HS-36,29.0,0.2925,24.0,Historical Cashout Pattern,2026-01-22 11:29:21,2026-08-30 19:17:07,Analytical cluster HS-36 contains 24 correlated cashout withdrawal events. Authorized review recommended for preventive intelligence.,True,v1.0.0-xgb-dbscan,15.8497,74.4977,2026-09-19 09:31:10.612341+00:00,2026-09-19 09:31:10.612341+00:00,Analytical alert — authorized human review required. Does not establish criminal activity.,
ALT-000408,WITHDRAWAL_HOTSPOT,HIGH,NEW,,HS-37,33.0,0.3271,37.0,Historical Cashout Pattern,2026-01-23 12:52:23,2026-08-29 23:00:49,Analytical cluster HS-37 contains 37 correlated cashout withdrawal events. Authorized review recommended for preventive intelligence.,True,v1.0.0-xgb-dbscan,17.3297,76.8343,2026-09-19 09:31:10.612341+00:00,2026-09-19 09:31:10.612341+00:00,Analytical alert — authorized human review required. Does not establish criminal activity.,
ALT-000409,WITHDRAWAL_HOTSPOT,HIGH,NEW,,HS-38,33.0,0.33,20.0,Historical Cashout Pattern,2026-02-21 14:03:57,2026-08-27 07:47:27,Analytical cluster HS-38 contains 20 correlated cashout withdrawal events. Authorized review recommended for preventive intelligence.,True,v1.0.0-xgb-dbscan,17.6868,83.2185,2026-09-19 09:31:10.614101+00:00,2026-09-19 09:31:10.614101+00:00,Analytical alert — authorized human review required. Does not establish criminal activity.,
ALT-000410,WITHDRAWAL_HOTSPOT,HIGH,NEW,,HS-39,37.0,0.3717,21.0,Historical Cashout Pattern,2026-03-11 08:09:02,2026-08-14 07:57:36,Analytical cluster HS-39 contains 21 correlated cashout withdrawal events. Authorized review recommended for preventive intelligence.,True,v1.0.0-xgb-dbscan,16.5062,80.648,2026-09-19 09:31:10.615529+00:00,2026-09-19 09:31:10.615529+00:00,Analytical alert — authorized human review required. Does not establish criminal activity.,
ALT-000411,CRITICAL_RISK_LOCATION,CRITICAL,NEW,SYNTH_DEMO_CRIT_001,,91.0,0.91,1.0,INVESTMENT_SCAM,2026-09-19 09:31:10,2026-09-19 09:31:10,CRITICAL predictive withdrawal probability (91%) detected in Bengaluru Central. Prioritize authorized human analytical review.,True,v1.0.0-xgb-calibrated,12.9716,77.5946,2026-09-19 09:31:10.615529+00:00,2026-09-19 09:31:10.615529+00:00,Analytical alert — authorized human review required. Does not establish criminal activity.,
ALT-000412,HOTSPOT_CRITICAL_RISK,CRITICAL,NEW,,HS-99,88.0,0.885,48.0,Clustered Incidents,2026-08-01 00:00:00,2026-08-31 23:59:59,"Analytical spatial cluster HS-99 exhibits critical aggregate predictive withdrawal risk (avg score 88.5, 48 events). Authorized human review required.",True,v1.0.0-xgb-dbscan,13.0358,77.597,2026-09-19 09:31:10.616993+00:00,2026-09-19 09:31:10.616993+00:00,Analytical alert — authorized human review required. Does not establish criminal activity.,
ALT-000413,HIGH_RISK_LOCATION,HIGH,NEW,CASE005474,,61.0,0.6111,1.0,CREDENTIAL_THEFT,2026-08-07 19:31:13,2026-08-07 19:31:13,HIGH predictive withdrawal probability (61%) detected in Tiruchirappalli. Prioritize authorized human analytical review.,True,v1.0.0-xgb-calibrated,10.79,78.7,2026-09-19 12:18:28.904882+00:00,2026-09-19 12:18:28.904882+00:00,Analytical alert — authorized human review required. Does not establish criminal activity.,
ALT-000414,HIGH_RISK_LOCATION,HIGH,NEW,CASE007772,,63.0,0.6319,1.0,PAYMENT_FRAUD,2026-08-09 06:36:11,2026-08-09 06:36:11,HIGH predictive withdrawal probability (63%) detected in Tiruchirappalli. Prioritize authorized human analytical review.,True,v1.0.0-xgb-calibrated,10.79,78.7,2026-09-19 12:18:28.905893+00:00,2026-09-19 12:18:28.905893+00:00,Analytical alert — authorized human review required. Does not establish criminal activity.,
ALT-000415,HIGH_RISK_LOCATION,HIGH,NEW,CASE000291,,60.0,0.598,1.0,SOCIAL_ENGINEERING,2026-08-12 09:43:38,2026-08-12 09:43:38,HIGH predictive withdrawal probability (60%) detected in Nellore. Prioritize authorized human analytical review.,True,v1.0.0-xgb-calibrated,14.44,79.99,2026-09-19 12:18:28.906892+00:00,2026-09-19 12:18:28.906892+00:00,Analytical alert — authorized human review required. Does not establish criminal activity.,
ALT-000416,HIGH_RISK_LOCATION,HIGH,NEW,CASE005308,,61.0,0.6126,1.0,PAYMENT_FRAUD,2026-08-14 10:14:57,2026-08-14 10:14:57,HIGH predictive withdrawal probability (61%) detected in Visakhapatnam. Prioritize authorized human analytical review.,True,v1.0.0-xgb-calibrated,17.69,83.22,2026-09-19 12:18:28.908891+00:00,2026-09-19 12:18:28.908891+00:00,Analytical alert — authorized human review required. Does not establish criminal activity.,
ALT-000417,HIGH_RISK_LOCATION,HIGH,NEW,CASE005914,,60.0,0.5983,1.0,PAYMENT_FRAUD,2026-08-24 01:55:21,2026-08-24 01:55:21,HIGH predictive withdrawal probability (60%) detected in Kakinada. Prioritize authorized human analytical review.,True,v1.0.0-xgb-calibrated,16.99,82.25,2026-09-19 12:18:28.909891+00:00,2026-09-19 12:18:28.909891+00:00,Analytical alert — authorized human review required. Does not establish criminal activity.,
ALT-000418,HOTSPOT_ELEVATED_RISK,HIGH,NEW,,HS-24,37.0,0.3716,290.0,Clustered Incidents,2026-01-01 17:11:34,2026-08-31 23:55:41,"Analytical spatial cluster HS-24 exhibits high aggregate predictive withdrawal risk (avg score 37.2, 290 events). Authorized human review required.",True,v1.0.0-xgb-dbscan,16.9891,82.2475,2026-09-19 12:18:28.910892+00:00,2026-09-19 12:18:28.910892+00:00,Analytical alert — authorized human review required. Does not establish criminal activity.,
ALT-000419,HOTSPOT_ELEVATED_RISK,HIGH,NEW,,HS-38,38.0,0.3809,251.0,Clustered Incidents,2026-01-03 07:20:42,2026-08-30 19:54:04,"Analytical spatial cluster HS-38 exhibits high aggregate predictive withdrawal risk (avg score 38.1, 251 events). Authorized human review required.",True,v1.0.0-xgb-dbscan,14.4426,79.9865,2026-09-19 12:18:28.911931+00:00,2026-09-19 12:18:28.911931+00:00,Analytical alert — authorized human review required. Does not establish criminal activity.,
ALT-000420,HOTSPOT_ELEVATED_RISK,HIGH,NEW,,HS-22,36.0,0.356,226.0,Clustered Incidents,2026-01-01 16:15:38,2026-08-31 11:37:39,"Analytical spatial cluster HS-22 exhibits high aggregate predictive withdrawal risk (avg score 35.6, 226 events). Authorized human review required.",True,v1.0.0-xgb-dbscan,17.6868,83.2185,2026-09-19 12:18:28.913425+00:00,2026-09-19 12:18:28.913425+00:00,Analytical alert — authorized human review required. Does not establish criminal activity.,
ALT-000421,HOTSPOT_ELEVATED_RISK,HIGH,NEW,,HS-18,41.0,0.4111,224.0,Clustered Incidents,2026-01-01 12:03:45,2026-08-31 19:14:26,"Analytical spatial cluster HS-18 exhibits high aggregate predictive withdrawal risk (avg score 41.1, 224 events). Authorized human review required.",True,v1.0.0-xgb-dbscan,10.7905,78.7047,2026-09-19 12:18:28.914430+00:00,2026-09-19 12:18:28.914430+00:00,Analytical alert — authorized human review required. Does not establish criminal activity.,
ALT-000422,WITHDRAWAL_HOTSPOT,HIGH,NEW,,HS-0,31.0,0.31,30.0,Historical Cashout Pattern,2026-01-01 03:51:33,2026-08-17 13:28:08,Analytical cluster HS-0 contains 30 correlated cashout withdrawal events. Authorized review recommended for preventive intelligence.,True,v1.0.0-xgb-dbscan,9.5916,76.5222,2026-09-19 12:18:28.915433+00:00,2026-09-19 12:18:28.915433+00:00,Analytical alert — authorized human review required. Does not establish criminal activity.,
ALT-000423,WITHDRAWAL_HOTSPOT,HIGH,NEW,,HS-1,31.0,0.314,33.0,Historical Cashout Pattern,2026-01-01 08:02:39,2026-08-28 04:12:02,Analytical cluster HS-1 contains 33 correlated cashout withdrawal events. Authorized review recommended for preventive intelligence.,True,v1.0.0-xgb-dbscan,10.787,79.1378,2026-09-19 12:18:28.916436+00:00,2026-09-19 12:18:28.916436+00:00,Analytical alert — authorized human review required. Does not establish criminal activity.,
ALT-000424,WITHDRAWAL_HOTSPOT,HIGH,NEW,,HS-2,32.0,0.32,30.0,Historical Cashout Pattern,2026-01-01 08:26:57,2026-08-25 06:37:29,Analytical cluster HS-2 contains 30 correlated cashout withdrawal events. Authorized review recommended for preventive intelligence.,True,v1.0.0-xgb-dbscan,10.5276,76.2144,2026-09-19 12:18:28.916436+00:00,2026-09-19 12:18:28.916436+00:00,Analytical alert — authorized human review required. Does not establish criminal activity.,
ALT-000425,WITHDRAWAL_HOTSPOT,HIGH,NEW,,HS-3,34.0,0.34,24.0,Historical Cashout Pattern,2026-01-01 19:10:46,2026-08-25 22:40:14,Analytical cluster HS-3 contains 24 correlated cashout withdrawal events. Authorized review recommended for preventive intelligence.,True,v1.0.0-xgb-dbscan,9.9816,76.2999,2026-09-19 12:18:28.917432+00:00,2026-09-19 12:18:28.917432+00:00,Analytical alert — authorized human review required. Does not establish criminal activity.,
ALT-000426,WITHDRAWAL_HOTSPOT,HIGH,NEW,,HS-4,38.0,0.375,27.0,Historical Cashout Pattern,2026-01-01 20:07:06,2026-07-29 15:33:21,Analytical cluster HS-4 contains 27 correlated cashout withdrawal events. Authorized review recommended for preventive intelligence.,True,v1.0.0-xgb-dbscan,9.9252,78.1198,2026-09-19 12:18:28.918432+00:00,2026-09-19 12:18:28.918432+00:00,Analytical alert — authorized human review required. Does not establish criminal activity.,
ALT-000427,WITHDRAWAL_HOTSPOT,HIGH,NEW,,HS-5,65.0,0.65,28.0,Historical Cashout Pattern,2026-01-02 03:37:10,2026-07-27 07:56:17,Analytical cluster HS-5 contains 28 correlated cashout withdrawal events. Authorized review recommended for preventive intelligence.,True,v1.0.0-xgb-dbscan,11.8745,75.3704,2026-09-19 12:18:28.919435+00:00,2026-09-19 12:18:28.919435+00:00,Analytical alert — authorized human review required. Does not establish criminal activity.,
ALT-000428,WITHDRAWAL_HOTSPOT,HIGH,NEW,,HS-6,30.0,0.2957,22.0,Historical Cashout Pattern,2026-01-02 09:58:20,2026-08-24 08:56:40,Analytical cluster HS-6 contains 22 correlated cashout withdrawal events. Authorized review recommended for preventive intelligence.,True,v1.0.0-xgb-dbscan,11.2588,75.7804,2026-09-19 12:18:28.919435+00:00,2026-09-19 12:18:28.919435+00:00,Analytical alert — authorized human review required. Does not establish criminal activity.,
ALT-000429,WITHDRAWAL_HOTSPOT,HIGH,NEW,,HS-7,34.0,0.34,32.0,Historical Cashout Pattern,2026-01-03 00:12:57,2026-08-19 12:11:36,Analytical cluster HS-7 contains 32 correlated cashout withdrawal events. Authorized review recommended for preventive intelligence.,True,v1.0.0-xgb-dbscan,11.341,77.7172,2026-09-19 12:18:28.920943+00:00,2026-09-19 12:18:28.920943+00:00,Analytical alert — authorized human review required. Does not establish criminal activity.,
ALT-000430,WITHDRAWAL_HOTSPOT,HIGH,NEW,,HS-8,42.0,0.415,30.0,Historical Cashout Pattern,2026-01-03 07:20:42,2026-08-13 21:17:15,Analytical cluster HS-8 contains 30 correlated cashout withdrawal events. Authorized review recommended for preventive intelligence.,True,v1.0.0-xgb-dbscan,14.4426,79.9865,2026-09-19 12:18:28.922323+00:00,2026-09-19 12:18:28.922323+00:00,Analytical alert — authorized human review required. Does not establish criminal activity.,
ALT-000431,WITHDRAWAL_HOTSPOT,HIGH,NEW,,HS-9,52.0,0.516,29.0,Historical Cashout Pattern,2026-01-03 12:45:03,2026-08-28 11:23:54,Analytical cluster HS-9 contains 29 correlated cashout withdrawal events. Authorized review recommended for preventive intelligence.,True,v1.0.0-xgb-dbscan,10.7905,78.7047,2026-09-19 12:18:28.923330+00:00,2026-09-19 12:18:28.923330+00:00,Analytical alert — authorized human review required. Does not establish criminal activity.,
ALT-000432,WITHDRAWAL_HOTSPOT,HIGH,NEW,,HS-10,39.0,0.3883,38.0,Historical Cashout Pattern,2026-01-04 00:29:00,2026-08-23 21:02:41,Analytical cluster HS-10 contains 38 correlated cashout withdrawal events. Authorized review recommended for preventive intelligence.,True,v1.0.0-xgb-dbscan,16.9891,82.2475,2026-09-19 12:18:28.924329+00:00,2026-09-19 12:18:28.924329+00:00,Analytical alert — authorized human review required. Does not establish criminal activity.,
ALT-000433,WITHDRAWAL_HOTSPOT,HIGH,NEW,,HS-11,35.0,0.346,30.0,Historical Cashout Pattern,2026-01-04 04:37:33,2026-08-30 00:42:53,Analytical cluster HS-11 contains 30 correlated cashout withdrawal events. Authorized review recommended for preventive intelligence.,True,v1.0.0-xgb-dbscan,13.9299,75.5681,2026-09-19 12:18:28.925329+00:00,2026-09-19 12:18:28.925329+00:00,Analytical alert — authorized human review required. Does not establish criminal activity.,
ALT-000434,WITHDRAWAL_HOTSPOT,HIGH,NEW,,HS-12,27.0,0.2725,28.0,Historical Cashout Pattern,2026-01-04 10:11:26,2026-08-21 15:47:40,Analytical cluster HS-12 contains 28 correlated cashout withdrawal events. Authorized review recommended for preventive intelligence.,True,v1.0.0-xgb-dbscan,13.3409,74.7421,2026-09-19 12:18:28.926331+00:00,2026-09-19 12:18:28.926331+00:00,Analytical alert — authorized human review required. Does not establish criminal activity.,
ALT-000435,WITHDRAWAL_HOTSPOT,HIGH,NEW,,HS-13,23.0,0.23,21.0,Historical Cashout Pattern,2026-01-04 16:38:30,2026-08-21 05:55:14,Analytical cluster HS-13 contains 21 correlated cashout withdrawal events. Authorized review recommended for preventive intelligence.,True,v1.0.0-xgb-dbscan,12.2958,76.6394,2026-09-19 12:18:28.927329+00:00,2026-09-19 12:18:28.927329+00:00,Analytical alert — authorized human review required. Does not establish criminal activity.,
ALT-000436,WITHDRAWAL_HOTSPOT,HIGH,NEW,,HS-14,28.0,0.285,28.0,Historical Cashout Pattern,2026-01-05 00:25:49,2026-08-25 23:39:18,Analytical cluster HS-14 contains 28 correlated cashout withdrawal events. Authorized review recommended for preventive intelligence.,True,v1.0.0-xgb-dbscan,13.3392,77.101,2026-09-19 12:18:28.927329+00:00,2026-09-19 12:18:28.927329+00:00,Analytical alert — authorized human review required. Does not establish criminal activity.,
ALT-000437,WITHDRAWAL_HOTSPOT,HIGH,NEW,,HS-15,37.0,0.3725,25.0,Historical Cashout Pattern,2026-01-05 15:24:51,2026-08-29 01:29:14,Analytical cluster HS-15 contains 25 correlated cashout withdrawal events. Authorized review recommended for preventive intelligence.,True,v1.0.0-xgb-dbscan,11.0168,76.9558,2026-09-19 12:18:28.928329+00:00,2026-09-19 12:18:28.928329+00:00,Analytical alert — authorized human review required. Does not establish criminal activity.,
ALT-000438,WITHDRAWAL_HOTSPOT,HIGH,NEW,,HS-16,36.0,0.365,23.0,Historical Cashout Pattern,2026-01-05 15:53:22,2026-08-25 02:30:59,Analytical cluster HS-16 contains 23 correlated cashout withdrawal events. Authorized review recommended for preventive intelligence.,True,v1.0.0-xgb-dbscan,15.3647,75.124,2026-09-19 12:18:28.929329+00:00,2026-09-19 12:18:28.929329+00:00,Analytical alert — authorized human review required. Does not establish criminal activity.,
ALT-000439,WITHDRAWAL_HOTSPOT,HIGH,NEW,,HS-17,39.0,0.39,24.0,Historical Cashout Pattern,2026-01-06 01:36:16,2026-08-19 21:40:37,Analytical cluster HS-17 contains 24 correlated cashout withdrawal events. Authorized review recommended for preventive intelligence.,True,v1.0.0-xgb-dbscan,10.3673,77.9803,2026-09-19 12:18:28.930941+00:00,2026-09-19 12:18:28.930941+00:00,Analytical alert — authorized human review required. Does not establish criminal activity.,
ALT-000440,WITHDRAWAL_HOTSPOT,HIGH,NEW,,HS-18,40.0,0.3967,27.0,Historical Cashout Pattern,2026-01-06 15:36:07,2026-08-19 08:46:04,Analytical cluster HS-18 contains 27 correlated cashout withdrawal events. Authorized review recommended for preventive intelligence.,True,v1.0.0-xgb-dbscan,13.6288,79.4192,2026-09-19 12:18:28.930941+00:00,2026-09-19 12:18:28.930941+00:00,Analytical alert — authorized human review required. Does not establish criminal activity.,
ALT-000441,WITHDRAWAL_HOTSPOT,HIGH,NEW,,HS-19,34.0,0.335,27.0,Historical Cashout Pattern,2026-01-07 00:32:35,2026-08-26 23:29:11,Analytical cluster HS-19 contains 27 correlated cashout withdrawal events. Authorized review recommended for preventive intelligence.,True,v1.0.0-xgb-dbscan,8.5241,76.9366,2026-09-19 12:18:28.932227+00:00,2026-09-19 12:18:28.932227+00:00,Analytical alert — authorized human review required. Does not establish criminal activity.,
ALT-000442,WITHDRAWAL_HOTSPOT,HIGH,NEW,,HS-20,33.0,0.3333,36.0,Historical Cashout Pattern,2026-01-07 01:29:14,2026-08-15 04:20:28,Analytical cluster HS-20 contains 36 correlated cashout withdrawal events. Authorized review recommended for preventive intelligence.,True,v1.0.0-xgb-dbscan,16.3067,80.4365,2026-09-19 12:18:28.932227+00:00,2026-09-19 12:18:28.932227+00:00,Analytical alert — authorized human review required. Does not establish criminal activity.,
ALT-000443,WITHDRAWAL_HOTSPOT,HIGH,NEW,,HS-21,36.0,0.36,22.0,Historical Cashout Pattern,2026-01-07 12:05:39,2026-08-05 09:32:29,Analytical cluster HS-21 contains 22 correlated cashout withdrawal events. Authorized review recommended for preventive intelligence.,True,v1.0.0-xgb-dbscan,11.6643,78.146,2026-09-19 12:18:28.933667+00:00,2026-09-19 12:18:28.933667+00:00,Analytical alert — authorized human review required. Does not establish criminal activity.,
ALT-000444,WITHDRAWAL_HOTSPOT,HIGH,NEW,,HS-22,26.0,0.255,22.0,Historical Cashout Pattern,2026-01-07 21:00:12,2026-08-29 05:37:16,Analytical cluster HS-22 contains 22 correlated cashout withdrawal events. Authorized review recommended for preventive intelligence.,True,v1.0.0-xgb-dbscan,10.7867,76.6548,2026-09-19 12:18:28.934846+00:00,2026-09-19 12:18:28.934846+00:00,Analytical alert — authorized human review required. Does not establish criminal activity.,
ALT-000445,WITHDRAWAL_HOTSPOT,HIGH,NEW,,HS-23,34.0,0.345,21.0,Historical Cashout Pattern,2026-01-08 03:30:25,2026-08-29 16:43:14,Analytical cluster HS-23 contains 21 correlated cashout withdrawal events. Authorized review recommended for preventive intelligence.,True,v1.0.0-xgb-dbscan,9.4981,76.3388,2026-09-19 12:18:28.935851+00:00,2026-09-19 12:18:28.935851+00:00,Analytical alert — authorized human review required. Does not establish criminal activity.,
ALT-000446,WITHDRAWAL_HOTSPOT,HIGH,NEW,,HS-24,30.0,0.3,30.0,Historical Cashout Pattern,2026-01-09 00:37:00,2026-08-30 21:20:57,Analytical cluster HS-24 contains 30 correlated cashout withdrawal events. Authorized review recommended for preventive intelligence.,True,v1.0.0-xgb-dbscan,14.4674,78.8241,2026-09-19 12:18:28.936854+00:00,2026-09-19 12:18:28.936854+00:00,Analytical alert — authorized human review required. Does not establish criminal activity.,
ALT-000447,WITHDRAWAL_HOTSPOT,HIGH,NEW,,HS-25,37.0,0.374,30.0,Historical Cashout Pattern,2026-01-09 08:40:27,2026-08-21 23:47:48,Analytical cluster HS-25 contains 30 correlated cashout withdrawal events. Authorized review recommended for preventive intelligence.,True,v1.0.0-xgb-dbscan,15.8281,78.0373,2026-09-19 12:18:28.938067+00:00,2026-09-19 12:18:28.938067+00:00,Analytical alert — authorized human review required. Does not establish criminal activity.,
ALT-000448,WITHDRAWAL_HOTSPOT,HIGH,NEW,,HS-26,32.0,0.3233,19.0,Historical Cashout Pattern,2026-01-09 15:08:38,2026-08-28 06:22:09,Analytical cluster HS-26 contains 19 correlated cashout withdrawal events. Authorized review recommended for preventive intelligence.,True,v1.0.0-xgb-dbscan,8.7139,77.7567,2026-09-19 12:18:28.939072+00:00,2026-09-19 12:18:28.939072+00:00,Analytical alert — authorized human review required. Does not establish criminal activity.,
ALT-000449,WITHDRAWAL_HOTSPOT,HIGH,NEW,,HS-27,30.0,0.3,18.0,Historical Cashout Pattern,2026-01-10 13:24:34,2026-08-27 03:57:58,Analytical cluster HS-27 contains 18 correlated cashout withdrawal events. Authorized review recommended for preventive intelligence.,True,v1.0.0-xgb-dbscan,15.1394,76.9214,2026-09-19 12:18:28.939072+00:00,2026-09-19 12:18:28.939072+00:00,Analytical alert — authorized human review required. Does not establish criminal activity.,
ALT-000450,WITHDRAWAL_HOTSPOT,HIGH,NEW,,HS-28,40.0,0.3975,18.0,Historical Cashout Pattern,2026-01-12 02:49:15,2026-08-15 22:44:22,Analytical cluster HS-28 contains 18 correlated cashout withdrawal events. Authorized review recommended for preventive intelligence.,True,v1.0.0-xgb-dbscan,12.9165,79.1325,2026-09-19 12:18:28.940071+00:00,2026-09-19 12:18:28.940071+00:00,Analytical alert — authorized human review required. Does not establish criminal activity.,
ALT-000451,WITHDRAWAL_HOTSPOT,HIGH,NEW,,HS-29,12.0,0.12,16.0,Historical Cashout Pattern,2026-01-13 01:15:16,2026-08-09 14:39:58,Analytical cluster HS-29 contains 16 correlated cashout withdrawal events. Authorized review recommended for preventive intelligence.,True,v1.0.0-xgb-dbscan,12.9141,74.856,2026-09-19 12:18:28.941578+00:00,2026-09-19 12:18:28.941578+00:00,Analytical alert — authorized human review required. Does not establish criminal activity.,
ALT-000452,WITHDRAWAL_HOTSPOT,HIGH,NEW,,HS-30,28.0,0.278,31.0,Historical Cashout Pattern,2026-01-13 07:58:50,2026-08-18 09:40:15,Analytical cluster HS-30 contains 31 correlated cashout withdrawal events. Authorized review recommended for preventive intelligence.,True,v1.0.0-xgb-dbscan,16.9891,81.784,2026-09-19 12:18:28.942587+00:00,2026-09-19 12:18:28.942587+00:00,Analytical alert — authorized human review required. Does not establish criminal activity.,
ALT-000453,WITHDRAWAL_HOTSPOT,HIGH,NEW,,HS-31,36.0,0.365,26.0,Historical Cashout Pattern,2026-01-13 11:22:26,2026-08-29 21:16:57,Analytical cluster HS-31 contains 26 correlated cashout withdrawal events. Authorized review recommended for preventive intelligence.,True,v1.0.0-xgb-dbscan,12.9716,77.5946,2026-09-19 12:18:28.943585+00:00,2026-09-19 12:18:28.943585+00:00,Analytical alert — authorized human review required. Does not establish criminal activity.,
ALT-000454,WITHDRAWAL_HOTSPOT,HIGH,NEW,,HS-32,15.0,0.15,20.0,Historical Cashout Pattern,2026-01-13 12:52:28,2026-08-31 20:43:06,Analytical cluster HS-32 contains 20 correlated cashout withdrawal events. Authorized review recommended for preventive intelligence.,True,v1.0.0-xgb-dbscan,11.051,76.0711,2026-09-19 12:18:28.945094+00:00,2026-09-19 12:18:28.945094+00:00,Analytical alert — authorized human review required. Does not establish criminal activity.,
ALT-000455,WITHDRAWAL_HOTSPOT,HIGH,NEW,,HS-33,44.0,0.44,22.0,Historical Cashout Pattern,2026-01-14 02:06:10,2026-08-16 06:40:51,Analytical cluster HS-33 contains 22 correlated cashout withdrawal events. Authorized review recommended for preventive intelligence.,True,v1.0.0-xgb-dbscan,14.6819,77.6006,2026-09-19 12:18:28.945094+00:00,2026-09-19 12:18:28.945094+00:00,Analytical alert — authorized human review required. Does not establish criminal activity.,
ALT-000456,WITHDRAWAL_HOTSPOT,HIGH,NEW,,HS-34,20.0,0.2033,15.0,Historical Cashout Pattern,2026-01-19 08:15:25,2026-08-26 20:13:54,Analytical cluster HS-34 contains 15 correlated cashout withdrawal events. Authorized review recommended for preventive intelligence.,True,v1.0.0-xgb-dbscan,8.8932,76.6141,2026-09-19 12:18:28.946533+00:00,2026-09-19 12:18:28.946533+00:00,Analytical alert — authorized human review required. Does not establish criminal activity.,
ALT-000457,WITHDRAWAL_HOTSPOT,HIGH,NEW,,HS-35,23.0,0.2343,23.0,Historical Cashout Pattern,2026-01-21 03:11:39,2026-08-30 06:27:55,Analytical cluster HS-35 contains 23 correlated cashout withdrawal events. Authorized review recommended for preventive intelligence.,True,v1.0.0-xgb-dbscan,13.0827,80.2707,2026-09-19 12:18:28.947537+00:00,2026-09-19 12:18:28.947537+00:00,Analytical alert — authorized human review required. Does not establish criminal activity.,
ALT-000458,WITHDRAWAL_HOTSPOT,HIGH,NEW,,HS-36,29.0,0.2925,24.0,Historical Cashout Pattern,2026-01-22 11:29:21,2026-08-30 19:17:07,Analytical cluster HS-36 contains 24 correlated cashout withdrawal events. Authorized review recommended for preventive intelligence.,True,v1.0.0-xgb-dbscan,15.8497,74.4977,2026-09-19 12:18:28.948544+00:00,2026-09-19 12:18:28.948544+00:00,Analytical alert — authorized human review required. Does not establish criminal activity.,
ALT-000459,WITHDRAWAL_HOTSPOT,HIGH,NEW,,HS-37,33.0,0.3271,37.0,Historical Cashout Pattern,2026-01-23 12:52:23,2026-08-29 23:00:49,Analytical cluster HS-37 contains 37 correlated cashout withdrawal events. Authorized review recommended for preventive intelligence.,True,v1.0.0-xgb-dbscan,17.3297,76.8343,2026-09-19 12:18:28.949543+00:00,2026-09-19 12:18:28.949543+00:00,Analytical alert — authorized human review required. Does not establish criminal activity.,
ALT-000460,WITHDRAWAL_HOTSPOT,HIGH,NEW,,HS-38,33.0,0.33,20.0,Historical Cashout Pattern,2026-02-21 14:03:57,2026-08-27 07:47:27,Analytical cluster HS-38 contains 20 correlated cashout withdrawal events. Authorized review recommended for preventive intelligence.,True,v1.0.0-xgb-dbscan,17.6868,83.2185,2026-09-19 12:18:28.949543+00:00,2026-09-19 12:18:28.949543+00:00,Analytical alert — authorized human review required. Does not establish criminal activity.,
ALT-000461,WITHDRAWAL_HOTSPOT,HIGH,NEW,,HS-39,37.0,0.3717,21.0,Historical Cashout Pattern,2026-03-11 08:09:02,2026-08-14 07:57:36,Analytical cluster HS-39 contains 21 correlated cashout withdrawal events. Authorized review recommended for preventive intelligence.,True,v1.0.0-xgb-dbscan,16.5062,80.648,2026-09-19 12:18:28.951053+00:00,2026-09-19 12:18:28.951053+00:00,Analytical alert — authorized human review required. Does not establish criminal activity.,
ALT-000462,CRITICAL_RISK_LOCATION,CRITICAL,NEW,SYNTH_DEMO_CRIT_001,,91.0,0.91,1.0,INVESTMENT_SCAM,2026-09-19 12:18:28,2026-09-19 12:18:28,CRITICAL predictive withdrawal probability (91%) detected in Bengaluru Central. Prioritize authorized human analytical review.,True,v1.0.0-xgb-calibrated,12.9716,77.5946,2026-09-19 12:18:28.952073+00:00,2026-09-19 12:18:28.952073+00:00,Analytical alert — authorized human review required. Does not establish criminal activity.,
ALT-000463,HOTSPOT_CRITICAL_RISK,CRITICAL,NEW,,HS-99,88.0,0.885,48.0,Clustered Incidents,2026-08-01 00:00:00,2026-08-31 23:59:59,"Analytical spatial cluster HS-99 exhibits critical aggregate predictive withdrawal risk (avg score 88.5, 48 events). Authorized human review required.",True,v1.0.0-xgb-dbscan,13.0358,77.597,2026-09-19 12:18:28.953075+00:00,2026-09-19 12:18:28.953075+00:00,Analytical alert — authorized human review required. Does not establish criminal activity.,
ALT-NAN-INJECTED,HIGH_RISK_LOCATION,HIGH,NEW,,,,,,,,,,True,,,,2026-09-19T16:19:23.013413+00:00,,Analytical alert — authorized human review required. Does not establish criminal activity.,
ALT-TEST-SINGLE,CRITICAL_RISK_LOCATION,CRITICAL,NEW,,,88.0,0.88,,,,,,True,,13.0827,80.2707,2026-09-19T16:19:23.071255+00:00,,Analytical alert — authorized human review required. Does not establish criminal activity.,
ALT-WORKFLOW-TEST,HIGH_RISK_LOCATION,HIGH,RESOLVED,,,70.0,,,,,,,True,,,,2026-09-19T16:19:23.103863+00:00,2026-09-19T16:19:23.136390+00:00,Analytical alert — authorized human review required. Does not establish criminal activity.,
ALT-000467,HIGH_RISK_LOCATION,HIGH,NEW,CASE005474,,61.0,0.6111,1.0,CREDENTIAL_THEFT,2026-08-07 19:31:13,2026-08-07 19:31:13,HIGH predictive withdrawal probability (61%) detected in Tiruchirappalli. Prioritize authorized human analytical review.,True,v1.0.0-xgb-calibrated,10.79,78.7,2026-09-19 16:06:01.726373+00:00,2026-09-19 16:06:01.726373+00:00,Analytical alert — authorized human review required. Does not establish criminal activity.,
ALT-000468,HIGH_RISK_LOCATION,HIGH,NEW,CASE007772,,63.0,0.6319,1.0,PAYMENT_FRAUD,2026-08-09 06:36:11,2026-08-09 06:36:11,HIGH predictive withdrawal probability (63%) detected in Tiruchirappalli. Prioritize authorized human analytical review.,True,v1.0.0-xgb-calibrated,10.79,78.7,2026-09-19 16:06:01.728475+00:00,2026-09-19 16:06:01.728475+00:00,Analytical alert — authorized human review required. Does not establish criminal activity.,
ALT-000469,HIGH_RISK_LOCATION,HIGH,NEW,CASE000291,,60.0,0.598,1.0,SOCIAL_ENGINEERING,2026-08-12 09:43:38,2026-08-12 09:43:38,HIGH predictive withdrawal probability (60%) detected in Nellore. Prioritize authorized human analytical review.,True,v1.0.0-xgb-calibrated,14.44,79.99,2026-09-19 16:06:01.729478+00:00,2026-09-19 16:06:01.729478+00:00,Analytical alert — authorized human review required. Does not establish criminal activity.,
ALT-000470,HIGH_RISK_LOCATION,HIGH,NEW,CASE005308,,61.0,0.6126,1.0,PAYMENT_FRAUD,2026-08-14 10:14:57,2026-08-14 10:14:57,HIGH predictive withdrawal probability (61%) detected in Visakhapatnam. Prioritize authorized human analytical review.,True,v1.0.0-xgb-calibrated,17.69,83.22,2026-09-19 16:06:01.730479+00:00,2026-09-19 16:06:01.730479+00:00,Analytical alert — authorized human review required. Does not establish criminal activity.,
ALT-000471,HIGH_RISK_LOCATION,HIGH,NEW,CASE005914,,60.0,0.5983,1.0,PAYMENT_FRAUD,2026-08-24 01:55:21,2026-08-24 01:55:21,HIGH predictive withdrawal probability (60%) detected in Kakinada. Prioritize authorized human analytical review.,True,v1.0.0-xgb-calibrated,16.99,82.25,2026-09-19 16:06:01.731627+00:00,2026-09-19 16:06:01.731627+00:00,Analytical alert — authorized human review required. Does not establish criminal activity.,
ALT-000472,HOTSPOT_ELEVATED_RISK,HIGH,NEW,,HS-24,37.0,0.3716,290.0,Clustered Incidents,2026-01-01 17:11:34,2026-08-31 23:55:41,"Analytical spatial cluster HS-24 exhibits high aggregate predictive withdrawal risk (avg score 37.2, 290 events). Authorized human review required.",True,v1.0.0-xgb-dbscan,16.9891,82.2475,2026-09-19 16:06:01.732634+00:00,2026-09-19 16:06:01.732634+00:00,Analytical alert — authorized human review required. Does not establish criminal activity.,
ALT-000473,HOTSPOT_ELEVATED_RISK,HIGH,NEW,,HS-38,38.0,0.3809,251.0,Clustered Incidents,2026-01-03 07:20:42,2026-08-30 19:54:04,"Analytical spatial cluster HS-38 exhibits high aggregate predictive withdrawal risk (avg score 38.1, 251 events). Authorized human review required.",True,v1.0.0-xgb-dbscan,14.4426,79.9865,2026-09-19 16:06:01.733696+00:00,2026-09-19 16:06:01.733696+00:00,Analytical alert — authorized human review required. Does not establish criminal activity.,
ALT-000474,HOTSPOT_ELEVATED_RISK,HIGH,NEW,,HS-22,36.0,0.356,226.0,Clustered Incidents,2026-01-01 16:15:38,2026-08-31 11:37:39,"Analytical spatial cluster HS-22 exhibits high aggregate predictive withdrawal risk (avg score 35.6, 226 events). Authorized human review required.",True,v1.0.0-xgb-dbscan,17.6868,83.2185,2026-09-19 16:06:01.734861+00:00,2026-09-19 16:06:01.734861+00:00,Analytical alert — authorized human review required. Does not establish criminal activity.,
ALT-000475,HOTSPOT_ELEVATED_RISK,HIGH,NEW,,HS-18,41.0,0.4111,224.0,Clustered Incidents,2026-01-01 12:03:45,2026-08-31 19:14:26,"Analytical spatial cluster HS-18 exhibits high aggregate predictive withdrawal risk (avg score 41.1, 224 events). Authorized human review required.",True,v1.0.0-xgb-dbscan,10.7905,78.7047,2026-09-19 16:06:01.734861+00:00,2026-09-19 16:06:01.734861+00:00,Analytical alert — authorized human review required. Does not establish criminal activity.,
ALT-000476,WITHDRAWAL_HOTSPOT,HIGH,NEW,,HS-0,31.0,0.31,30.0,Historical Cashout Pattern,2026-01-01 03:51:33,2026-08-17 13:28:08,Analytical cluster HS-0 contains 30 correlated cashout withdrawal events. Authorized review recommended for preventive intelligence.,True,v1.0.0-xgb-dbscan,9.5916,76.5222,2026-09-19 16:06:01.736825+00:00,2026-09-19 16:06:01.736825+00:00,Analytical alert — authorized human review required. Does not establish criminal activity.,
ALT-000477,WITHDRAWAL_HOTSPOT,HIGH,NEW,,HS-1,31.0,0.314,33.0,Historical Cashout Pattern,2026-01-01 08:02:39,2026-08-28 04:12:02,Analytical cluster HS-1 contains 33 correlated cashout withdrawal events. Authorized review recommended for preventive intelligence.,True,v1.0.0-xgb-dbscan,10.787,79.1378,2026-09-19 16:06:01.737867+00:00,2026-09-19 16:06:01.737867+00:00,Analytical alert — authorized human review required. Does not establish criminal activity.,
ALT-000478,WITHDRAWAL_HOTSPOT,HIGH,NEW,,HS-2,32.0,0.32,30.0,Historical Cashout Pattern,2026-01-01 08:26:57,2026-08-25 06:37:29,Analytical cluster HS-2 contains 30 correlated cashout withdrawal events. Authorized review recommended for preventive intelligence.,True,v1.0.0-xgb-dbscan,10.5276,76.2144,2026-09-19 16:06:01.738872+00:00,2026-09-19 16:06:01.738872+00:00,Analytical alert — authorized human review required. Does not establish criminal activity.,
ALT-000479,WITHDRAWAL_HOTSPOT,HIGH,NEW,,HS-3,34.0,0.34,24.0,Historical Cashout Pattern,2026-01-01 19:10:46,2026-08-25 22:40:14,Analytical cluster HS-3 contains 24 correlated cashout withdrawal events. Authorized review recommended for preventive intelligence.,True,v1.0.0-xgb-dbscan,9.9816,76.2999,2026-09-19 16:06:01.739377+00:00,2026-09-19 16:06:01.739377+00:00,Analytical alert — authorized human review required. Does not establish criminal activity.,
ALT-000480,WITHDRAWAL_HOTSPOT,HIGH,NEW,,HS-4,38.0,0.375,27.0,Historical Cashout Pattern,2026-01-01 20:07:06,2026-07-29 15:33:21,Analytical cluster HS-4 contains 27 correlated cashout withdrawal events. Authorized review recommended for preventive intelligence.,True,v1.0.0-xgb-dbscan,9.9252,78.1198,2026-09-19 16:06:01.739377+00:00,2026-09-19 16:06:01.739377+00:00,Analytical alert — authorized human review required. Does not establish criminal activity.,
ALT-000481,WITHDRAWAL_HOTSPOT,HIGH,NEW,,HS-5,65.0,0.65,28.0,Historical Cashout Pattern,2026-01-02 03:37:10,2026-07-27 07:56:17,Analytical cluster HS-5 contains 28 correlated cashout withdrawal events. Authorized review recommended for preventive intelligence.,True,v1.0.0-xgb-dbscan,11.8745,75.3704,2026-09-19 16:06:01.740897+00:00,2026-09-19 16:06:01.740897+00:00,Analytical alert — authorized human review required. Does not establish criminal activity.,
ALT-000482,WITHDRAWAL_HOTSPOT,HIGH,NEW,,HS-6,30.0,0.2957,22.0,Historical Cashout Pattern,2026-01-02 09:58:20,2026-08-24 08:56:40,Analytical cluster HS-6 contains 22 correlated cashout withdrawal events. Authorized review recommended for preventive intelligence.,True,v1.0.0-xgb-dbscan,11.2588,75.7804,2026-09-19 16:06:01.740897+00:00,2026-09-19 16:06:01.740897+00:00,Analytical alert — authorized human review required. Does not establish criminal activity.,
ALT-000483,WITHDRAWAL_HOTSPOT,HIGH,NEW,,HS-7,34.0,0.34,32.0,Historical Cashout Pattern,2026-01-03 00:12:57,2026-08-19 12:11:36,Analytical cluster HS-7 contains 32 correlated cashout withdrawal events. Authorized review recommended for preventive intelligence.,True,v1.0.0-xgb-dbscan,11.341,77.7172,2026-09-19 16:06:01.742420+00:00,2026-09-19 16:06:01.742420+00:00,Analytical alert — authorized human review required. Does not establish criminal activity.,
ALT-000484,WITHDRAWAL_HOTSPOT,HIGH,NEW,,HS-8,42.0,0.415,30.0,Historical Cashout Pattern,2026-01-03 07:20:42,2026-08-13 21:17:15,Analytical cluster HS-8 contains 30 correlated cashout withdrawal events. Authorized review recommended for preventive intelligence.,True,v1.0.0-xgb-dbscan,14.4426,79.9865,2026-09-19 16:06:01.743429+00:00,2026-09-19 16:06:01.743429+00:00,Analytical alert — authorized human review required. Does not establish criminal activity.,
ALT-000485,WITHDRAWAL_HOTSPOT,HIGH,NEW,,HS-9,52.0,0.516,29.0,Historical Cashout Pattern,2026-01-03 12:45:03,2026-08-28 11:23:54,Analytical cluster HS-9 contains 29 correlated cashout withdrawal events. Authorized review recommended for preventive intelligence.,True,v1.0.0-xgb-dbscan,10.7905,78.7047,2026-09-19 16:06:01.744427+00:00,2026-09-19 16:06:01.744427+00:00,Analytical alert — authorized human review required. Does not establish criminal activity.,
ALT-000486,WITHDRAWAL_HOTSPOT,HIGH,NEW,,HS-10,39.0,0.3883,38.0,Historical Cashout Pattern,2026-01-04 00:29:00,2026-08-23 21:02:41,Analytical cluster HS-10 contains 38 correlated cashout withdrawal events. Authorized review recommended for preventive intelligence.,True,v1.0.0-xgb-dbscan,16.9891,82.2475,2026-09-19 16:06:01.745427+00:00,2026-09-19 16:06:01.745427+00:00,Analytical alert — authorized human review required. Does not establish criminal activity.,
ALT-000487,WITHDRAWAL_HOTSPOT,HIGH,NEW,,HS-11,35.0,0.346,30.0,Historical Cashout Pattern,2026-01-04 04:37:33,2026-08-30 00:42:53,Analytical cluster HS-11 contains 30 correlated cashout withdrawal events. Authorized review recommended for preventive intelligence.,True,v1.0.0-xgb-dbscan,13.9299,75.5681,2026-09-19 16:06:01.746426+00:00,2026-09-19 16:06:01.746426+00:00,Analytical alert — authorized human review required. Does not establish criminal activity.,
ALT-000488,WITHDRAWAL_HOTSPOT,HIGH,NEW,,HS-12,27.0,0.2725,28.0,Historical Cashout Pattern,2026-01-04 10:11:26,2026-08-21 15:47:40,Analytical cluster HS-12 contains 28 correlated cashout withdrawal events. Authorized review recommended for preventive intelligence.,True,v1.0.0-xgb-dbscan,13.3409,74.7421,2026-09-19 16:06:01.747427+00:00,2026-09-19 16:06:01.747427+00:00,Analytical alert — authorized human review required. Does not establish criminal activity.,
ALT-000489,WITHDRAWAL_HOTSPOT,HIGH,NEW,,HS-13,23.0,0.23,21.0,Historical Cashout Pattern,2026-01-04 16:38:30,2026-08-21 05:55:14,Analytical cluster HS-13 contains 21 correlated cashout withdrawal events. Authorized review recommended for preventive intelligence.,True,v1.0.0-xgb-dbscan,12.2958,76.6394,2026-09-19 16:06:01.748427+00:00,2026-09-19 16:06:01.748427+00:00,Analytical alert — authorized human review required. Does not establish criminal activity.,
ALT-000490,WITHDRAWAL_HOTSPOT,HIGH,NEW,,HS-14,28.0,0.285,28.0,Historical Cashout Pattern,2026-01-05 00:25:49,2026-08-25 23:39:18,Analytical cluster HS-14 contains 28 correlated cashout withdrawal events. Authorized review recommended for preventive intelligence.,True,v1.0.0-xgb-dbscan,13.3392,77.101,2026-09-19 16:06:01.749465+00:00,2026-09-19 16:06:01.749465+00:00,Analytical alert — authorized human review required. Does not establish criminal activity.,
ALT-000491,WITHDRAWAL_HOTSPOT,HIGH,NEW,,HS-15,37.0,0.3725,25.0,Historical Cashout Pattern,2026-01-05 15:24:51,2026-08-29 01:29:14,Analytical cluster HS-15 contains 25 correlated cashout withdrawal events. Authorized review recommended for preventive intelligence.,True,v1.0.0-xgb-dbscan,11.0168,76.9558,2026-09-19 16:06:01.750481+00:00,2026-09-19 16:06:01.750481+00:00,Analytical alert — authorized human review required. Does not establish criminal activity.,
ALT-000492,WITHDRAWAL_HOTSPOT,HIGH,NEW,,HS-16,36.0,0.365,23.0,Historical Cashout Pattern,2026-01-05 15:53:22,2026-08-25 02:30:59,Analytical cluster HS-16 contains 23 correlated cashout withdrawal events. Authorized review recommended for preventive intelligence.,True,v1.0.0-xgb-dbscan,15.3647,75.124,2026-09-19 16:06:01.751619+00:00,2026-09-19 16:06:01.751619+00:00,Analytical alert — authorized human review required. Does not establish criminal activity.,
ALT-000493,WITHDRAWAL_HOTSPOT,HIGH,NEW,,HS-17,39.0,0.39,24.0,Historical Cashout Pattern,2026-01-06 01:36:16,2026-08-19 21:40:37,Analytical cluster HS-17 contains 24 correlated cashout withdrawal events. Authorized review recommended for preventive intelligence.,True,v1.0.0-xgb-dbscan,10.3673,77.9803,2026-09-19 16:06:01.752625+00:00,2026-09-19 16:06:01.752625+00:00,Analytical alert — authorized human review required. Does not establish criminal activity.,
ALT-000494,WITHDRAWAL_HOTSPOT,HIGH,NEW,,HS-18,40.0,0.3967,27.0,Historical Cashout Pattern,2026-01-06 15:36:07,2026-08-19 08:46:04,Analytical cluster HS-18 contains 27 correlated cashout withdrawal events. Authorized review recommended for preventive intelligence.,True,v1.0.0-xgb-dbscan,13.6288,79.4192,2026-09-19 16:06:01.753631+00:00,2026-09-19 16:06:01.753631+00:00,Analytical alert — authorized human review required. Does not establish criminal activity.,
ALT-000495,WITHDRAWAL_HOTSPOT,HIGH,NEW,,HS-19,34.0,0.335,27.0,Historical Cashout Pattern,2026-01-07 00:32:35,2026-08-26 23:29:11,Analytical cluster HS-19 contains 27 correlated cashout withdrawal events. Authorized review recommended for preventive intelligence.,True,v1.0.0-xgb-dbscan,8.5241,76.9366,2026-09-19 16:06:01.753631+00:00,2026-09-19 16:06:01.753631+00:00,Analytical alert — authorized human review required. Does not establish criminal activity.,
ALT-000496,WITHDRAWAL_HOTSPOT,HIGH,NEW,,HS-20,33.0,0.3333,36.0,Historical Cashout Pattern,2026-01-07 01:29:14,2026-08-15 04:20:28,Analytical cluster HS-20 contains 36 correlated cashout withdrawal events. Authorized review recommended for preventive intelligence.,True,v1.0.0-xgb-dbscan,16.3067,80.4365,2026-09-19 16:06:01.754625+00:00,2026-09-19 16:06:01.754625+00:00,Analytical alert — authorized human review required. Does not establish criminal activity.,
ALT-000497,WITHDRAWAL_HOTSPOT,HIGH,NEW,,HS-21,36.0,0.36,22.0,Historical Cashout Pattern,2026-01-07 12:05:39,2026-08-05 09:32:29,Analytical cluster HS-21 contains 22 correlated cashout withdrawal events. Authorized review recommended for preventive intelligence.,True,v1.0.0-xgb-dbscan,11.6643,78.146,2026-09-19 16:06:01.755628+00:00,2026-09-19 16:06:01.755628+00:00,Analytical alert — authorized human review required. Does not establish criminal activity.,
ALT-000498,WITHDRAWAL_HOTSPOT,HIGH,NEW,,HS-22,26.0,0.255,22.0,Historical Cashout Pattern,2026-01-07 21:00:12,2026-08-29 05:37:16,Analytical cluster HS-22 contains 22 correlated cashout withdrawal events. Authorized review recommended for preventive intelligence.,True,v1.0.0-xgb-dbscan,10.7867,76.6548,2026-09-19 16:06:01.755628+00:00,2026-09-19 16:06:01.755628+00:00,Analytical alert — authorized human review required. Does not establish criminal activity.,
ALT-000499,WITHDRAWAL_HOTSPOT,HIGH,NEW,,HS-23,34.0,0.345,21.0,Historical Cashout Pattern,2026-01-08 03:30:25,2026-08-29 16:43:14,Analytical cluster HS-23 contains 21 correlated cashout withdrawal events. Authorized review recommended for preventive intelligence.,True,v1.0.0-xgb-dbscan,9.4981,76.3388,2026-09-19 16:06:01.757628+00:00,2026-09-19 16:06:01.757628+00:00,Analytical alert — authorized human review required. Does not establish criminal activity.,
ALT-000500,WITHDRAWAL_HOTSPOT,HIGH,NEW,,HS-24,30.0,0.3,30.0,Historical Cashout Pattern,2026-01-09 00:37:00,2026-08-30 21:20:57,Analytical cluster HS-24 contains 30 correlated cashout withdrawal events. Authorized review recommended for preventive intelligence.,True,v1.0.0-xgb-dbscan,14.4674,78.8241,2026-09-19 16:06:01.758627+00:00,2026-09-19 16:06:01.758627+00:00,Analytical alert — authorized human review required. Does not establish criminal activity.,
ALT-000501,WITHDRAWAL_HOTSPOT,HIGH,NEW,,HS-25,37.0,0.374,30.0,Historical Cashout Pattern,2026-01-09 08:40:27,2026-08-21 23:47:48,Analytical cluster HS-25 contains 30 correlated cashout withdrawal events. Authorized review recommended for preventive intelligence.,True,v1.0.0-xgb-dbscan,15.8281,78.0373,2026-09-19 16:06:01.759631+00:00,2026-09-19 16:06:01.759631+00:00,Analytical alert — authorized human review required. Does not establish criminal activity.,
ALT-000502,WITHDRAWAL_HOTSPOT,HIGH,NEW,,HS-26,32.0,0.3233,19.0,Historical Cashout Pattern,2026-01-09 15:08:38,2026-08-28 06:22:09,Analytical cluster HS-26 contains 19 correlated cashout withdrawal events. Authorized review recommended for preventive intelligence.,True,v1.0.0-xgb-dbscan,8.7139,77.7567,2026-09-19 16:06:01.759631+00:00,2026-09-19 16:06:01.759631+00:00,Analytical alert — authorized human review required. Does not establish criminal activity.,
ALT-000503,WITHDRAWAL_HOTSPOT,HIGH,NEW,,HS-27,30.0,0.3,18.0,Historical Cashout Pattern,2026-01-10 13:24:34,2026-08-27 03:57:58,Analytical cluster HS-27 contains 18 correlated cashout withdrawal events. Authorized review recommended for preventive intelligence.,True,v1.0.0-xgb-dbscan,15.1394,76.9214,2026-09-19 16:06:01.760635+00:00,2026-09-19 16:06:01.760635+00:00,Analytical alert — authorized human review required. Does not establish criminal activity.,
ALT-000504,WITHDRAWAL_HOTSPOT,HIGH,NEW,,HS-28,40.0,0.3975,18.0,Historical Cashout Pattern,2026-01-12 02:49:15,2026-08-15 22:44:22,Analytical cluster HS-28 contains 18 correlated cashout withdrawal events. Authorized review recommended for preventive intelligence.,True,v1.0.0-xgb-dbscan,12.9165,79.1325,2026-09-19 16:06:01.761636+00:00,2026-09-19 16:06:01.761636+00:00,Analytical alert — authorized human review required. Does not establish criminal activity.,
ALT-000505,WITHDRAWAL_HOTSPOT,HIGH,NEW,,HS-29,12.0,0.12,16.0,Historical Cashout Pattern,2026-01-13 01:15:16,2026-08-09 14:39:58,Analytical cluster HS-29 contains 16 correlated cashout withdrawal events. Authorized review recommended for preventive intelligence.,True,v1.0.0-xgb-dbscan,12.9141,74.856,2026-09-19 16:06:01.762651+00:00,2026-09-19 16:06:01.762651+00:00,Analytical alert — authorized human review required. Does not establish criminal activity.,
ALT-000506,WITHDRAWAL_HOTSPOT,HIGH,NEW,,HS-30,28.0,0.278,31.0,Historical Cashout Pattern,2026-01-13 07:58:50,2026-08-18 09:40:15,Analytical cluster HS-30 contains 31 correlated cashout withdrawal events. Authorized review recommended for preventive intelligence.,True,v1.0.0-xgb-dbscan,16.9891,81.784,2026-09-19 16:06:01.762651+00:00,2026-09-19 16:06:01.762651+00:00,Analytical alert — authorized human review required. Does not establish criminal activity.,
ALT-000507,WITHDRAWAL_HOTSPOT,HIGH,NEW,,HS-31,36.0,0.365,26.0,Historical Cashout Pattern,2026-01-13 11:22:26,2026-08-29 21:16:57,Analytical cluster HS-31 contains 26 correlated cashout withdrawal events. Authorized review recommended for preventive intelligence.,True,v1.0.0-xgb-dbscan,12.9716,77.5946,2026-09-19 16:06:01.764673+00:00,2026-09-19 16:06:01.764673+00:00,Analytical alert — authorized human review required. Does not establish criminal activity.,
ALT-000508,WITHDRAWAL_HOTSPOT,HIGH,NEW,,HS-32,15.0,0.15,20.0,Historical Cashout Pattern,2026-01-13 12:52:28,2026-08-31 20:43:06,Analytical cluster HS-32 contains 20 correlated cashout withdrawal events. Authorized review recommended for preventive intelligence.,True,v1.0.0-xgb-dbscan,11.051,76.0711,2026-09-19 16:06:01.765659+00:00,2026-09-19 16:06:01.765659+00:00,Analytical alert — authorized human review required. Does not establish criminal activity.,
ALT-000509,WITHDRAWAL_HOTSPOT,HIGH,NEW,,HS-33,44.0,0.44,22.0,Historical Cashout Pattern,2026-01-14 02:06:10,2026-08-16 06:40:51,Analytical cluster HS-33 contains 22 correlated cashout withdrawal events. Authorized review recommended for preventive intelligence.,True,v1.0.0-xgb-dbscan,14.6819,77.6006,2026-09-19 16:06:01.765659+00:00,2026-09-19 16:06:01.765659+00:00,Analytical alert — authorized human review required. Does not establish criminal activity.,
ALT-000510,WITHDRAWAL_HOTSPOT,HIGH,NEW,,HS-34,20.0,0.2033,15.0,Historical Cashout Pattern,2026-01-19 08:15:25,2026-08-26 20:13:54,Analytical cluster HS-34 contains 15 correlated cashout withdrawal events. Authorized review recommended for preventive intelligence.,True,v1.0.0-xgb-dbscan,8.8932,76.6141,2026-09-19 16:06:01.766664+00:00,2026-09-19 16:06:01.766664+00:00,Analytical alert — authorized human review required. Does not establish criminal activity.,
ALT-000511,WITHDRAWAL_HOTSPOT,HIGH,NEW,,HS-35,23.0,0.2343,23.0,Historical Cashout Pattern,2026-01-21 03:11:39,2026-08-30 06:27:55,Analytical cluster HS-35 contains 23 correlated cashout withdrawal events. Authorized review recommended for preventive intelligence.,True,v1.0.0-xgb-dbscan,13.0827,80.2707,2026-09-19 16:06:01.767659+00:00,2026-09-19 16:06:01.767659+00:00,Analytical alert — authorized human review required. Does not establish criminal activity.,
ALT-000512,WITHDRAWAL_HOTSPOT,HIGH,NEW,,HS-36,29.0,0.2925,24.0,Historical Cashout Pattern,2026-01-22 11:29:21,2026-08-30 19:17:07,Analytical cluster HS-36 contains 24 correlated cashout withdrawal events. Authorized review recommended for preventive intelligence.,True,v1.0.0-xgb-dbscan,15.8497,74.4977,2026-09-19 16:06:01.768657+00:00,2026-09-19 16:06:01.768657+00:00,Analytical alert — authorized human review required. Does not establish criminal activity.,
ALT-000513,WITHDRAWAL_HOTSPOT,HIGH,NEW,,HS-37,33.0,0.3271,37.0,Historical Cashout Pattern,2026-01-23 12:52:23,2026-08-29 23:00:49,Analytical cluster HS-37 contains 37 correlated cashout withdrawal events. Authorized review recommended for preventive intelligence.,True,v1.0.0-xgb-dbscan,17.3297,76.8343,2026-09-19 16:06:01.769657+00:00,2026-09-19 16:06:01.769657+00:00,Analytical alert — authorized human review required. Does not establish criminal activity.,
ALT-000514,WITHDRAWAL_HOTSPOT,HIGH,NEW,,HS-38,33.0,0.33,20.0,Historical Cashout Pattern,2026-02-21 14:03:57,2026-08-27 07:47:27,Analytical cluster HS-38 contains 20 correlated cashout withdrawal events. Authorized review recommended for preventive intelligence.,True,v1.0.0-xgb-dbscan,17.6868,83.2185,2026-09-19 16:06:01.770657+00:00,2026-09-19 16:06:01.770657+00:00,Analytical alert — authorized human review required. Does not establish criminal activity.,
ALT-000515,WITHDRAWAL_HOTSPOT,HIGH,NEW,,HS-39,37.0,0.3717,21.0,Historical Cashout Pattern,2026-03-11 08:09:02,2026-08-14 07:57:36,Analytical cluster HS-39 contains 21 correlated cashout withdrawal events. Authorized review recommended for preventive intelligence.,True,v1.0.0-xgb-dbscan,16.5062,80.648,2026-09-19 16:06:01.771658+00:00,2026-09-19 16:06:01.771658+00:00,Analytical alert — authorized human review required. Does not establish criminal activity.,
ALT-000516,CRITICAL_RISK_LOCATION,CRITICAL,NEW,SYNTH_DEMO_CRIT_001,,91.0,0.91,1.0,INVESTMENT_SCAM,2026-09-19 16:06:01,2026-09-19 16:06:01,CRITICAL predictive withdrawal probability (91%) detected in Bengaluru Central. Prioritize authorized human analytical review.,True,v1.0.0-xgb-calibrated,12.9716,77.5946,2026-09-19 16:06:01.772657+00:00,2026-09-19 16:06:01.772657+00:00,Analytical alert — authorized human review required. Does not establish criminal activity.,
ALT-000517,HOTSPOT_CRITICAL_RISK,CRITICAL,NEW,,HS-99,88.0,0.885,48.0,Clustered Incidents,2026-08-01 00:00:00,2026-08-31 23:59:59,"Analytical spatial cluster HS-99 exhibits critical aggregate predictive withdrawal risk (avg score 88.5, 48 events). Authorized human review required.",True,v1.0.0-xgb-dbscan,13.0358,77.597,2026-09-19 16:06:01.773660+00:00,2026-09-19 16:06:01.773660+00:00,Analytical alert — authorized human review required. Does not establish criminal activity.,
ALT-INVALID-TRANSITION,HIGH_RISK_LOCATION,HIGH,ACKNOWLEDGED,,,70.0,,,,,,,True,,,,2026-09-19T16:19:23.148385+00:00,2026-09-19T16:20:58.980806+00:00,Analytical alert — authorized human review required. Does not establish criminal activity.,
